text,post_type

หัวปากกาipadค้าบบ 198฿ ต้องมารับเองหลังมอซอย2น้า รับในมอวันจันทร์นะคะ เหลือ1,3
หัวปากกาipadค้าบบ 198฿ ต้องมารับเองหลังมอซอย2น้า รับในมอวันจันทร์นะคะ เหลือ1,3
สวัสดีค่ะ น้องๆพี่ๆ ชาวมจพทุกคน ตอนนี้เราเพิ่มช่องทางการติดต่อเพิ่มอีก 1 ช่องทางแล้วค่ะ นั่นก็คือ ทาง Line ค่ะ ทุกคนสามารถติดตามกิจกรรมที่จะมีในปี 2566 นี้ได้อ… See more,3
สวัสดีค่ะ น้องๆพี่ๆ ชาวมจพทุกคน ตอนนี้เราเพิ่มช่องทางการติดต่อเพิ่มอีก 1 ช่องทางแล้วค่ะ นั่นก็คือ ทาง Line ค่ะ ทุกคนสามารถติดตามกิจกรรมที่จะมีในปี 2566 นี้ได้อ… See more,3
เสื้อพละไซส์ L 100฿ นัดรับในมอคับ ทักมาเล้ย ขายแล้ว,3
ภาพบรรยากาศในงาน Jobfair ของมหาวิทยาลัยเทคโนโลยีพระจอมเกล้าพระนครเหนือ วันที่ 19 มกราคม 2023 มาพบกับพวกเราไดกิ้น คอมเพรสเซอร์ อินดัสทรีย์ได้ที่ ตึก 81 คณะวิศวกรรมศาสตร์ วันที่ 1920 มกราคม 2023 วันที่ 1920 มกราคม 2023,3
ภาพบรรยากาศในงาน Jobfair ของมหาวิทยาลัยเทคโนโลยีพระจอมเกล้าพระนครเหนือ วันที่ 19 มกราคม 2023 มาพบกับพวกเราไดกิ้น คอมเพรสเซอร์ อินดัสทรีย์ได้ที่ ตึก 81 คณะ… See more,3
เสื้อพละไซส์ L 100฿ นัดรับในมอคับ ทักมาเล้ย ขายแล้ว,3
ภาพบรรยากาศในงาน Jobfair ของมหาวิทยาลัยเทคโนโลยีพระจอมเกล้าพระนครเหนือ วันที่ 19 มกราคม 2023 มาพบกับพวกเราไดกิ้น คอมเพรสเซอร์ อินดัสทรีย์ได้ที่ ตึก 81 คณะวิศวกรรมศาสตร์ วันที่ 1920 มกราคม 2023 วันที่ 1920 มกราคม 2023,3
ภาพบรรยากาศในงาน Jobfair ของมหาวิทยาลัยเทคโนโลยีพระจอมเกล้าพระนครเหนือ วันที่ 19 มกราคม 2023 มาพบกับพวกเราไดกิ้น คอมเพรสเซอร์ อินดัสทรีย์ได้ที่ ตึก 81 คณะ… See more,3
ขายสัญญาคอนโด AspireWongsawang ติดmrt วงศ์สว่าง จาก14000 เหลือ10000 ค่าไฟ ค่าน้ำ มาตรฐานค่าห้องเดือนละ 7000 มีเครื่องซักผ้า มีตู้เย็น ทำกับข้าวได้ สัญญาสิ้นสุดวันที่ 7052566 สามารถเข้าอยู่ได้ทันที,3
ภาพบรรยากาศในงาน Jobfair ของมหาวิทยาลัยเทคโนโลยีพระจอมเกล้าพระนครเหนือ วันที่ 19 มกราคม 2023 มาพบกับพวกเราไดกิ้น คอมเพรสเซอร์ อินดัสทรีย์ได้ที่ ตึก 81 คณะวิศวกรรมศาสตร์ วันที่ 1920 มกราคม 2023 วันที่ 1920 มกราคม 2023,3
ภาพบรรยากาศในงาน Jobfair ของมหาวิทยาลัยเทคโนโลยีพระจอมเกล้าพระนครเหนือ วันที่ 19 มกราคม 2023 มาพบกับพวกเราไดกิ้น คอมเพรสเซอร์ อินดัสทรีย์ได้ที่ ตึก 81 คณะ… See more,3
ขายสัญญาคอนโด AspireWongsawang ติดmrt วงศ์สว่าง จาก14000 เหลือ10000 ค่าไฟ ค่าน้ำ มาตรฐานค่าห้องเดือนละ 7000 มีเครื่องซักผ้า มีตู้เย็น ทำกับข้าวได้ สัญญาสิ้นสุดวันที่ 7052566 สามารถเข้าอยู่ได้ทันที,3
ใครลืมโทรศัพท์ทิ้งไว้ตรงที่นั่งสวนปาล์ม เจอช่วงเวลา 1800 วันศุกร์ ติดต่อมาที่ผมหรือติดต่อที่ตึกคณะสถาปัตยกรรมได้เลยนะครับ เก็บน้องไว้ให้แล้ว,3
Update เจอตัวแล้วนะครับอยู่ๆก็กลับมาเองขอบคุณทุกคนมากครับ มีใครพบเห็นแมวส้มไหมครับ ชื่อ จู๋ ครับอยู่แถวหมู่บ้าน สิรีนพาร์ค 2 ถ้าพบเห็นโปรดแจ้งหน่อยนะครับขอบคุณครับ,3
ขายสัญญาหอ Ulife Prime ตึก 4 ชั้น 8 ค่าสัญญา 10000 บาท ค่าหอเดือนละ 7200 บาท หมดสัญญา 31 พฤษภาคม 2566 สามารถเข้าอยู่ได้ต้นเดือนกุมภาพันธ์ ห้อ… See more,3
ใครลืมโทรศัพท์ทิ้งไว้ตรงที่นั่งสวนปาล์ม เจอช่วงเวลา 1800 วันศุกร์ ติดต่อมาที่ผมหรือติดต่อที่ตึกคณะสถาปัตยกรรมได้เลยนะครับ เก็บน้องไว้ให้แล้ว,3
Update เจอตัวแล้วนะครับอยู่ๆก็กลับมาเองขอบคุณทุกคนมากครับ มีใครพบเห็นแมวส้มไหมครับ ชื่อ จู๋ ครับอยู่แถวหมู่บ้าน สิรีนพาร์ค 2 ถ้าพบเห็นโปรดแจ้งหน่อยนะครับขอบคุณครับ,3
ขายสัญญาหอ Ulife Prime ตึก 4 ชั้น 8 ค่าสัญญา 10000 บาท ค่าหอเดือนละ 7200 บาท หมดสัญญา 31 พฤษภาคม 2566 สามารถเข้าอยู่ได้ต้นเดือนกุมภาพันธ์ ห้อ… See more,3
ขายค่ะ อะเดปเตอร์หูฟัง USBC ใช้กับไอแพดair 4air 5 ได้นะคะ ซื้อมาเกินค่ะเลยไม่ได้ใช้แต่มีการแกะกล่องดูของก่อนแล้ว ของแท้แน่นอนซื้อจากช็อปของแอปเปิ้ลเลยค่ะ ราคา 370 บาทค่ะ นัดรับตึก 40ปี หรือตึก52 กับ44 ได้ค่ะ,3
ขายสัญญาหอ Ulife Prime ตึก 4 ชั้น 8 ค่าสัญญา 10000 บาท ค่าหอเดือนละ 7200 บาท หมดสัญญา 31 พฤษภาคม 2566 สามารถเข้าอยู่ได้ต้นเดือนกุมภาพันธ์ ห้อ… See more,3
ขายค่ะ อะเดปเตอร์หูฟัง USBC ใช้กับไอแพดair 4air 5 ได้นะคะ ซื้อมาเกินค่ะเลยไม่ได้ใช้แต่มีการแกะกล่องดูของก่อนแล้ว ของแท้แน่นอนซื้อจากช็อปของแอปเปิ้ลเลยค่ะ ราคา 370 บาทค่ะ นัดรับตึก 40ปี หรือตึก52 กับ44 ได้ค่ะ,3
Engineering KMUTNB Super HiTech Job Fair 2023 ไหนใครกำลังมองหางานบ้างงง บริษัท ทีอาร์ซี คอนสตรัคชั่น จำกัด มหาชน บริษัท สหการวิศวกร จำกัด จะมีจ๊อบแฟร์รับสมัครผู้สนใจกันถึงพระจอมเกล้าพระนครเหนือ ณ ชั้น 1 อาคาร 81 คณะวิศวกรรมศาสตร์ มหาวิทยาลัยเทคโนโลยีพระจอมเกล้าพระนครเหนือ  See more,3
ขอคำแนะนำหน่อยค่ะ ว่าการเรียนเป็นอย่างไรบ้างคะ,3
แบ่งขายหัวปากกาหัวละ230บาทของแท้จากศูนย์ นัดรับได้ในมอและหลังมอครับ,3
Engineering KMUTNB Super HiTech Job Fair 2023 ไหนใครกำลังมองหางานบ้างงง บริษัท ทีอาร์ซี คอนสตรัคชั่น จำกัด มหาชน บริษัท สหการวิศวกร จำกัด จะมีจ๊อบแฟร์รับสมัครผู้สนใจกันถึงพระจอมเกล้าพระนครเหนือ ณ ชั้น 1 อาคาร 81 คณะวิศวกรรมศาสตร์ มหาวิทยาลัยเทคโนโลยีพระจอมเกล้าพระนครเหนือ  See more,3
ขอคำแนะนำหน่อยค่ะ ว่าการเรียนเป็นอย่างไรบ้างคะ,3
แบ่งขายหัวปากกาหัวละ230บาทของแท้จากศูนย์ นัดรับได้ในมอและหลังมอครับ,3
มีใครทำตกไว้มั้ยคะแถวๆหน้าห้องสมุด เราฝากไว้กับพี่เจ้าหน้าที่ห้องสมุดชั้น7นะคะ,3
ปล่อยสัญญา ขายประกันหอ หอพักสมาร์ทเพลส ชั้น 5 อยู่หลังมอ เดิน 5 นาทีถึง จ่ายเข้า 10000 ออกค่าเปลี่ยนสัญญาให้ ตอนออกได้คืน 12000 ค่าห้องเดือนละ4900รวมค่าเน็ตห้องละเราเตอร์… See more,3
แบ่งขายหัวปากกาหัวละ230บาทของแท้จากศูนย์ นัดรับได้ในมอและหลังมอครับ,3
มีใครทำตกไว้มั้ยคะแถวๆหน้าห้องสมุด เราฝากไว้กับพี่เจ้าหน้าที่ห้องสมุดชั้น7นะคะ,3
ปล่อยสัญญา ขายประกันหอ หอพักสมาร์ทเพลส ชั้น 5 อยู่หลังมอ เดิน 5 นาทีถึง จ่ายเข้า 10000 ออกค่าเปลี่ยนสัญญาให้ ตอนออกได้คืน 12000 ค่าห้องเดือนละ4900รวมค่าเน็ตห้องละเราเตอร์… See more,3
เจอบัตรนักศึกษานะคะ ของใครหายเราฝากไว้กับป้อมยามแถวตึกวิศวะนะคะ,3
ขายพัดลม Hatari T12M2 ใบ 12 สีพีช ของใหม่ ยังไม่แกะกล่อง ราคา 500 บาท นัดรับหลังมอ หรือ ในมอ,3
วิศวขนถ่ายวัสดุqr code มันกลับหัวอะคับ เข้ากลุ่มไลน์สัมไม่ได้ มีพี่คนไหนช่วยได้มั้ยคับ ผมลองติดต่อไปแล้วเขายังไม่ตอบเลย,3
ปล่อยสัญญา ขายประกันหอ หอพักสมาร์ทเพลส ชั้น 5 อยู่หลังมอ เดิน 5 นาทีถึง จ่ายเข้า 10000 ออกค่าเปลี่ยนสัญญาให้ ตอนออกได้คืน 12000 ค่าห้องเดือนละ4900รวมค่าเน็ตห้องละเราเตอร์… See more,3
เจอบัตรนักศึกษานะคะ ของใครหายเราฝากไว้กับป้อมยามแถวตึกวิศวะนะคะ,3
ขายพัดลม Hatari T12M2 ใบ 12 สีพีช ของใหม่ ยังไม่แกะกล่อง ราคา 500 บาท นัดรับหลังมอ หรือ ในมอ,3
วิศวขนถ่ายวัสดุqr code มันกลับหัวอะคับ เข้ากลุ่มไลน์สัมไม่ได้ มีพี่คนไหนช่วยได้มั้ยคับ ผมลองติดต่อไปแล้วเขายังไม่ตอบเลย,3
รบกวนหน่อยครับ ใครเห็นหูฟังแบบในรูป รบกวนเก็บคืนให้หน่อยนะครับ โซนหน้ามอ ตึก6265 ลานมะเร็ง ติดต่อกลับมาในเฟสนี้นะครับ หรือเบอร์ 0832491670,3
ใครเจอหูฟัง marshall หายไปข้างนึง ช่วยติดต่อเรากลับด้วยน้า บริเวณที่ไปและคาดว่าจะตก ที่โรงอาหาร Ustore สนามลอยฟ้า และที่คณะสถาปัต ขอบพระคุณอย่างสูงค่ะ,3
ส่งต่อเครื่องคิดเลขงับ ฿450 นัดรับหลังมอได้งับ,3
ขายแล้วครับ ขออนุญาติขายตู้เย็นนะครับ ราคา 950 บาท สภาพเก่าหน่อย แต่ใช้งานได้ดีครับ อยู่หมู่บ้านสิรินพาร์ค 2 มายกไปได้เลย พอดีจะย้ายออกแล้วไม่อยากขนกลับครับ,3
รบกวนหน่อยครับ ใครเห็นหูฟังแบบในรูป รบกวนเก็บคืนให้หน่อยนะครับ โซนหน้ามอ ตึก6265 ลานมะเร็ง ติดต่อกลับมาในเฟสนี้นะครับ หรือเบอร์ 0832491670,3
ใครเจอหูฟัง marshall หายไปข้างนึง ช่วยติดต่อเรากลับด้วยน้า บริเวณที่ไปและคาดว่าจะตก ที่โรงอาหาร Ustore สนามลอยฟ้า และที่คณะสถาปัต ขอบพระคุณอย่างสูงค่ะ,3
ส่งต่อเครื่องคิดเลขงับ ฿450 นัดรับหลังมอได้งับ,3
ขายแล้วครับ ขออนุญาติขายตู้เย็นนะครับ ราคา 950 บาท สภาพเก่าหน่อย แต่ใช้งานได้ดีครับ อยู่หมู่บ้านสิรินพาร์ค 2 มายกไปได้เลย พอดีจะย้ายออกแล้วไม่อยากขนกลับครับ,3
ปล่อยสัญญา ขายประกันหอ หอพักสมาร์ทเพลส ชั้น 5 อยู่หลังมอ เดิน 5 นาทีถึง จ่ายเข้า 10000 ออกค่าเปลี่ยนสัญญาให้ ตอนออกได้คืน 12000 ค่าห้องเดือนละ4900รวมค่าเน็ตห้องละเราเตอร์… See more,3
เพราะ บุญ อยู่เบื้องหลังความสุข และความสำเร็จของชีวิต เริ่มต้นดี ชีวิตมีแต่ปังงง เชิญชวนทุกท่านมาสั่งสมบุญ ตักบาตรปีใหม่ ครั้งแรกของปี 2566 เติมบุญ เติม… See more,3
ใครเห็นAirPods ของ Jame บ้างครับงืออ ใส่เคสใส่พวงกุญแจสีแดง,3
ปล่อยสัญญา ขายประกันหอ หอพักสมาร์ทเพลส ชั้น 5 อยู่หลังมอ เดิน 5 นาทีถึง จ่ายเข้า 10000 ออกค่าเปลี่ยนสัญญาให้ ตอนออกได้คืน 12000 ค่าห้องเดือนละ4900รวมค่าเน็ตห้องละเราเตอร์… See more,3
เพราะ บุญ อยู่เบื้องหลังความสุข และความสำเร็จของชีวิต เริ่มต้นดี ชีวิตมีแต่ปังงง เชิญชวนทุกท่านมาสั่งสมบุญ ตักบาตรปีใหม่ ครั้งแรกของปี 2566 เติมบุญ เติม… See more,3
ใครเห็นAirPods ของ Jame บ้างครับงืออ ใส่เคสใส่พวงกุญแจสีแดง,3
ใครทำตกไว้ตรงบ่อเต่าเอาฝากไว้ที่ป้อมยามใกล้ๆไว้ให้แล้วค่ะ,3
ขออนุญาต ค่ะ ตอนนี้มีห้องหลุดจอง สนใจติดต่อ ได้ค่ะราคา 5300 บาทต่อเดือน,3
พบโทรศัพท์วางอยู่บนเบาะรถทะเบียนในรูป สามารถติดต่อรับได้ที่ร้านอาหารหน้าหอสุนทรีย์ แมนชั่นนะคะ,3
ใครเห็นAirPods ของ Jame บ้างครับงืออ ใส่เคสใส่พวงกุญแจสีแดง,3
ใครทำตกไว้ตรงบ่อเต่าเอาฝากไว้ที่ป้อมยามใกล้ๆไว้ให้แล้วค่ะ,3
ขออนุญาต ค่ะ ตอนนี้มีห้องหลุดจอง สนใจติดต่อ ได้ค่ะราคา 5300 บาทต่อเดือน,3
พบโทรศัพท์วางอยู่บนเบาะรถทะเบียนในรูป สามารถติดต่อรับได้ที่ร้านอาหารหน้าหอสุนทรีย์ แมนชั่นนะคะ,3
มีตู้เย็น 21 คิวว่างให้เช่านะคะ เดือนละ 170 บาท ส่งให้ถึงหอวันอาทิตย์ช่วงเย็น ไม่มีมัดจำค่ะ สนใจ inbox มาสอบถามก่อนได้นะคะ,3
เจ้าหน้าที่ฝากมา บัตรใครลืมไว้ที่ ยิมใต้สนามบอล มารับคืนได้นะครับ,3
ประกาศรายชื่อแล้วน้า,3
มาแล้วค้าบ สำหรับรายชื่อผู้ผ่านการคัดเลือกค่ายอมยิ้มแสนหวานประจำปีการศึกษา2565 ขอแสดงความยินดีกับทุกคนที่ได้ไปร่วมค่ายกับพวกเรา ส่วนคนที่ไม่ผ่านการคัดเลือกค่… See more,3
พบโทรศัพท์วางอยู่บนเบาะรถทะเบียนในรูป สามารถติดต่อรับได้ที่ร้านอาหารหน้าหอสุนทรีย์ แมนชั่นนะคะ,3
มีตู้เย็น 21 คิวว่างให้เช่านะคะ เดือนละ 170 บาท ส่งให้ถึงหอวันอาทิตย์ช่วงเย็น ไม่มีมัดจำค่ะ สนใจ inbox มาสอบถามก่อนได้นะคะ,3
เจ้าหน้าที่ฝากมา บัตรใครลืมไว้ที่ ยิมใต้สนามบอล มารับคืนได้นะครับ,3
ประกาศรายชื่อแล้วน้า,3
มาแล้วค้าบ สำหรับรายชื่อผู้ผ่านการคัดเลือกค่ายอมยิ้มแสนหวานประจำปีการศึกษา2565 ขอแสดงความยินดีกับทุกคนที่ได้ไปร่วมค่ายกับพวกเรา ส่วนคนที่ไม่ผ่านการคัดเลือกค่… See more,3
ขออนุญาตแอดมินนะคะ ขายเซ็ท รับปริญญา ใส่ 1 ครั้งราคา ตามภาพเลยค่า เสื้อ ไซต์ 40 พร้อมกระดุม และเครื่องหมาย 100 บาท… See more,3
มีใครลืมกุญแจไว้ที่ โรงอาหาร40มั้ยคะ โต๊ะแถวๆร้านอาหารอิสลามค่ะ ถ้ามีเจ้าของติดต่อมานะคะ พอดีเราเก็บไว้ให้ค่ะ,3
ขายเครื่องคิดเลข deli d82es plus ราคาเดิม 599 ลดเหลือ 400 บาทค่ะ,3
มี Resume ของตัวเองกันหรือยัง ถ้ายัง Super Resume ช่วยคุณได้ เตรียม Resume ให้พร้อมแล้วไปงาน ENG KMUTNB Super HiTech Job fair 2023 กันเถอะ เพราะเราไม่อยากให้ทุกคนต้องพลาดโอกาส ส่งสมัครงานก่อน มีโอกาสถูกเรียกสัมภาษณ์ก่อน ไ… See more,3
ท่านใดลืมกุญแจรถไว้ที่ลานมะเร็ง วทอ ติดต่อรับได้ที่ป้อมยามหน้าตึกสถาปัตย์นะครับ,3
ขออนุญาตแอดมินนะคะ ขายเซ็ท รับปริญญา ใส่ 1 ครั้งราคา ตามภาพเลยค่า เสื้อ ไซต์ 40 พร้อมกระดุม และเครื่องหมาย 100 บาท… See more,3
มีใครลืมกุญแจไว้ที่ โรงอาหาร40มั้ยคะ โต๊ะแถวๆร้านอาหารอิสลามค่ะ ถ้ามีเจ้าของติดต่อมานะคะ พอดีเราเก็บไว้ให้ค่ะ,3
ขายเครื่องคิดเลข deli d82es plus ราคาเดิม 599 ลดเหลือ 400 บาทค่ะ,3
มี Resume ของตัวเองกันหรือยัง ถ้ายัง Super Resume ช่วยคุณได้ เตรียม Resume ให้พร้อมแล้วไปงาน ENG KMUTNB Super HiTech Job fair 2023 กันเถอะ เพราะเราไม่อยากให้ทุกคนต้องพลาดโอกาส ส่งสมัครงานก่อน มีโอกาสถูกเรียกสัมภาษณ์ก่อน ไ… See more,3
ท่านใดลืมกุญแจรถไว้ที่ลานมะเร็ง วทอ ติดต่อรับได้ที่ป้อมยามหน้าตึกสถาปัตย์นะครับ,3
ข่าวดีสำหรับน้องๆที่มีความสามารถในการพูด และมีความกล้าแสดงออก ทางชุมนุมวิชาการและสันทนาการเปิดรับสมัครมือไมค์ รับสมัครนักศึกษาคณะวิศวกรรมศาสตร์ ที่มีคุณสมบั… See more,3
ท่านใดลืมกุญแจรถไว้ที่ลานมะเร็ง วทอ ติดต่อรับได้ที่ป้อมยามหน้าตึกสถาปัตย์นะครับ,3
ข่าวดีสำหรับน้องๆที่มีความสามารถในการพูด และมีความกล้าแสดงออก ทางชุมนุมวิชาการและสันทนาการเปิดรับสมัครมือไมค์ รับสมัครนักศึกษาคณะวิศวกรรมศาสตร์ ที่มีคุณสมบั… See more,3
เปิดรับสมัครค่ายใหม่แล้วน้ารับทุกคณะ กดที่ลิงก์ได้เลย ,3
ปล่อยเช่าแล้วจ้า แนะนำห้องว่างจ้า พร้อมอยู่ ราคา 6000 บาทเดือน คอนโดลุมพินี นครอินทร์พระราม5 … See more,3
เจออยู่ตึก62 ชั้น8ครับ,3
เปิดรับสมัครค่ายใหม่แล้วน้ารับทุกคณะ กดที่ลิงก์ได้เลย ,3
ปล่อยเช่าแล้วจ้า แนะนำห้องว่างจ้า พร้อมอยู่ ราคา 6000 บาทเดือน คอนโดลุมพินี นครอินทร์พระราม5 … See more,3
เจออยู่ตึก62 ชั้น8ครับ,3
ตามหาเครื่องคิดเลข CASIO รุ่น fx991EX ราคาเบาๆครับ ขอบคุณล่วงหน้าครับ,3
ขออนุญาติครับ ขายเครื่องลดความชื้นมือ2 สภาพใหม่เอี่ยม ใช้งานแค่1ครั้ง,3
ตามหาเครื่องคิดเลข CASIO รุ่น fx991EX ราคาเบาๆครับ ขอบคุณล่วงหน้าครับ,3
ขออนุญาติครับ ขายเครื่องลดความชื้นมือ2 สภาพใหม่เอี่ยม ใช้งานแค่1ครั้ง,3
ไอแพด ของใครลืมไว้ ที่ห้องปฏิบัติการฟิสิกส์ แล็ปฟิสิกส์ มารับได้ในวันพรุ่งนี้ ตั้งแต่ 0800น นะครับ,3
ให้เช่า คอนโด รีเจ้นท์ โฮม บางซ่อน เฟส27 ห่าง 300มจาก mrt บางซ่อน ขนาด 28 ตรม สัญญา 1ปี มัดจำ 2เดือน เช่า6500บาทเดือน แอร์ เฟอร์ ทีวี ตู้เย็น เครื่องซักผ้า ที่จอดรถ ค่าไฟจ่ายตรงการไฟฟ้า ค่าน้ำ 18บาทหน่วย โทร line 0892004894,3
ไอแพด ของใครลืมไว้ ที่ห้องปฏิบัติการฟิสิกส์ แล็ปฟิสิกส์ มารับได้ในวันพรุ่งนี้ ตั้งแต่ 0800น นะครับ,3
ให้เช่า คอนโด รีเจ้นท์ โฮม บางซ่อน เฟส27 ห่าง 300มจาก mrt บางซ่อน ขนาด 28 ตรม สัญญา 1ปี มัดจำ 2เดือน เช่า6500บาทเดือน แอร์ เฟอร์ ทีวี ตู้เย็น เครื่องซักผ้า ที่จอดรถ ค่าไฟจ่ายตรงการไฟฟ้า ค่าน้ำ 18บาทหน่วย โทร line 0892004894,3
ขายสัญญาหอ Ulife Prime ตึก 4 ชั้น 8 ค่าสัญญา 10000 บาท ค่าหอเดือนละ 7200 บาท หมดสัญญา มิถุนายน 2566 ห้อง… See more,3
รอบโครงการคัดเลือกตรงเพื่อกระจายโอกาศ ปวชปวสมีเกณฑ์อะไรในการสมัครบ้างหรอครับ,3
ขายสัญญาหอ Ulife Prime ตึก 4 ชั้น 8 ค่าสัญญา 10000 บาท ค่าหอเดือนละ 7200 บาท หมดสัญญา มิถุนายน 2566 ห้อง… See more,3
รอบโครงการคัดเลือกตรงเพื่อกระจายโอกาศ ปวชปวสมีเกณฑ์อะไรในการสมัครบ้างหรอครับ,3
สวัสดีค่ะ ถ้าหากใครมีความต้องการตัดอะคริลิคด้วยเลเซอร์คัท ทางเรามีอะคริลิคหลายสีหลายขนาด หรือหากต้องการตัดวัสดุอื่นสามารถทักมาพูดคุยกันก่อนได้นะคะ ราคาน่ารักเหมาะกับนักศึกษาค่ะ สามารถส่งแบบมาประเมินราคากันก่อนได้นะคะ ติดต่อได้ที่เพจเลยนะคะ ,3
Smile Laser Cutting รับตัดอะคริลิคตามแบบด้วยเลเซอร์คัท ในราคาย่อมเยาว์ ลูกค้าที่สนใจสามารถทักเข้ามาสอบถามและส่งแบบเพื่อประเมินราคากันก่อนได้นะคะ,3
น้องนักศึกษาคนไหนทำบัตรขับขี่หล่นขณะนั่งวินมอเตอร์ไซด์ไว้ครับ มารับได้ที่ร้าน เรือนชอุ่ม Slow Bar Coffee นะครับ รบกวนคนที่รู้จักติดต่อน้องทีนะครับ… See more,3
Iphone ใครทิ้งไว้ในห้องน้ำชาย ฝากไว้ที่ป้อมยามครับ,3
สวัสดีค่ะ ถ้าหากใครมีความต้องการตัดอะคริลิคด้วยเลเซอร์คัท ทางเรามีอะคริลิคหลายสีหลายขนาด หรือหากต้องการตัดวัสดุอื่นสามารถทักมาพูดคุยกันก่อนได้นะคะ ราคาน่ารักเหมาะกับนักศึกษาค่ะ สามารถส่งแบบมาประเมินราคากันก่อนได้นะคะ ติดต่อได้ที่เพจเลยนะคะ ,3
Smile Laser Cutting รับตัดอะคริลิคตามแบบด้วยเลเซอร์คัท ในราคาย่อมเยาว์ ลูกค้าที่สนใจสามารถทักเข้ามาสอบถามและส่งแบบเพื่อประเมินราคากันก่อนได้นะคะ,3
น้องนักศึกษาคนไหนทำบัตรขับขี่หล่นขณะนั่งวินมอเตอร์ไซด์ไว้ครับ มารับได้ที่ร้าน เรือนชอุ่ม Slow Bar Coffee นะครับ รบกวนคนที่รู้จักติดต่อน้องทีนะครับ… See more,3
Iphone ใครทิ้งไว้ในห้องน้ำชาย ฝากไว้ที่ป้อมยามครับ,3
Iphone ใครทิ้งไว้ในห้องน้ำชาย ฝากไว้ที่ป้อมยามครับ,3
สวัสดีค้าบบ พี่ๆน้องๆคนไหนอยากปริ้นเอกสาร เล่มรายงาน ใบงาน ฯลฯ มีบริการจัดส่งด้วยน้า ทักมาได้เลยนะครับบ,3
สวัสดีค้าบบ พี่ๆน้องๆคนไหนอยากปริ้นเอกสาร เล่มรายงาน ใบงาน ฯลฯ มีบริการจัดส่งด้วยน้า ทักมาได้เลยนะครับบ,3
ขอคำแนะนำหน่อยค่ะ ว่าการเรียนเป็นอย่างไรบ้างคะ,3
ขอคำแนะนำหน่อยค่ะ ว่าการเรียนเป็นอย่างไรบ้างคะ,3
วิศวขนถ่ายวัสดุqr code มันกลับหัวอะคับ เข้ากลุ่มไลน์สัมไม่ได้ มีพี่คนไหนช่วยได้มั้ยคับ ผมลองติดต่อไปแล้วเขายังไม่ตอบเลย,3
วิศวขนถ่ายวัสดุqr code มันกลับหัวอะคับ เข้ากลุ่มไลน์สัมไม่ได้ มีพี่คนไหนช่วยได้มั้ยคับ ผมลองติดต่อไปแล้วเขายังไม่ตอบเลย,3
วิศวขนถ่ายวัสดุqr code มันกลับหัวอะคับ เข้ากลุ่มไลน์สัมไม่ได้ มีพี่คนไหนช่วยได้มั้ยคับ ผมลองติดต่อไปแล้วเขายังไม่ตอบเลย,3
ส่งต่อเครื่องคิดเลขงับ ฿450 นัดรับหลังมอได้งับ,3
ขออนุญาตฝากร้านเบเกอรี่บอร์ดเกมด้วยนะคะ ร้าน NooM bakery x BOARDY boardgame ร้านตั้งอยู่ใต้หอสตรีบ้านสราญสุข ร้านเขียวเก่า ที่ร้านขายเบเกอรี่โฮมเมด อบสดใหม่ทุกวันค่ะ ส่วนใหญ่เป็นเมนูเค้กค่ะ ในอนาคตอาจมีขนมปังและอื่นๆด้วยค่ะ ขนมมีหลากหลายราคาให้เลือกซื้อ อยู่ที่ประมาณ 2090 บาทค่ะ… See more,3
ส่งต่อเครื่องคิดเลขงับ ฿450 นัดรับหลังมอได้งับ,3
ขออนุญาตฝากร้านเบเกอรี่บอร์ดเกมด้วยนะคะ ร้าน NooM bakery x BOARDY boardgame ร้านตั้งอยู่ใต้หอสตรีบ้านสราญสุข ร้านเขียวเก่า ที่ร้านขายเบเกอรี่โฮมเมด อบสดใหม่ทุกวันค่ะ ส่วนใหญ่เป็นเมนูเค้กค่ะ ในอนาคตอาจมีขนมปังและอื่นๆด้วยค่ะ ขนมมีหลากหลายราคาให้เลือกซื้อ อยู่ที่ประมาณ 2090 บาทค่ะ… See more,3
ขายประกันหอพร้อมตู้เย็น 6000 ค่าเช่าเดือนละ5000 เข้าอยู่จ่าย 11000 พร้อมตู้เย็น ค่าน้ำ หน่วยละ18 ค่าไฟ หน่อยละ 8 สอบถามเพิ่มเติมได้นะครับ,3
ขายประกันหอพร้อมตู้เย็น 6000 ค่าเช่าเดือนละ5000 เข้าอยู่จ่าย 11000 พร้อมตู้เย็น ค่าน้ำ หน่วยละ18 ค่าไฟ หน่อยละ 8 สอบถามเพิ่มเติมได้นะครับ,3
ขออนุญาตโพสต์ค่ะ ใครที่กำลังจะแก้บนแล้วหายีราฟอยู่เชิญทางนี้ค่า เปิดรับออเดอร์แล้วน้า ยีราฟ ตัวละ 75 บาท ราคาขึ้นเพราะราคาจากโรงปั้นตอนนี้ขึ้นมาสูงมากค่ะ รับเยอะทักมาคุยราคากันได้นะคะ ใครที่บนแล้วสมหวังก็ยินดีด้วยน้าส่วนใครที่กำลังจะบนก็ขอให้สมหวังนะค้า สนใจ Inb… See more,3
ขออนุญาตโพสต์ค่ะ ใครที่กำลังจะแก้บนแล้วหายีราฟอยู่เชิญทางนี้ค่า เปิดรับออเดอร์แล้วน้า ยีราฟ ตัวละ 75 บาท ราคาขึ้นเพราะราคาจากโรงปั้นตอนนี้ขึ้นมาสูงมากค่ะ รับเยอะทักมาคุยราคากันได้นะคะ ใครที่บนแล้วสมหวังก็ยินดีด้วยน้าส่วนใครที่กำลังจะบนก็ขอให้สมหวังนะค้า สนใจ Inb… See more,3
ปล่อยสัญญาลุมพินี นครอินทร์ ริเวอร์วิว พร้อมเข้าอยู่ได้วันที่ 220166 เป็นต้นไป สัญญา1ปี ค่าเช่า 5900 บาทเดือน รวมส่วนกลางแล้ว… See more,3
ปล่อยสัญญาลุมพินี นครอินทร์ ริเวอร์วิว พร้อมเข้าอยู่ได้วันที่ 220166 เป็นต้นไป สัญญา1ปี ค่าเช่า 5900 บาทเดือน รวมส่วนกลางแล้ว… See more,3
ร้าน Happy ice cream หลัง มอ มจพโครงการข้างวินมอไซร์ โปรโมชั่น ตอนรับเปิดร้าน ไอครีม size M 29 ฿ ไอครีม size L 35฿ ฟร… See more,3
ขออนุญาตแอดมินนะคะ จะย้ายออกจากหอค่ะ แล้วขนกลับไม่ได้ ใครสนใจสอบถามได้เลยนะคะ ถุงเก็บผ้าห่ม 25 บาท เครื่องพ่นอโรม่า xiaomi และน้ำมันหอม 350 บาท ชั้นวางคอม 150 บาท… See more,3
ขออนุญาตแอดมินนะคะ จะย้ายออกจากหอค่ะ แล้วขนกลับไม่ได้ ใครสนใจสอบถามได้เลยนะคะ ถุงเก็บผ้าห่ม 25 บาท เครื่องพ่นอโรม่า xiaomi และน้ำมันหอม 350 บาท ชั้นวางคอม 150 บาท… See more,3
บ้านยังว่างอยู่นะคะ,3
ให้เช่าบ้านทาวน์เฮ้าส์ 3ห้องนอน 2ห้องน้ำมีเฟอร์และเครื่องใช้ไฟฟ้า พื้นที่ 29ตารางวา 3ห้องนอน 2ห้องน้ำ เครื่องใช้ไฟฟ้าเฟอร์นิเจอร์ เตียง 5ฟุต… See more,3
แนะนำบ้านเช่า สำหรับนักศึกษาเป็นกลุ่มใหญ่ นักศึกษาจากจังหวัดเดียวกัน เพื่อน รุ่นพี่ รุ่นน้อง หลายคน อยากได้บ้านไว้ทำกิจกรรม รับน้อง รับรุ่น มี อิสระ ในการใช้ชีวิต มีพ… See more,3
ให้เช่า บ้านค่ะ หมู่บ้านสิรีนพาร์ค2 พื้นที่ใช้สอย 200 ตรม 4ห้องนอน 2ห้องน้ำ อยู่8คนสบายๆ เฟอร์นิเจอร์ครบ เครื่องใช้ไฟฟ้าครบ พร้อมอยู่ค่ะ… See more,3
บ้านยังว่างอยู่นะคะ,3
ให้เช่าบ้านทาวน์เฮ้าส์ 3ห้องนอน 2ห้องน้ำมีเฟอร์และเครื่องใช้ไฟฟ้า พื้นที่ 29ตารางวา 3ห้องนอน 2ห้องน้ำ เครื่องใช้ไฟฟ้าเฟอร์นิเจอร์ เตียง 5ฟุต… See more,3
แนะนำบ้านเช่า สำหรับนักศึกษาเป็นกลุ่มใหญ่ นักศึกษาจากจังหวัดเดียวกัน เพื่อน รุ่นพี่ รุ่นน้อง หลายคน อยากได้บ้านไว้ทำกิจกรรม รับน้อง รับรุ่น มี อิสระ ในการใช้ชีวิต มีพ… See more,3
ให้เช่า บ้านค่ะ หมู่บ้านสิรีนพาร์ค2 พื้นที่ใช้สอย 200 ตรม 4ห้องนอน 2ห้องน้ำ อยู่8คนสบายๆ เฟอร์นิเจอร์ครบ เครื่องใช้ไฟฟ้าครบ พร้อมอยู่ค่ะ… See more,3
ตามหารองเท้าจ้า น้องหายไปจากชั้นรองเท้าหน้าหอเอื้องฟ้าใครใส่ไปนำมาคืนด้วยจ้ะ ภาพประกอบ,3
ตามหารองเท้าจ้า น้องหายไปจากชั้นรองเท้าหน้าหอเอื้องฟ้าใครใส่ไปนำมาคืนด้วยจ้ะ ภาพประกอบ,3
ขออนุญาตสอบถามผู้รู้หน่อยครับ มีใครพอรู้จักคนๆนี้ หรือโดนทักมาแบบนี้บ้างครับ แล้วก็โทรมาชวนไปทำงานด้วย อันนี้ไปรู้จริงๆครับ,3
ขออนุญาตสอบถามผู้รู้หน่อยครับ มีใครพอรู้จักคนๆนี้ หรือโดนทักมาแบบนี้บ้างครับ แล้วก็โทรมาชวนไปทำงานด้วย อันนี้ไปรู้จริงๆครับ,3
ปล่อยสัญญา ขายประกันหอ หอพักสมาร์ทเพลส อยู่หลังมอ เดิน 5 นาทีถึง จ่ายเข้า 11000 ตอนออกได้คืน 12000 ค่าห้องเดือนละ4900รวมค่าเน็ตห้องละเราเตอร์ มีตู้ เตียง แอร์ โต๊ะคอม… See more,3
ปล่อยสัญญา ขายประกันหอ หอพักสมาร์ทเพลส อยู่หลังมอ เดิน 5 นาทีถึง จ่ายเข้า 11000 ตอนออกได้คืน 12000 ค่าห้องเดือนละ4900รวมค่าเน็ตห้องละเราเตอร์ มีตู้ เตียง แอร์ โต๊ะคอม… See more,3
ใครขายสายชาร์จไอโฟน usb c to lightning ของแท้ไหมคะ,3
ใครขายสายชาร์จไอโฟน usb c to lightning ของแท้ไหมคะ,3
ขายครับ 400 สภาพ99 ใช้แค่สอบมีกล่องให้ครบนัดรับได้ครับผม,3
ขายครับ 400 สภาพ99 ใช้แค่สอบมีกล่องให้ครบนัดรับได้ครับผม,3
ประกาศค่ะ วันนี้ 10 มค66 เวลา 0951 น ชุดนักศึกษาของใครหล่น มารับได้ที่เชิงสะพานก่อนข้ามไปวัดน้อยค่ะ,3
ขอร่วมเชิญพ่อแม่พี่น้องพี่ป้าน้าอามาร่วมงานแข่งขันดนตรี มีลูกพาลูก มีหลานพาหลาน งานนี้อิ่มจุกกับเสียงดนตรีแน่นอน โปรดอย่าพลาด ร่วมกันมาทำบุญเยอะๆ เอ้ย มาสมัคร… See more,3
ประกาศค่ะ วันนี้ 10 มค66 เวลา 0951 น ชุดนักศึกษาของใครหล่น มารับได้ที่เชิงสะพานก่อนข้ามไปวัดน้อยค่ะ,3
ขอร่วมเชิญพ่อแม่พี่น้องพี่ป้าน้าอามาร่วมงานแข่งขันดนตรี มีลูกพาลูก มีหลานพาหลาน งานนี้อิ่มจุกกับเสียงดนตรีแน่นอน โปรดอย่าพลาด ร่วมกันมาทำบุญเยอะๆ เอ้ย มาสมัคร… See more,3
หาคนหารคอสmath1ติว คนละ330 สนใจแชตเลยจ้า,3
ขอร่วมเชิญพ่อแม่พี่น้องพี่ป้าน้าอามาร่วมงานแข่งขันดนตรี มีลูกพาลูก มีหลานพาหลาน งานนี้อิ่มจุกกับเสียงดนตรีแน่นอน โปรดอย่าพลาด ร่วมกันมาทำบุญเยอะๆ เอ้ย มาสมัคร… See more,3
หาคนหารคอสmath1ติว คนละ330 สนใจแชตเลยจ้า,3
ขายงับ 450 ส่งฟรีค่า ไม่มีกล่องนะคะทิ้งไปแล้ว,3
ขายต่อ 2000 สนใจ ib มาได้ นัดรับหลังมอได้เลย,3
ขายงับ 450 ส่งฟรีค่า ไม่มีกล่องนะคะทิ้งไปแล้ว,3
ขายต่อ 2000 สนใจ ib มาได้ นัดรับหลังมอได้เลย,3
หาเครื่องคิดเลขรุ่นนี้ ขอรับภายในเย็นนี้ ใน มจพคับ,3
กุญแจรถใคร ทักมาได้เลยนะคับ อยู่โต๊ะลานมะเร็ง,3
หาเครื่องคิดเลขรุ่นนี้ ขอรับภายในเย็นนี้ ใน มจพคับ,3
กุญแจรถใคร ทักมาได้เลยนะคับ อยู่โต๊ะลานมะเร็ง,3
ขายครับ 600 ใช้งานปกติสภาพดี พร้อมกล่องพร้อมคู่มือ ครับ นัดรับหลังมอ นะครับ,3
ขออนุญาติตามหาของหายครับ หูฟังบลูธูทรุ่นและสีตามรูปเลยครับน่าจะหล่นหายบริเวณโรงอาหารตึก 40 กับตึก 65 ครับขอบคุณสำหรับพื้นที่ครับ,3
ร้านปิดไปนาน พึ่งกลับมาเปิด ฝากร้านด้วยนะคะ ร้านปังอยากจะปิ้ง ขนมปังปิ้ง ราคา 2 แผ่น 20 บาท เนยนม เ… See more,3
ขายครับ 600 ใช้งานปกติสภาพดี พร้อมกล่องพร้อมคู่มือ ครับ นัดรับหลังมอ นะครับ,3
ขออนุญาติตามหาของหายครับ หูฟังบลูธูทรุ่นและสีตามรูปเลยครับน่าจะหล่นหายบริเวณโรงอาหารตึก 40 กับตึก 65 ครับขอบคุณสำหรับพื้นที่ครับ,3
ร้านปิดไปนาน พึ่งกลับมาเปิด ฝากร้านด้วยนะคะ ร้านปังอยากจะปิ้ง ขนมปังปิ้ง ราคา 2 แผ่น 20 บาท เนยนม เ… See more,3
มีใครทำกุญแจหล่นไว้มั้ยคะ ตรงสะพานหลังมอ,3
มีใครทำกุญแจหล่นไว้มั้ยคะ ตรงสะพานหลังมอ,3
บัตรประขาชนของใครหายมารับได้ที่ร้านต้นเอกโทร0847348218,3
เวลาจอดรถ คิดมาแล้วหรือยังว่าคนอื่นจะออกยังไง,3
บัตรประขาชนของใครหายมารับได้ที่ร้านต้นเอกโทร0847348218,3
เวลาจอดรถ คิดมาแล้วหรือยังว่าคนอื่นจะออกยังไง,3
ปล่อยสัญญาหอพักสมาร์ทเพลส อยู่หลังมอ เดิน 5 นาทีถึง จ่ายเข้า 11000 ตอนออกได้คืน 12000 ค่าห้องเดือนละ4900รวมค่าเน็ตห้องละเราเตอร์ มีตู้ เตียง แอร์ โต๊ะคอม… See more,3
มีใครสนใจลงวิชาเรียน Eng for work 080103018 ช่วงซัมเมอร์บ้างไหมคะ ขอคนที่เหลือไม่เกิน 6 หน่วยกิตแล้วกำลังจะจบในปีนี้นะคะ ต้องรวบรวม 25 คนขึ้นไปอาจารย์จะเปิดซัมเมอร์ให้ค่ะ สนใจเข้าร่วมกลุ่มได้เลยค่ะ,3
ใครลืมกุญแจไว้ที่ลานกาแฟหน้าตึก62 ฝากไว้ที่ร้านกาแฟนะค้าบบ,3
ปล่อยสัญญาหอพักสมาร์ทเพลส อยู่หลังมอ เดิน 5 นาทีถึง จ่ายเข้า 11000 ตอนออกได้คืน 12000 ค่าห้องเดือนละ4900รวมค่าเน็ตห้องละเราเตอร์ มีตู้ เตียง แอร์ โต๊ะคอม… See more,3
มีใครสนใจลงวิชาเรียน Eng for work 080103018 ช่วงซัมเมอร์บ้างไหมคะ ขอคนที่เหลือไม่เกิน 6 หน่วยกิตแล้วกำลังจะจบในปีนี้นะคะ ต้องรวบรวม 25 คนขึ้นไปอาจารย์จะเปิดซัมเมอร์ให้ค่ะ สนใจเข้าร่วมกลุ่มได้เลยค่ะ,3
ใครลืมกุญแจไว้ที่ลานกาแฟหน้าตึก62 ฝากไว้ที่ร้านกาแฟนะค้าบบ,3
English conversation s6 ของอาจารย์davidคณะสาขาไหนเป็นเจ้าของเซคหรอคะ,3
พรุ่งนี้แล้วนะครับน้องๆรหัส65ที่มีทักษะด้านกีฬาฟุตซอลสามารถมาคัดตัวได้นะครับ,3
เปิดคัดนักศึกษาปัจจุบันรหัส65 ปีเกิดพศ2545 ขึ้นไป เข้าร่วมแข่งขันกีฬาฟุตซอลรายการ IMANE THAILAND FUTSAL FRESHY UNVERSITY THE CHAMPIONSHIP 20222023 ที่สนามฟุต… See more,3
มีใครปล่อยมั้ยยงับ,3
English conversation s6 ของอาจารย์davidคณะสาขาไหนเป็นเจ้าของเซคหรอคะ,3
พรุ่งนี้แล้วนะครับน้องๆรหัส65ที่มีทักษะด้านกีฬาฟุตซอลสามารถมาคัดตัวได้นะครับ,3
เปิดคัดนักศึกษาปัจจุบันรหัส65 ปีเกิดพศ2545 ขึ้นไป เข้าร่วมแข่งขันกีฬาฟุตซอลรายการ IMANE THAILAND FUTSAL FRESHY UNVERSITY THE CHAMPIONSHIP 20222023 ที่สนามฟุต… See more,3
มีใครปล่อยมั้ยยงับ,3
ให้เช่าพื้นที่ 410 40 ตรม หลังมอ ติดร้านเครื่องเขียนบุญชู 0830128726,3
มีใครขายเครื่องคิดเลขรุ่นนี้มั้ยคะ หรือหาซื้อได้ที่ไหนมั้ยคะ,3
สวัสดีค่ะ รบกวนเพื่อนๆในกลุ่มทำแบบสอบถามการตัดสินใจการซื้อเครปเย็นให้หน่อยได้ไหมค้าบ ซึ่งแบบสอบถามนี้เป็นส่วนหนึ่งของวิชา INDUSTRIAL MARKETING ต้องการ100คนค่ะ ขอความกรุณาเพื่อนๆพี่ๆน้องๆทุกคนด้วยนะค้า สามารถกดลิ้งค์หรือสแกนคิวอาร์โค้ดได้เลยนะงับ ปุก้าด ถ้าเครปเย็น ของเราได้รับความสนใจเยอะเราจะเปิดขายด้วยน้า อย่าลืมมาอุดหนุนเราด้วยนะคับ ,3
ให้เช่าพื้นที่ 410 40 ตรม หลังมอ ติดร้านเครื่องเขียนบุญชู 0830128726,3
มีใครขายเครื่องคิดเลขรุ่นนี้มั้ยคะ หรือหาซื้อได้ที่ไหนมั้ยคะ,3
สวัสดีค่ะ รบกวนเพื่อนๆในกลุ่มทำแบบสอบถามการตัดสินใจการซื้อเครปเย็นให้หน่อยได้ไหมค้าบ ซึ่งแบบสอบถามนี้เป็นส่วนหนึ่งของวิชา INDUSTRIAL MARKETING ต้องการ100คนค่ะ ขอความกรุณาเพื่อนๆพี่ๆน้องๆทุกคนด้วยนะค้า สามารถกดลิ้งค์หรือสแกนคิวอาร์โค้ดได้เลยนะงับ ปุก้าด ถ้าเครปเย็น ของเราได้รับความสนใจเยอะเราจะเปิดขายด้วยน้า อย่าลืมมาอุดหนุนเราด้วยนะคับ ,3
ขายแล้ว,3
ขายค่ะ จะย้ายหอแล้ว นัดรับหลังมอ,3
กุญแจใครตกอยู่หน้าตึก 62 ตรงลานมะเร็งทักมานะครับเดี๋ยวเก็บไว้ให้ก่อน,3
ขายแล้ว,3
ขายค่ะ จะย้ายหอแล้ว นัดรับหลังมอ,3
กุญแจใครตกอยู่หน้าตึก 62 ตรงลานมะเร็งทักมานะครับเดี๋ยวเก็บไว้ให้ก่อน,3
สวัสดีครับ ขออนุญาตแจ้งข้อมูลครับ ป้าร้านกาแฟที่อยู่หน้าร้านถ่ายเอกสารตรงทางเดินหลังออกจากประตูหลัง ม ไปนิดเดียวฝากมาครับ มีลูกค้าท่านนึง ซื้อของแล้วโอนเงินมาให้แกผิดเป็นเงิน 6พันกว่าบาทครับ ถ้าใครเงินในบัญชีหายไปมากกว่าปกติ ลองไปสอบถามป้าได้ครับ… See more,3
ขายสายชาร์ต typeC to typeC 2M สั่งมาผิดฮะ ไม่เคยใช้ แค่แกะดู มีใบเสร็จ studio7 ให้ดูด้วย ซื้อมา790 ขายต่อ750ฮะ หรือมาลองคุยราคาได้ฮะ ส่งให้หลังมอได้เลย,3
กุญแจใครตกอยู่หน้าตึก 62 ตรงลานมะเร็งทักมานะครับเดี๋ยวเก็บไว้ให้ก่อน,3
สวัสดีครับ ขออนุญาตแจ้งข้อมูลครับ ป้าร้านกาแฟที่อยู่หน้าร้านถ่ายเอกสารตรงทางเดินหลังออกจากประตูหลัง ม ไปนิดเดียวฝากมาครับ มีลูกค้าท่านนึง ซื้อของแล้วโอนเงินมาให้แกผิดเป็นเงิน 6พันกว่าบาทครับ ถ้าใครเงินในบัญชีหายไปมากกว่าปกติ ลองไปสอบถามป้าได้ครับ… See more,3
ขายสายชาร์ต typeC to typeC 2M สั่งมาผิดฮะ ไม่เคยใช้ แค่แกะดู มีใบเสร็จ studio7 ให้ดูด้วย ซื้อมา790 ขายต่อ750ฮะ หรือมาลองคุยราคาได้ฮะ ส่งให้หลังมอได้เลย,3
ขายแล้ว,3
ขายแล้ว,3
เหลือ 1 ตัว 55฿ ทรงเข้ารูป อกไม่เกิน 34 แบรนด์ Yours Uniform,3
ขายแล้ว,3
ขายแล้ว,3
เหลือ 1 ตัว 55฿ ทรงเข้ารูป อกไม่เกิน 34 แบรนด์ Yours Uniform,3
เตรียมตัวให้พร้อมนะน้อง ๆ ชาวพระนครเหนือ ไดกิ้น คอมเพรสเซอร์ ระยองกำลังจะไปเยือนน สำหรับน้อง ๆ คนไหนที่กำลังมองหางาน หรือกำลังอยากเปลี่ยนงานใหม่ มาเจอกันได้ที่งาน Job Fair,3
เตรียมตัวให้พร้อมนะน้อง ๆ ชาวพระนครเหนือ ไดกิ้น คอมเพรสเซอร์ ระยองกำลังจะไปเยือนน สำหรับน้อง ๆ คนไหนที่กำลังมองหางาน หรือกำลังอยากเปลี่ยนงานใหม่ มาเจอกันได้ที่งาน Job Fair,3
มีใครมีไมโครสวิตช์แบบนี้ขายไหมครับ หรือแถวไหนมีขายแนะนำหน่อยครับ,3
ขายหัวชาร์จไอโฟน 20w ของแท้ ของใหม่ไม่แกะ จากร้าน Apple Flagship Store จาก Lazada ขอดูใบคำสั่งซื้อได้ค่ะ 600฿ ขอดูเพิ่มเติมได้ นัดรับในมอได้นะคะ,3
เตรียมตัวให้พร้อมนะน้อง ๆ ชาวพระนครเหนือ ไดกิ้น คอมเพรสเซอร์ ระยองกำลังจะไปเยือนน สำหรับน้อง ๆ คนไหนที่กำลังมองหางาน หรือกำลังอยากเปลี่ยนงานใหม่ มาเจอกันได้ที่งาน Job Fair,3
เตรียมตัวให้พร้อมนะน้อง ๆ ชาวพระนครเหนือ ไดกิ้น คอมเพรสเซอร์ ระยองกำลังจะไปเยือนน สำหรับน้อง ๆ คนไหนที่กำลังมองหางาน หรือกำลังอยากเปลี่ยนงานใหม่ มาเจอกันได้ที่งาน Job Fair,3
มีใครมีไมโครสวิตช์แบบนี้ขายไหมครับ หรือแถวไหนมีขายแนะนำหน่อยครับ,3
ขายหัวชาร์จไอโฟน 20w ของแท้ ของใหม่ไม่แกะ จากร้าน Apple Flagship Store จาก Lazada ขอดูใบคำสั่งซื้อได้ค่ะ 600฿ ขอดูเพิ่มเติมได้ นัดรับในมอได้นะคะ,3
ใครทำกระเป๋าตังหล่นไว้ ติดต่อรับคืนได้ที่ป้อมยามหน้าตึก64 ครับ,3
เอาเพจจองโต๊ะมาแนะนำค่ะ ราคาถูก ราคาเริ่มต้น200฿ บริการดีเหมือนเพื่อนกัน สนใจแอดไลน์ไปได้เลยค้าบ หรือใครที่เคยใช้บริการรีวิวในเม้นทีได้ไหมค้าบ,3
เจ้าของโพสท์ เหลือห้องเดียวนะครับ ให้เช่าคอนโด ใกล้ มจพพระนครเหนือ ให้เช่า มาเจสติกทาวเวอร์ คอนโดมิเนียม ชั้น 12 ขนาด 31 ตารางเมตร 1 นอน 1 รับแขก วิวแม่น้ำ ตกแต่งปรับปรุงใหม่ทั้งห้องพร้อมเฟอร์นิเจอร์และเครื่องใช้ไฟฟ้าครบครัน สระว่ายน้ำขนาดใหญ่ ใกล้มหาวิทยาลัยเทคโนโลยีพระจอมเกล้าพระนครเหนือ นิติบุคคลดูแลดี ห้องมีระเบียง วิวแม่น้ำเจ้าพระยา ไม่มีตึกบังวิว ปูกระเบื้องใหม่หมดทั้งห้องนอนและห้องน้ำ พร้อมเฟอร์นิเจอร์และเครื่องใช้ไฟฟ้าครบครัน… See more,3
ใครทำกระเป๋าตังหล่นไว้ ติดต่อรับคืนได้ที่ป้อมยามหน้าตึก64 ครับ,3
เอาเพจจองโต๊ะมาแนะนำค่ะ ราคาถูก ราคาเริ่มต้น200฿ บริการดีเหมือนเพื่อนกัน สนใจแอดไลน์ไปได้เลยค้าบ หรือใครที่เคยใช้บริการรีวิวในเม้นทีได้ไหมค้าบ,3
เจ้าของโพสท์ เหลือห้องเดียวนะครับ ให้เช่าคอนโด ใกล้ มจพพระนครเหนือ ให้เช่า มาเจสติกทาวเวอร์ คอนโดมิเนียม ชั้น 12 ขนาด 31 ตารางเมตร 1 นอน 1 รับแขก วิวแม่น้ำ ตกแต่งปรับปรุงใหม่ทั้งห้องพร้อมเฟอร์นิเจอร์และเครื่องใช้ไฟฟ้าครบครัน สระว่ายน้ำขนาดใหญ่ ใกล้มหาวิทยาลัยเทคโนโลยีพระจอมเกล้าพระนครเหนือ นิติบุคคลดูแลดี ห้องมีระเบียง วิวแม่น้ำเจ้าพระยา ไม่มีตึกบังวิว ปูกระเบื้องใหม่หมดทั้งห้องนอนและห้องน้ำ พร้อมเฟอร์นิเจอร์และเครื่องใช้ไฟฟ้าครบครัน… See more,3
บัตรใครลืมไว้ตรงสนามฟุตซอลตรง วทอ ทักมานะครับผมเก็บไว้ให้,3
มีใครทำเงินหล่นไว้มั้ยค้าบบ ทักมาขอรับได้นะครับ แถวๆร้านสะดวกซักครับ ประมาณ11251135,3
บัตรใครลืมไว้ตรงสนามฟุตซอลตรง วทอ ทักมานะครับผมเก็บไว้ให้,3
มีใครทำเงินหล่นไว้มั้ยค้าบบ ทักมาขอรับได้นะครับ แถวๆร้านสะดวกซักครับ ประมาณ11251135,3
มีคนลืมโทรศัพท์ไว้ตรงเซเว่นหลังม ตรง 3 แยกครับ ที่เครื่องกดสเลอปี้ครับ ตอนนี้ผมให้พนังงานเซเว่นเก็บไว้ให้นะครับ,3
มาร่วมสนุกกันได้นะ สามารถเข้าร่วมได้ทุกคณะเลยยย สถานที่ ใต้อาคาร 81 คณะวิศวกรรมศาสตร์,3
ประกาศ ประกาศ พ่อแม่พี่น้องชาววิดวะ มาทางนี้จ้า ส่งท้ายปีเก่าต้องรับปีใหม่ Happy New Year ทุกๆคน มาส่งความสุขครับ วันท… See more,3
มีใครทำเงินหล่นไว้มั้ยค้าบบ ทักมาขอรับได้นะครับ แถวๆร้านสะดวกซักครับ ประมาณ11251135,3
มีคนลืมโทรศัพท์ไว้ตรงเซเว่นหลังม ตรง 3 แยกครับ ที่เครื่องกดสเลอปี้ครับ ตอนนี้ผมให้พนังงานเซเว่นเก็บไว้ให้นะครับ,3
มาร่วมสนุกกันได้นะ สามารถเข้าร่วมได้ทุกคณะเลยยย สถานที่ ใต้อาคาร 81 คณะวิศวกรรมศาสตร์,3
ประกาศ ประกาศ พ่อแม่พี่น้องชาววิดวะ มาทางนี้จ้า ส่งท้ายปีเก่าต้องรับปีใหม่ Happy New Year ทุกๆคน มาส่งความสุขครับ วันท… See more,3
แบ่งขายหัวปากกา Apple Pencil หัวละ 230 บาท นัดรับหลังมอได้ค่ะ,3
ฝากร้านหน่อยครับร้านอยู่ในตลาดชิลๆครับ หยุดทุกวันจันทร์ครับ,3
แบ่งขายหัวปากกา Apple Pencil หัวละ 230 บาท นัดรับหลังมอได้ค่ะ,3
ฝากร้านหน่อยครับร้านอยู่ในตลาดชิลๆครับ หยุดทุกวันจันทร์ครับ,3
บัตรนศใครหาย ติดต่อรับที่ ห้องภาควิชาเทคโนโลยีวิศวกรรมไฟฟ้า ตึก 63 ชั้น 2 นะครับ,3
ฝากร้านหน่อยครับร้านอยู่ในตลาดชิลๆครับ หยุดทุกวันจันทร์ครับ,3
บัตรนศใครหาย ติดต่อรับที่ ห้องภาควิชาเทคโนโลยีวิศวกรรมไฟฟ้า ตึก 63 ชั้น 2 นะครับ,3
ตามหาหนังสือเล่มนี้ครับ พิมพ์ไหนก็ได้ครับ รับ 3 เล่ม ลงราคามาเลยครับ นัดรับค่อยคุยกันอีกทีครับ,3
ปล่อยต่อสัญญาเช่าลุมพินี นครอินทร์ พร้อมเข้าอยู่เดือนละ 7000฿ อยู่23คนได้ ห้องกว้างพิเศษ 32ตรม กว้างมาก แปลนห้องพิเศษ … See more,3
ขาย 400 งับบ ใช้แค่ตอนสอบ นัดรับหลังมอ,3
บัตรนศใครหาย ติดต่อรับที่ ห้องภาควิชาเทคโนโลยีวิศวกรรมไฟฟ้า ตึก 63 ชั้น 2 นะครับ,3
ตามหาหนังสือเล่มนี้ครับ พิมพ์ไหนก็ได้ครับ รับ 3 เล่ม ลงราคามาเลยครับ นัดรับค่อยคุยกันอีกทีครับ,3
ปล่อยต่อสัญญาเช่าลุมพินี นครอินทร์ พร้อมเข้าอยู่เดือนละ 7000฿ อยู่23คนได้ ห้องกว้างพิเศษ 32ตรม กว้างมาก แปลนห้องพิเศษ … See more,3
ขาย 400 งับบ ใช้แค่ตอนสอบ นัดรับหลังมอ,3
ขายเตาปิ้งไฟฟ้าครับ ซื้อมาไม่เคยได้ใช้สักครั้ง ขาย 500 บาท ซอย วงศ์สว่างหรือระแวกใกล้เคียงไปส่งให้ได้ครับ สนใจทัก Inbox มาได้เลยครับ,3
ขออนุญาติแอดมินค่ะ Condo for rent Aspire ratchadawongsawang ห้องน่าอยู่ลมเย็น ชวนกันมาหาร 1 ห้องนอน 1 … See more,3
สำหรับลูกค้าที่ทำสัญญา 2 ปี 7000 ให้เช่า คอนโด aspire รัชดาวงศ์สว่าง ห้อง Studio ขนาด 23 ตรม วิว พระราม 7 ชั้น23 ห้… See more,3
ขออนุญาติแอดมินค่ะ Condo for rent Aspire ratchadawongsawang ห้องน่าอยู่ลมเย็น ชวนกันมาหาร 1 ห้องนอน 1 … See more,3
สำหรับลูกค้าที่ทำสัญญา 2 ปี 7000 ให้เช่า คอนโด aspire รัชดาวงศ์สว่าง ห้อง Studio ขนาด 23 ตรม วิว พระราม 7 ชั้น23 ห้… See more,3
สำหรับลูกค้าที่ทำสัญญา 2 ปี 7000 ให้เช่า คอนโด aspire รัชดาวงศ์สว่าง ห้อง Studio ขนาด 23 ตรม วิว พระราม 7 ชั้น23 ห้… See more,3
XX ได้คนเช่าแล้วค่ะ XX ขออนุญาตประกาศและประชาสัมพันธ์ สำหรับนักศึกษาที่สนใจเช่าคอนโด คอนโดลุมพินีนครอินทร์ ริเวอร์วิลล์ … See more,3
XX ได้คนเช่าแล้วค่ะ XX ขออนุญาตประกาศและประชาสัมพันธ์ สำหรับนักศึกษาที่สนใจเช่าคอนโด คอนโดลุมพินีนครอินทร์ ริเวอร์วิลล์ … See more,3
ทำน้องหล่นหายค่า พบเจอน้องที่ไหน ทักมาเลยค่ะ อยากได้น้องคืน น้องเป็นอัลปาก้านะคะ,3
ทำน้องหล่นหายค่า พบเจอน้องที่ไหน ทักมาเลยค่ะ อยากได้น้องคืน น้องเป็นอัลปาก้านะคะ,3
ทำน้องหล่นหายค่า พบเจอน้องที่ไหน ทักมาเลยค่ะ อยากได้น้องคืน น้องเป็นอัลปาก้านะคะ,3
ให้เช่า สิรินพาร์ค3 หลังม เฟอร์นิเจอร์ครบ มีที่จอดมอไซต์ น้ำ 4หน่วยแรก 100฿ ไฟ 8฿ … See more,3
ให้เช่า สิรินพาร์ค3 หลังม เฟอร์นิเจอร์ครบ มีที่จอดมอไซต์ น้ำ 4หน่วยแรก 100฿ ไฟ 8฿ … See more,3
ด่วน ให้เช่า ทาวน์โฮมโกลเด้น ทาวน์ วงศ์สว่างแคราย ใกล้ท่าน้ำนนท์ ตลาดท่าน้ำนนท์ โรงพยาบาลสะพานพระนั่งเกล้า ใกล้ MRT สายสีม่วงสถานี สะพานพระนั่งเกล้า ค่าเช่าเพียง 15000฿ด เลี้ยงสัตว์พันธุ์เล็กได้ค่ะ ลักษณะ เนื้อที่ขนาด 17 ตารางวา พื้นที่ใช้สอย 103 ตารางเมตร 4 ห้องนอน2 ห้องน้ำ จอดรถได้ 1 คัน มีเฟอร์นิเจอร์ โซฟา เ… See more,3
ขายสัญญาต่อครับ หอโซล Soul Dormitory พร้อมเข้าอยู่ต้นเดือน มีค ครับ ค่าสัญญา 10000 ห้อง 25 ตรม ห้องมุม ค่าห้อง 6400 บาท… See more,3
พอดีต้องการเพิ่มวิชาด้วยและผ่อนผันด้วย ถ้าแบบนี้คือเหมือนจองไว้ก่อนใช่มั้ยคะ พอจ่ายเงินเสร็จปละแจ้งฝ่ายทะเบียน ถึงจะลงทะเบียนสมบูรณ์100,3
ให้เช่า สิรินพาร์ค3 หลังม เฟอร์นิเจอร์ครบ มีที่จอดมอไซต์ น้ำ 4หน่วยแรก 100฿ ไฟ 8฿ … See more,3
ด่วน ให้เช่า ทาวน์โฮมโกลเด้น ทาวน์ วงศ์สว่างแคราย ใกล้ท่าน้ำนนท์ ตลาดท่าน้ำนนท์ โรงพยาบาลสะพานพระนั่งเกล้า ใกล้ MRT สายสีม่วงสถานี สะพานพระนั่งเกล้า ค่าเช่าเพียง 15000฿ด เลี้ยงสัตว์พันธุ์เล็กได้ค่ะ ลักษณะ เนื้อที่ขนาด 17 ตารางวา พื้นที่ใช้สอย 103 ตารางเมตร 4 ห้องนอน2 ห้องน้ำ จอดรถได้ 1 คัน มีเฟอร์นิเจอร์ โซฟา เ… See more,3
ขายสัญญาต่อครับ หอโซล Soul Dormitory พร้อมเข้าอยู่ต้นเดือน มีค ครับ ค่าสัญญา 10000 ห้อง 25 ตรม ห้องมุม ค่าห้อง 6400 บาท… See more,3
พอดีต้องการเพิ่มวิชาด้วยและผ่อนผันด้วย ถ้าแบบนี้คือเหมือนจองไว้ก่อนใช่มั้ยคะ พอจ่ายเงินเสร็จปละแจ้งฝ่ายทะเบียน ถึงจะลงทะเบียนสมบูรณ์100,3
หาหนังสืออังกฤษเล่มนี้ค่ะ ขอที่ยังไม่ใช้โค้ด หรือมีใครรับหิ้วไหมคะ,3
พอดีต้องการเพิ่มวิชาด้วยและผ่อนผันด้วย ถ้าแบบนี้คือเหมือนจองไว้ก่อนใช่มั้ยคะ พอจ่ายเงินเสร็จปละแจ้งฝ่ายทะเบียน ถึงจะลงทะเบียนสมบูรณ์100,3
หาหนังสืออังกฤษเล่มนี้ค่ะ ขอที่ยังไม่ใช้โค้ด หรือมีใครรับหิ้วไหมคะ,3
ชุด ทำโปรเจค Arduino ไม่ใช้แล้วครับ ซื้อมาทำmini project โดนไฟ ไม่ถึงครึ่งเดือนส่งเสร็จ เท่านั้น sาgา 1700 บาท คุ้มมาก ได้ทั้งหมดพร้อมของแถม รวมส่ง บางชิ้นยังไม่ได้แกะใช้ ส่งต่อชุด ทำโปรเจค Arduino ไม่ใช้แล้วครับ ซื้อมาทำmini project โดนไฟ ไม่ถึงครึ่งเดือนส่งเสร็จ เท่านั้น sาgา 1700 บาท คุ้มมาก ได้ทั้งหมดพร้อมของแถม รวมส่ง บางชิ้นยังไม่ได้แกะใช้ inboxมาได้เลยครับ กล่องจะประกอบไปด้วย 49 รายการ รวมของแถม ดังนี้ 1 Arduino Uno R3 2 USB 20 50 CM 3 BreadBoard 830รู … See more,3
ขออนุญาตปล่อยรองเท้าค่ะ เราใช้ไปครั้งเดียวสภาพใหม่มาก 1600 นัดรับหลังมอได้ค่ะ,3
ชุด ทำโปรเจค Arduino ไม่ใช้แล้วครับ ซื้อมาทำmini project โดนไฟ ไม่ถึงครึ่งเดือนส่งเสร็จ เท่านั้น sาgา 1700 บาท คุ้มมาก ได้ทั้งหมดพร้อมของแถม รวมส่ง บางชิ้นยังไม่ได้แกะใช้ ส่งต่อชุด ทำโปรเจค Arduino ไม่ใช้แล้วครับ ซื้อมาทำmini project โดนไฟ ไม่ถึงครึ่งเดือนส่งเสร็จ เท่านั้น sาgา 1700 บาท คุ้มมาก ได้ทั้งหมดพร้อมของแถม รวมส่ง บางชิ้นยังไม่ได้แกะใช้ inboxมาได้เลยครับ กล่องจะประกอบไปด้วย 49 รายการ รวมของแถม ดังนี้ 1 Arduino Uno R3 2 USB 20 50 CM 3 BreadBoard 830รู … See more,3
ขออนุญาตปล่อยรองเท้าค่ะ เราใช้ไปครั้งเดียวสภาพใหม่มาก 1600 นัดรับหลังมอได้ค่ะ,3
ปล่อยต่อหนังสือ ครับ มี ชื่อ เกีอบทุกเล่ม สภาพ แทบไม่มีรอยเขียน ยกเว้นวิชา อังกฤษ เล่มละ 90 บาท ค่าส่ง 50 บาท รับที่ ม ก็ราคาเดียวกันครับ รับมากกว่า 2เล่มเฉพาะ ที่มหาลัย ค่าส่ง คิด100 เท่านั้น มีเรียนทุก จันทร์บ่าย อังคาร พุธ พฤหัส มี math1 3เล่ม ของ อ สุรางค์ math 1 gen 5… See more,3
นัดดูของมจพได้ครับ ขออนุญาตขายคอมประกอบยกชุดพร้อมเคสรายละเอียดตามนี้ไม่ขายแยกกล่องอยู่ครบคอมใช้เองขายเพราะได้คอมใหม่ครับ Main board Asus H370 CPU I58400 Ssd M2 WD green 120GB… See more,3
ฝาก open chat สำหรับตามหาห้องเช่า ระแวกมจพ,3
ปล่อยต่อหนังสือ ครับ มี ชื่อ เกีอบทุกเล่ม สภาพ แทบไม่มีรอยเขียน ยกเว้นวิชา อังกฤษ เล่มละ 90 บาท ค่าส่ง 50 บาท รับที่ ม ก็ราคาเดียวกันครับ รับมากกว่า 2เล่มเฉพาะ ที่มหาลัย ค่าส่ง คิด100 เท่านั้น มีเรียนทุก จันทร์บ่าย อังคาร พุธ พฤหัส มี math1 3เล่ม ของ อ สุรางค์ math 1 gen 5… See more,3
นัดดูของมจพได้ครับ ขออนุญาตขายคอมประกอบยกชุดพร้อมเคสรายละเอียดตามนี้ไม่ขายแยกกล่องอยู่ครบคอมใช้เองขายเพราะได้คอมใหม่ครับ Main board Asus H370 CPU I58400 Ssd M2 WD green 120GB… See more,3
ฝาก open chat สำหรับตามหาห้องเช่า ระแวกมจพ,3
มีใครมีหนังสือเล่มนี้ปล่อยต่อไหมครับ,3
ขออนุญาตแอดมินนะคะ ห้องเช่าปรับปรุงใหม่ พร้อมเฟอร์นิเจอร์ มีที่นอนและตู้เสื้อผ้า ใกล้แหล่งชุมชน ซอยวงศ์สว่าง 19 มีห้องน้ำในตัวทุกห้อง ราคาประหยัด เพียง 2500 เดือน ชำระค่าประกันและมัดจำเพียงแค่ 5000 พร้อมเข้าอยู่ เดินทางสะดวก ใกล้ บิ๊กซีวงศ์สว่างพระจอมเกล้าพระนครเหนือประชาชื่นโรงพยาบาลเกษมราษฏร์ รีบด่วนเหลือเพียงไม่กี่ห้อง … See more,3
มีใครมีหนังสือเล่มนี้ปล่อยต่อไหมครับ,3
ขออนุญาตแอดมินนะคะ ห้องเช่าปรับปรุงใหม่ พร้อมเฟอร์นิเจอร์ มีที่นอนและตู้เสื้อผ้า ใกล้แหล่งชุมชน ซอยวงศ์สว่าง 19 มีห้องน้ำในตัวทุกห้อง ราคาประหยัด เพียง 2500 เดือน ชำระค่าประกันและมัดจำเพียงแค่ 5000 พร้อมเข้าอยู่ เดินทางสะดวก ใกล้ บิ๊กซีวงศ์สว่างพระจอมเกล้าพระนครเหนือประชาชื่นโรงพยาบาลเกษมราษฏร์ รีบด่วนเหลือเพียงไม่กี่ห้อง … See more,3
เจอที่ ทางเดินตึกวิศวะ ติดต่อรับคืนผ่านเฟสนี้ได้เลยคับ,3
รับสมัครพาร์ทไทม์ “ร้านนมเจริญ” เข้างาน 1730 2330 วันละ 300฿ เข้างาน จันทร์ พุธ จำนวน 1 คน … See more,3
รบกวนช่วยทำแบบสอบถามหน่อยค่า,3
ขออนุญาตแอดมินนะคะ ห้องเช่าปรับปรุงใหม่ พร้อมเฟอร์นิเจอร์ มีที่นอนและตู้เสื้อผ้า ใกล้แหล่งชุมชน ซอยวงศ์สว่าง 19 มีห้องน้ำในตัวทุกห้อง ราคาประหยัด เพียง 2500 เดือน ชำระค่าประกันและมัดจำเพียงแค่ 5000 พร้อมเข้าอยู่ เดินทางสะดวก ใกล้ บิ๊กซีวงศ์สว่างพระจอมเกล้าพระนครเหนือประชาชื่นโรงพยาบาลเกษมราษฏร์ รีบด่วนเหลือเพียงไม่กี่ห้อง … See more,3
เจอที่ ทางเดินตึกวิศวะ ติดต่อรับคืนผ่านเฟสนี้ได้เลยคับ,3
รับสมัครพาร์ทไทม์ “ร้านนมเจริญ” เข้างาน 1730 2330 วันละ 300฿ เข้างาน จันทร์ พุธ จำนวน 1 คน … See more,3
รบกวนช่วยทำแบบสอบถามหน่อยค่า,3
ฝากกลุ่ม Open chat สำหรับซื้อขาย ของใช้มือ12 ละแวก มจพหน่อยค่ะ เพื่ออำนวยความสะดวกสำหรับผู้ที่ต้องการขายของใช้อื่นๆ และผู้ที่กำลังหาของใช้สภาพดีค่ะ ในราคาถูกค่ะ คุณได้รับคำเชิญให้เข้าร่วม KMUTNB ส่งต่อของใช้มือ 12 โปรดแตะลิงก์ด้านล่างเพื่อเข้าร่วมโอเพนแชทนี้,3
รบกวนทำแบบสอบถามหน่อยนะคะ ขอบคุณมากๆเลยค่า,3
รบกวนช่วยทำแบบสอบถามหน่อยค่า,3
ฝากกลุ่ม Open chat สำหรับซื้อขาย ของใช้มือ12 ละแวก มจพหน่อยค่ะ เพื่ออำนวยความสะดวกสำหรับผู้ที่ต้องการขายของใช้อื่นๆ และผู้ที่กำลังหาของใช้สภาพดีค่ะ ในราคาถูกค่ะ คุณได้รับคำเชิญให้เข้าร่วม KMUTNB ส่งต่อของใช้มือ 12 โปรดแตะลิงก์ด้านล่างเพื่อเข้าร่วมโอเพนแชทนี้,3
รบกวนทำแบบสอบถามหน่อยนะคะ ขอบคุณมากๆเลยค่า,3
มีคนทำบัตรประชาชนตกไว้หน้าร้านข้าวผัดปู ใครรู้จักหรือเป็นเพื่อนใคร รบกวนติดต่อกลับมาหน่อยนะคะ,3
รบกวนทำแบบสอบถามหน่อยนะคะ ขอบคุณมากๆเลยค่า,3
มีคนทำบัตรประชาชนตกไว้หน้าร้านข้าวผัดปู ใครรู้จักหรือเป็นเพื่อนใคร รบกวนติดต่อกลับมาหน่อยนะคะ,3
ตู้เย็น Mitsubishi 49 คิว ราคา3000 บาท สนใจสอบถามได้ค่ะ,3
ขออนุญาต ฝากร้านพี่เราหน่อยค่ะ ถ้าใครกำลังหาร้านบอร์ดเกม หลังม มาลองเล่นที่ร้านพี่เราได้เลยนะคะ,3
Sold out ส่งต่อจอคอมค่า Zowie xl2731 144HZ จ… See more,3
ตู้เย็น Mitsubishi 49 คิว ราคา3000 บาท สนใจสอบถามได้ค่ะ,3
ขออนุญาต ฝากร้านพี่เราหน่อยค่ะ ถ้าใครกำลังหาร้านบอร์ดเกม หลังม มาลองเล่นที่ร้านพี่เราได้เลยนะคะ,3
Sold out ส่งต่อจอคอมค่า Zowie xl2731 144HZ จ… See more,3
ปุกาด ปุกาดดด ร้านเจ๊โหด พี่หญิง อาหารตามสั่งเปิดแล้วน้า ย้ายร้านใหม่มาตรงโค้งหลังมอ ตรงวินมอเตอร์ไซต์ข้ามสะพานเหล็กเข้าไปได้เล้ยยย รายการอาหารเริ่มต้นที่ 55 บาท ส่งฟรีซอย 11 และบริเวณใกล้เคียง ร้านเปิดทุกวัน 0830 1730 น โทรสั่งได้ที่เบอร์ 0894953853 หรือ Line f2536k2533,3
สวัสดีค่ะ ขออนุญาตมาประชาสัมพันธ์งาน Job Fair ปี 2566 ค่ะ เผื่อใครสนใจมาร่วมงานกับทางไดกิ้น คอมเพรสเซอร์ ระยอง บริษัทมั่นคง สวัสดิการดี มีรถรับส่งฟรี ข้าวกลางวันฟรี โบนัสตามผลประกอบการค่ะ,3
ตาราง Jobfair ปี 2023 พบกับเราไดกิ้น คอมเพรสเซอร์ ระยอง ได้ที่งาน Jobfair ตามมหาวิทยาลัยต่าง ๆ ใครสนใจร่วมงานกับเรามาเข้าร่วมงานเยอะ ๆ น้า,3
หาคนรับติววิชา fluid mechanic ตอนนี้ผมมี 2 คนครับ,3
เผื่อน้องๆสนใจครับ,3
เปิดคัดนักศึกษาปัจจุบันรหัส65 ปีเกิดพศ2545 ขึ้นไป เข้าร่วมแข่งขันกีฬาฟุตซอลรายการ IMANE THAILAND FUTSAL FRESHY UNVERSITY THE CHAMPIONSHIP 20222023 ที่สนามฟุต… See more,3
ขายสัญญาเช่าคอนโด รีเจนท์โฮม บางซ่อน เฟส28 ตึกDชั้น 16 ใกล้ MRT บางซ่อน 180 เมตร สัญญาหมดเดือน เมย สามารถต่อสัญญาได้ สามารถเข้าอยู่ได้วันที่ 1 กพ ค่าเช่า6000฿เดือน ข… See more,3
ปุกาด ปุกาดดด ร้านเจ๊โหด พี่หญิง อาหารตามสั่งเปิดแล้วน้า ย้ายร้านใหม่มาตรงโค้งหลังมอ ตรงวินมอเตอร์ไซต์ข้ามสะพานเหล็กเข้าไปได้เล้ยยย รายการอาหารเริ่มต้นที่ 55 บาท ส่งฟรีซอย 11 และบริเวณใกล้เคียง ร้านเปิดทุกวัน 0830 1730 น โทรสั่งได้ที่เบอร์ 0894953853 หรือ Line f2536k2533,3
สวัสดีค่ะ ขออนุญาตมาประชาสัมพันธ์งาน Job Fair ปี 2566 ค่ะ เผื่อใครสนใจมาร่วมงานกับทางไดกิ้น คอมเพรสเซอร์ ระยอง บริษัทมั่นคง สวัสดิการดี มีรถรับส่งฟรี ข้าวกลางวันฟรี โบนัสตามผลประกอบการค่ะ,3
ตาราง Jobfair ปี 2023 พบกับเราไดกิ้น คอมเพรสเซอร์ ระยอง ได้ที่งาน Jobfair ตามมหาวิทยาลัยต่าง ๆ ใครสนใจร่วมงานกับเรามาเข้าร่วมงานเยอะ ๆ น้า,3
หาคนรับติววิชา fluid mechanic ตอนนี้ผมมี 2 คนครับ,3
เผื่อน้องๆสนใจครับ,3
เปิดคัดนักศึกษาปัจจุบันรหัส65 ปีเกิดพศ2545 ขึ้นไป เข้าร่วมแข่งขันกีฬาฟุตซอลรายการ IMANE THAILAND FUTSAL FRESHY UNVERSITY THE CHAMPIONSHIP 20222023 ที่สนามฟุต… See more,3
ขายสัญญาเช่าคอนโด รีเจนท์โฮม บางซ่อน เฟส28 ตึกDชั้น 16 ใกล้ MRT บางซ่อน 180 เมตร สัญญาหมดเดือน เมย สามารถต่อสัญญาได้ สามารถเข้าอยู่ได้วันที่ 1 กพ ค่าเช่า6000฿เดือน ข… See more,3
ใครทำโทรศัพท์ตกหน้า ulife prime ตึก 3 ครับ เดี๋ยวฝากไว้ที่ยามนะครับ,3
