,date_time,username,user_id,post_type,text,image
0,2022-10-20 23:22:57,Rew Tem,812068554,ประกาศของซื้อขาย,"['ขาย', 'ปรินเตอร์', 'hp', 'ซื้อ', 'มือหนึ่ง', '1800', 'ขาย', '1000', 'บาท', 'ประกัน', 'นัด', 'รับได้', 'แถว', 'มจพ', 'สนใจ', 'ติดต่อ', '0891625999', 'ทราย']",https://m.facebook.com/photo/view_full_size/?fbid=10160162692793555&ref_component=mbasic_photo_permalink&ref_page=%2Fwap%2Fphoto.php&refid=13&__tn__=%2Cg
1,2022-10-21 16:45:09,Folk Unche,100002669275916,ประกาศของซื้อขาย,"['ปล่อย', 'บัตร', 'ขาย', 'บัตร', 'calum', 'scott', '“', 'bridg', 'asia', 'tour', '2022', '”', 'เสาร์', '22', 'ตุลาคม', '2565', 'บัตร', '2200', 'บาท', '1000', 'บาท', 'จำนวน', '2', 'ใบ']",https://m.facebook.com/photo/view_full_size/?fbid=5353413808090875&ref_component=mbasic_photo_permalink&ref_page=%2Fwap%2Fphoto.php&refid=13&_ft_=qid.-5391692896100305874%3Amf_story_key.1268356407297116%3Atop_level_post_id.1268356407297116%3Atl_objid.1268356407297116%3Acontent_owner_id_new.100002669275916%3Apage_id.197822284350539%3Asrc.22%3Aphoto_id.5353413808090875%3Astory_location.6%3Astory_attachment_style.photo%3Afilter.GroupStoriesByActivityEntQuery%3Aott.ottAX-ax58XN4sL0svN%3Asty.308%3Aent_attachement_type.MediaAttachment%3Apage_insights.%7B%22197822284350539%22%3A%7B%22page_id%22%3A197822284350539%2C%22page_id_type%22%3A%22group%22%2C%22actor_id%22%3A100002669275916%2C%22dm%22%3A%7B%22isShare%22%3A0%2C%22originalPostOwnerID%22%3A0%7D%2C%22psn%22%3A%22EntGroupMallPostCreationStory%22%2C%22post_context%22%3A%7B%22object_fbtype%22%3A657%2C%22publish_time%22%3A1666345509%2C%22story_name%22%3A%22EntGroupMallPostCreationStory%22%2C%22story_fbid%22%3A%5B1268356407297116%5D%7D%2C%22role%22%3A1%2C%22sl%22%3A6%7D%7D%3Aactrs.100002669275916%3Atds_flgs.3%3Aftmd_400706.111111l&__tn__=%2Cg
2,2022-10-21 13:14:39,Rattanachai,100006428336507,ประกาศของซื้อขาย,"['ขออนุญาต', 'ขาย', 'โต๊ะ', 'คอม', 'ซื้อ', 'shope', '900', 'ปล่อย', '500', '120', 'x', '60', 'x', '75', 'มีตำหนิ', 'ด้านหลัง', 'นิดเดียว', 'รูป', 'บ้าน', 'โซน', 'วัด', 'กำแพง']",https://m.facebook.com/photo/view_full_size/?fbid=4004340126456892&ref_component=mbasic_photo_permalink&ref_page=%2Fwap%2Fphoto.php&refid=13&__tn__=%2Cg
3,2022-10-21 15:22:25,ภาณุพงศ์ ศรีสุทธิ์,100007151494498,ประกาศของหาย,"['ติดต่อ', 'รับคืน', 'เจอ', 'ตึก', 'tgg']",https://m.facebook.com/photo/view_full_size/?fbid=3250145368567148&ref_component=mbasic_photo_permalink&ref_page=%2Fwap%2Fphoto.php&refid=13&_ft_=qid.-5391692896331172627%3Amf_story_key.1268320193967404%3Atop_level_post_id.1268320193967404%3Atl_objid.1268320193967404%3Acontent_owner_id_new.100007151494498%3Apage_id.197822284350539%3Asrc.22%3Aphoto_id.3250145368567148%3Astory_location.6%3Astory_attachment_style.photo%3Afilter.GroupStoriesByActivityEntQuery%3Aott.ottAX-Ta8CGz-hkRo1N%3Asty.308%3Aent_attachement_type.MediaAttachment%3Apage_insights.%7B%22197822284350539%22%3A%7B%22page_id%22%3A197822284350539%2C%22page_id_type%22%3A%22group%22%2C%22actor_id%22%3A100007151494498%2C%22dm%22%3A%7B%22isShare%22%3A0%2C%22originalPostOwnerID%22%3A0%7D%2C%22psn%22%3A%22EntGroupMallPostCreationStory%22%2C%22post_context%22%3A%7B%22object_fbtype%22%3A657%2C%22publish_time%22%3A1666340545%2C%22story_name%22%3A%22EntGroupMallPostCreationStory%22%2C%22story_fbid%22%3A%5B1268320193967404%5D%7D%2C%22role%22%3A1%2C%22sl%22%3A6%7D%7D%3Aactrs.100007151494498%3Atds_flgs.3%3Aftmd_400706.111111l&__tn__=%2Cg
4,2022-10-20 23:09:24,Kanyarat Phongsathian,100008315855896,ประกาศของซื้อขาย,"['ติด', 'จอง', 'ขาย', 'สัญญา', 'หอ', 'bless', 'salcha', 'สัญญา', '10900', 'เข้าเดือน', '5800', '16700', 'ตอน', 'หมดสัญญา', 'ได้คืน', '10900', 'หมดสัญญา', 'กค', '2566', 'ห้อง', 'เดือน', '5800', 'ค่าน้ำ', 'หน่วย', '20', '฿', 'ไฟ', 'หน่วย', '8', '฿', 'ชั้น', '5']",https://m.facebook.com/photo/view_full_size/?fbid=3539102119710282&ref_component=mbasic_photo_permalink&ref_page=%2Fwap%2Fphoto.php&refid=13&__tn__=%2Cg
5,2022-10-18 16:45:42,GB'AomAm Fz,100003922308416,ประกาศของซื้อขาย,"['มอ', 'รู้จัก', 'ร้าน', 'ขาย', 'ว่าว', 'เล่น', 'ขอบคุณ', 'ขอบคุณ', 'ล่วงหน้า', 'ค้าบ']",
6,2022-10-13 17:25:18,สรวิชญ์ มงคลชัยชนะ,100009381055222,ประกาศของซื้อขาย,"['ขาย', 'สัญญา', 'หอ', 'ulif', 'prime', 'ห้อง', '34', 'คน', 'ห้อง', 'ริม', 'ชั้น', '6', 'ห้อง', '10500', 'บาท', 'เดือน', 'เดือน', 'ธันวาคม', 'รายละเอียด', '1', 'ประกัน', 'สัญญา', '14000', 'สัญญา', '1', 'ปี', '2', 'ห้อง', 'เดือน', 'รายละเอียด', 'หอ', 'น้ำ', '19', 'หน่วย', 'มิเตอร์', 'ไฟ', '8', 'หน่วย', 'มิเตอร์', 'ที่จอดรถ', 'ยนต์', 'ฟรี', 'ที่จอดรถ', 'มอเตอร์ไซค์', 'มีค่า', 'ส่วนกลาง', 'ฟรี', 'คีย์', 'การ์ด', '4', 'ใบ', 'ฟรี', 'ฟิตเนส', 'ให้บริการ', 'ฟรี', 'ล้าง', 'แอร์', '6', 'เดือน', 'สิ่งอำนวยความสะดวก', 'เครื่อง', 'ป', 'ริ้น', 'เต', 'อร', '์', 'หอพัก', 'ให้บริการ', '24', 'ชม', 'ตู้', 'เซเว่น', 'ให้บริการ', '24', 'ชม', 'คาเฟ่', 'เครื่องดื่ม', 'ตึก', 'ให้บริการ', 'คาเฟ่', 'ขาย', 'เครื่องดื่ม', 'แอล', 'กอ', 'ฮอร์', 'ตู้', 'บริการ', 'พัสดุ', '24', 'ชม', 'สอบถาม', 'รายละเอียด', 'ทัก', 'แชท']",https://m.facebook.com/photo/view_full_size/?fbid=3412572875732047&ref_component=mbasic_photo_permalink&ref_page=%2Fwap%2Fphoto.php&refid=13&__tn__=%2Cg
7,2022-10-20 01:36:33,โดม วราสุทธิ์,100007976834756,ประกาศของซื้อขาย,"['ส่งต่อ', 'ตู้เย็น', 'ค้าบ', 'ผม', 'ซื้อ', 'พี่', 'ย้าย', 'หอ', 'คับ', 'หอ', 'ตู้เย็น', 'ขายต่อ', 'คับ', '1500', 'บาท', 'คับ', 'ค้าบ', 'ขาย', 'ค้าบ']",https://m.facebook.com/photo/view_full_size/?fbid=3356098081332720&ref_component=mbasic_photo_permalink&ref_page=%2Fwap%2Fphoto.php&refid=13&__tn__=%2Cg
8,2022-10-19 18:47:50,เอิง.,100002596442411,ประกาศของซื้อขาย,"['ขาย', 'เซ็ต', '1000', 'คอนโด', 'เซ็น', 'ทริค', 'ติวานนท์']",https://m.facebook.com/photo/view_full_size/?fbid=5442733405823154&ref_component=mbasic_photo_permalink&ref_page=%2Fwap%2Fphoto.php&refid=13&_ft_=qid.-5391688568252240806%3Amf_story_key.1266941600771930%3Atop_level_post_id.1266941600771930%3Atl_objid.1266941600771930%3Acontent_owner_id_new.100002596442411%3Apage_id.197822284350539%3Asrc.22%3Aphoto_id.5442733405823154%3Astory_location.6%3Astory_attachment_style.photo%3Afilter.GroupStoriesByActivityEntQuery%3Aott.ottAX_0mtdZKcGKDgPY%3Asty.308%3Aent_attachement_type.MediaAttachment%3Apage_insights.%7B%22197822284350539%22%3A%7B%22page_id%22%3A197822284350539%2C%22page_id_type%22%3A%22group%22%2C%22actor_id%22%3A100002596442411%2C%22dm%22%3A%7B%22isShare%22%3A0%2C%22originalPostOwnerID%22%3A0%7D%2C%22psn%22%3A%22EntGroupMallPostCreationStory%22%2C%22post_context%22%3A%7B%22object_fbtype%22%3A657%2C%22publish_time%22%3A1666180070%2C%22story_name%22%3A%22EntGroupMallPostCreationStory%22%2C%22story_fbid%22%3A%5B1266941600771930%5D%7D%2C%22role%22%3A1%2C%22sl%22%3A6%7D%7D%3Aactrs.100002596442411%3Atds_flgs.3%3Aftmd_400706.111111l&__tn__=%2Cg
9,2022-10-21 08:22:31,Jittima Wongnayat,100005059268488,ประกาศของหาย,"['เจอ', 'กระเป๋า', 'เงิน', 'หนัง', 'สีน้ำเงิน', 'clip', 'wallet', 'มอ', 'แจ้ง', 'ตอนนี้', 'กระเป๋า', 'เงิน', 'หาย']",
10,2022-10-19 21:12:51,Chakrit Pinchomchay,100007498512433,ประกาศของซื้อขาย,"['ขาย', 'รองเท้า', 'บาส', 'size', '115', 'us', 'สภาพ', 'โคตร', 'ขาย', '3000', '฿', 'นัด', 'มอ', 'มอ', 'อุปกรณ์']",https://m.facebook.com/photo/view_full_size/?fbid=3229258430667409&ref_component=mbasic_photo_permalink&ref_page=%2Fwap%2Fphoto.php&refid=13&__tn__=%2Cg
11,2022-10-20 22:21:36,Chatchawan Kesorn,100003489792782,ประกาศของซื้อขาย,"['ขาย', 'ตู้เย็น', '2', 'ประตู', '34', 'คิว', 'แถว', 'วัด', 'กำแพง', 'ทะลุ', 'ซอย', 'พระ', 'จอม', 'ขาย', 'เนื่อง', 'จากไป', 'ซื้อ', 'ตู้', '1500', 'บาท', 'คับ']",https://m.facebook.com/photo/view_full_size/?fbid=5546482132144725&ref_component=mbasic_photo_permalink&ref_page=%2Fwap%2Fphoto.php&refid=13&__tn__=%2Cg
12,2022-10-20 19:17:19,KMUTNB Community,427717612783048,ประกาศของซื้อขาย,"['ขาย', 'hyperx', 'cloud', 'earbud', 'มือสอง', 'เจ้าของ', 'ขาย', 'อุปกรณ์', 'ใบเสร็จ', 'หาย', 'นัด', 'มอ', 'มอ', '700', '40', 'ดู', 'รูป', 'dm']",https://scontent.fbkk2-8.fna.fbcdn.net/v/t39.30808-6/311583700_444518027769673_1543908691377230728_n.jpg?stp=cp0_dst-jpg_e15_fr_q65&_nc_cat=103&ccb=1-7&_nc_sid=5bac3a&_nc_ohc=uTUUftcMUyAAX_vcwRN&_nc_ht=scontent.fbkk2-8.fna&oh=00_AT_cnNsv1VrXNzGS8p3q4qsyJr82JktkAkFjlmCwFSn9sQ&oe=635859C5
13,2022-10-19 01:38:58,Gear Threerapat,100023830118139,ประกาศของซื้อขาย,"['ขออนุญาต', 'ขาย', 'แฟน', 'เก่า', 'คืน', 'นัด', 'มอ', 'มอ', 'คอนโด', 'ลุ', 'มน', 'คร', 'อินทร์', 'เอาจริง', 'ลด']",https://m.facebook.com/photo/view_full_size/?fbid=1332987084172283&ref_component=mbasic_photo_permalink&ref_page=%2Fwap%2Fphoto.php&refid=13&_ft_=qid.-5391681764994573357%3Amf_story_key.1266442974155126%3Atop_level_post_id.1266442974155126%3Atl_objid.1266442974155126%3Acontent_owner_id_new.100023830118139%3Apage_id.197822284350539%3Asrc.22%3Aphoto_id.1332987084172283%3Astory_location.6%3Astory_attachment_style.photo%3Afilter.GroupStoriesByActivityEntQuery%3Aott.ottAX_rQv62-xQGAxiv%3Asty.308%3Aent_attachement_type.MediaAttachment%3Apage_insights.%7B%22197822284350539%22%3A%7B%22page_id%22%3A197822284350539%2C%22page_id_type%22%3A%22group%22%2C%22actor_id%22%3A100023830118139%2C%22dm%22%3A%7B%22isShare%22%3A0%2C%22originalPostOwnerID%22%3A0%7D%2C%22psn%22%3A%22EntGroupMallPostCreationStory%22%2C%22post_context%22%3A%7B%22object_fbtype%22%3A657%2C%22publish_time%22%3A1666118338%2C%22story_name%22%3A%22EntGroupMallPostCreationStory%22%2C%22story_fbid%22%3A%5B1266442974155126%5D%7D%2C%22role%22%3A1%2C%22sl%22%3A6%7D%7D%3Aactrs.100023830118139%3Atds_flgs.3%3Aftmd_400706.111111l&__tn__=%2Cg
14,2022-10-18 22:13:51,Lerkiat Seesirichot,100007789157492,ประกาศของซื้อขาย,"['ๆม', 'ร้าน', 'ขาย', 'อุปกรณ์', 'อิเล็กทรอนิกส์', 'ไหม', 'resistor', 'transistor', 'ขอบคุณ']",
15,2022-09-25 18:05:34,Gear Threerapat,100023830118139,ประกาศของซื้อขาย,"['ขาย', 'ตัว', 'ไร้สาย', 'แยก', 'เสียง', 'ซ้าย', 'ขวา', 'ประกัน', 'เต็ม', 'ซื้อ', 'นัด', 'มอ', 'มอ', 'คอนโด', 'ลุ', 'ม', 'ราคา', '3500']",https://m.facebook.com/photo/view_full_size/?fbid=1313820946088897&ref_component=mbasic_photo_permalink&ref_page=%2Fwap%2Fphoto.php&refid=13&_ft_=qid.-5391677916704202643%3Amf_story_key.1247733522692738%3Atop_level_post_id.1247733522692738%3Atl_objid.1247733522692738%3Acontent_owner_id_new.100023830118139%3Apage_id.197822284350539%3Asrc.22%3Aphoto_id.1313820946088897%3Astory_location.6%3Astory_attachment_style.photo%3Afilter.GroupStoriesByActivityEntQuery%3Aott.ottAX-DvGGSh5-4ogI1%3Asty.308%3Aent_attachement_type.MediaAttachment%3Apage_insights.%7B%22197822284350539%22%3A%7B%22page_id%22%3A197822284350539%2C%22page_id_type%22%3A%22group%22%2C%22actor_id%22%3A100023830118139%2C%22dm%22%3A%7B%22isShare%22%3A0%2C%22originalPostOwnerID%22%3A0%7D%2C%22psn%22%3A%22EntGroupMallPostCreationStory%22%2C%22post_context%22%3A%7B%22object_fbtype%22%3A657%2C%22publish_time%22%3A1664103934%2C%22story_name%22%3A%22EntGroupMallPostCreationStory%22%2C%22story_fbid%22%3A%5B1247733522692738%5D%7D%2C%22role%22%3A1%2C%22sl%22%3A6%7D%7D%3Aactrs.100023830118139%3Atds_flgs.3%3Aftmd_400706.111111l&__tn__=%2Cg
16,2022-10-19 04:09:28,Tunyaboonpipop Wongsilp,100074267618977,ประกาศของหาย,"['พี่', 'คน', 'ทำ', 'บัตรประชาชน', 'หาย', 'ติด', 'ต่อมา', 'ค้าบ']",https://m.facebook.com/photo/view_full_size/?fbid=195601456258774&ref_component=mbasic_photo_permalink&ref_page=%2Fwap%2Fphoto.php&refid=13&_ft_=qid.-5391677916783260919%3Amf_story_key.1266513524148071%3Atop_level_post_id.1266513524148071%3Atl_objid.1266513524148071%3Acontent_owner_id_new.100074267618977%3Apage_id.197822284350539%3Asrc.22%3Aphoto_id.195601456258774%3Astory_location.6%3Astory_attachment_style.photo%3Afilter.GroupStoriesByActivityEntQuery%3Aott.ottAX8biluSWtbbXW8a%3Asty.308%3Aent_attachement_type.MediaAttachment%3Apage_insights.%7B%22197822284350539%22%3A%7B%22page_id%22%3A197822284350539%2C%22page_id_type%22%3A%22group%22%2C%22actor_id%22%3A100074267618977%2C%22dm%22%3A%7B%22isShare%22%3A0%2C%22originalPostOwnerID%22%3A0%7D%2C%22psn%22%3A%22EntGroupMallPostCreationStory%22%2C%22post_context%22%3A%7B%22object_fbtype%22%3A657%2C%22publish_time%22%3A1666127368%2C%22story_name%22%3A%22EntGroupMallPostCreationStory%22%2C%22story_fbid%22%3A%5B1266513524148071%5D%7D%2C%22role%22%3A1%2C%22sl%22%3A6%7D%7D%3Aactrs.100074267618977%3Atds_flgs.3%3Aftmd_400706.111111l&__tn__=%2Cg
17,2022-10-18 22:22:12,Siwat Charoensripongsa,100007928057618,ประกาศของหาย,"['ลืม', 'สาย', 'ชาร์ต', 'แบต', 'ทัก', 'รับคืน', 'มจพ', 'ตอน', '2', 'ทุ่ม']",https://m.facebook.com/photo/view_full_size/?fbid=3293898814217688&ref_component=mbasic_photo_permalink&ref_page=%2Fwap%2Fphoto.php&refid=13&_ft_=qid.-5391677916814296967%3Amf_story_key.1266336004165823%3Atop_level_post_id.1266336004165823%3Atl_objid.1266336004165823%3Acontent_owner_id_new.100007928057618%3Apage_id.197822284350539%3Asrc.22%3Aphoto_id.3293898814217688%3Astory_location.6%3Astory_attachment_style.photo%3Afilter.GroupStoriesByActivityEntQuery%3Aott.ottAX_3T4oBOqj2vCGt%3Asty.308%3Aent_attachement_type.MediaAttachment%3Apage_insights.%7B%22197822284350539%22%3A%7B%22page_id%22%3A197822284350539%2C%22page_id_type%22%3A%22group%22%2C%22actor_id%22%3A100007928057618%2C%22dm%22%3A%7B%22isShare%22%3A0%2C%22originalPostOwnerID%22%3A0%7D%2C%22psn%22%3A%22EntGroupMallPostCreationStory%22%2C%22post_context%22%3A%7B%22object_fbtype%22%3A657%2C%22publish_time%22%3A1666106532%2C%22story_name%22%3A%22EntGroupMallPostCreationStory%22%2C%22story_fbid%22%3A%5B1266336004165823%5D%7D%2C%22role%22%3A1%2C%22sl%22%3A6%7D%7D%3Aactrs.100007928057618%3Atds_flgs.3%3Aftmd_400706.111111l&__tn__=%2Cg
18,2022-10-13 10:23:40,Renuka Wisateaksorn,100004829945767,ประกาศของซื้อขาย,"['แบ่ง', 'ขาย', 'หัว', 'ปากกา', 'appl', 'pencil', 'หัว', '230', 'บาท', 'นัด', 'มจพ', 'มอ']",https://m.facebook.com/photo/view_full_size/?fbid=2144427455728232&ref_component=mbasic_photo_permalink&ref_page=%2Fwap%2Fphoto.php&refid=13&_ft_=qid.-5391677916767355403%3Amf_story_key.1262158341250256%3Atop_level_post_id.1262158341250256%3Atl_objid.1262158341250256%3Acontent_owner_id_new.100004829945767%3Apage_id.197822284350539%3Asrc.22%3Aphoto_id.2144427455728232%3Astory_location.6%3Astory_attachment_style.photo%3Afilter.GroupStoriesByActivityEntQuery%3Aott.ottAX82A9IVC5Kyb4Yb%3Asty.308%3Aent_attachement_type.MediaAttachment%3Apage_insights.%7B%22197822284350539%22%3A%7B%22page_id%22%3A197822284350539%2C%22page_id_type%22%3A%22group%22%2C%22actor_id%22%3A100004829945767%2C%22dm%22%3A%7B%22isShare%22%3A0%2C%22originalPostOwnerID%22%3A0%7D%2C%22psn%22%3A%22EntGroupMallPostCreationStory%22%2C%22post_context%22%3A%7B%22object_fbtype%22%3A657%2C%22publish_time%22%3A1665631420%2C%22story_name%22%3A%22EntGroupMallPostCreationStory%22%2C%22story_fbid%22%3A%5B1262158341250256%5D%7D%2C%22role%22%3A1%2C%22sl%22%3A6%7D%7D%3Aactrs.100004829945767%3Atds_flgs.3%3Aftmd_400706.111111l&__tn__=%2Cg
19,2022-09-23 17:40:22,Jiranun Suphanthamat,100009580402983,ประกาศของซื้อขาย,"['ขาย', 'สัญญา', 'หอ', 'มอ', 'เพื่อน', 'ซื้อ', 'sign', 'ห้อง', 'มุม', 'ห้อง', 'เดือน', '5000', 'หอ', 'กลาง', 'ซอย', '711', 'ของกิน', 'ห้อง', 'ชั้น', '2', 'เดิน', 'นิดเดียว', 'เจ้าของ', 'หอ', 'คุย', 'ไฟ', '8', 'น้ำ', '18', 'เตียง', '5', 'ฟุต', 'โต๊ะ', 'อ่าน', 'นส', 'ตู้เสื้อผ้า', 'สนใจ', 'สอบถาม', 'เข้ามา', 'ดู', 'ห้อง']",https://m.facebook.com/photo/view_full_size/?fbid=3169107973418518&ref_component=mbasic_photo_permalink&ref_page=%2Fwap%2Fphoto.php&refid=13&__tn__=%2Cg
20,2022-10-09 14:49:48,Settasak Naewchan,100003711192146,ประกาศของซื้อขาย,"['อนุ', 'ญาติ', 'ส่งต่อ', 'ใช้แล้ว', 'ไมค์', 'ขาย', 'เมาส์', 'logitech', 'g', '102', 'ไฟ', 'rgb', 'ความเร็ว', 'คีบอร์ด', 'ยาง', 'hp', 'ไฟ', 'rgb', '2', 'ขาย', '500']",https://m.facebook.com/photo/view_full_size/?fbid=2864560037011008&ref_component=mbasic_photo_permalink&ref_page=%2Fwap%2Fphoto.php&refid=13&__tn__=%2Cg
21,2022-10-17 13:45:23,Tanabordee RZ,1143760307,ประกาศของหาย,"['น้อง', 'ทำ', 'กระเป๋า', 'เงิน', 'หล่น', 'หาย', 'ร้าน', 'เชค', 'อิน']",https://m.facebook.com/photo/view_full_size/?fbid=10221460888728657&ref_component=mbasic_photo_permalink&ref_page=%2Fwap%2Fphoto.php&refid=13&_ft_=qid.-5391674549466470576%3Amf_story_key.1265287064270717%3Atop_level_post_id.1265287064270717%3Atl_objid.1265287064270717%3Acontent_owner_id_new.1143760307%3Apage_id.439079852961892%3Asrc.22%3Aphoto_id.10221460888728657%3Astory_location.6%3Astory_attachment_style.photo%3Atagged_locations.439079852961892%3Afilter.GroupStoriesByActivityEntQuery%3Aott.ottAX8HFexvRdaHY5uy%3Asty.308%3Aent_attachement_type.MediaAttachment%3Apage_insights.%7B%22439079852961892%22%3A%7B%22page_id%22%3A439079852961892%2C%22page_id_type%22%3A%22page%22%2C%22actor_id%22%3A1143760307%2C%22dm%22%3A%7B%22isShare%22%3A0%2C%22originalPostOwnerID%22%3A0%7D%2C%22psn%22%3A%22EntGroupMallPostCreationStory%22%2C%22role%22%3A4%2C%22sl%22%3A6%2C%22targets%22%3A%5B%7B%22actor_id%22%3A1143760307%2C%22page_id%22%3A439079852961892%2C%22role%22%3A4%7D%5D%7D%2C%22197822284350539%22%3A%7B%22page_id%22%3A197822284350539%2C%22page_id_type%22%3A%22group%22%2C%22actor_id%22%3A1143760307%2C%22dm%22%3A%7B%22isShare%22%3A0%2C%22originalPostOwnerID%22%3A0%7D%2C%22psn%22%3A%22EntGroupMallPostCreationStory%22%2C%22post_context%22%3A%7B%22object_fbtype%22%3A657%2C%22publish_time%22%3A1665989123%2C%22story_name%22%3A%22EntGroupMallPostCreationStory%22%2C%22story_fbid%22%3A%5B1265287064270717%5D%7D%2C%22role%22%3A1%2C%22sl%22%3A6%7D%7D%3Aactrs.1143760307%3Atds_flgs.3%3Aftmd_400706.111111l&__tn__=%2Cg
22,2022-10-17 15:05:42,KMUTNB Community,1103762683615933,ประกาศของหาย,"['airpod', 'pro', 'เคส', 'spiderman', 'แถว', 'ตลาด', 'ชิล', 'ชิล', 'หาย', 'เสาร์']",
23,2022-10-17 12:06:24,Sabarinibutribenti Husen,100012536046028,ประกาศของซื้อขาย,"['ขวด', 'เบียร์', 'สิงห์', 'เปล่าๆ', 'ขาย', 'ไหม', 'บรรจุ', 'เบียร์', 'ต้ม', 'ขวด', 'เบียร์', 'สิงห์']",
24,2022-10-14 23:19:30,KMUTNB Community,762256428429950,ประกาศของซื้อขาย,"['ขออนุญาต', 'สอบถาม', 'มอ', 'ร้าน', 'ขาย', 'สี', 'ย้อมผม', 'ยา', 'กัด', 'ผม']",
25,2022-10-16 18:17:42,Nut Manassawee,100003985995890,ประกาศของหาย,"['ตามหา', 'น้อง', 'แมว', 'ภาพ', 'บ', 'หาย', 'บริเวณ', 'บ้าน', 'หน้า', 'ร้าน', 'subscrib', 'พบเห็น', 'ติดต่อ', 'เบอร์', '0971234303', 'ขอบคุณ', 'หาย', 'คาด', 'น้อง', 'เที่ยวเตร่']",https://m.facebook.com/photo/view_full_size/?fbid=2668898136586360&ref_component=mbasic_photo_permalink&ref_page=%2Fwap%2Fphoto.php&refid=13&_ft_=qid.-5391669876506676490%3Amf_story_key.1264679960998094%3Atop_level_post_id.1264679960998094%3Atl_objid.1264679960998094%3Acontent_owner_id_new.100003985995890%3Apage_id.197822284350539%3Asrc.22%3Aphoto_id.2668898136586360%3Astory_location.6%3Astory_attachment_style.photo%3Afilter.GroupStoriesByActivityEntQuery%3Aott.ottAX-Xwy84l2jCJCl6%3Asty.308%3Aent_attachement_type.MediaAttachment%3Apage_insights.%7B%22197822284350539%22%3A%7B%22page_id%22%3A197822284350539%2C%22page_id_type%22%3A%22group%22%2C%22actor_id%22%3A100003985995890%2C%22dm%22%3A%7B%22isShare%22%3A0%2C%22originalPostOwnerID%22%3A0%7D%2C%22psn%22%3A%22EntGroupMallPostCreationStory%22%2C%22post_context%22%3A%7B%22object_fbtype%22%3A657%2C%22publish_time%22%3A1665919062%2C%22story_name%22%3A%22EntGroupMallPostCreationStory%22%2C%22story_fbid%22%3A%5B1264679960998094%5D%7D%2C%22role%22%3A1%2C%22sl%22%3A6%7D%7D%3Aactrs.100003985995890%3Atds_flgs.3%3Aftmd_400706.111111l&__tn__=%2Cg
26,2022-10-11 15:24:45,Aum Pornphimol,100003309477791,ประกาศของซื้อขาย,"['แบ่ง', 'ขาย', 'ปลาย', 'appl', 'pencil', 'หัว', '230', 'บาท', '2', 'หัว', '450', 'บาท', 'ค้าบ', 'บบ', 'นัด', 'รับได้', 'มจพ', 'เย็น', 'ซื้อ', 'คืนนี้', 'ค้าบ']",https://m.facebook.com/photo/view_full_size/?fbid=5565140536939540&ref_component=mbasic_photo_permalink&ref_page=%2Fwap%2Fphoto.php&refid=13&_ft_=qid.-5391669876459541498%3Amf_story_key.1260700454729378%3Atop_level_post_id.1260700454729378%3Atl_objid.1260700454729378%3Acontent_owner_id_new.100003309477791%3Apage_id.197822284350539%3Asrc.22%3Aphoto_id.5565140536939540%3Astory_location.6%3Astory_attachment_style.photo%3Afilter.GroupStoriesByActivityEntQuery%3Aott.ottAX_e0NPinnCh9dLi%3Asty.308%3Aent_attachement_type.MediaAttachment%3Apage_insights.%7B%22197822284350539%22%3A%7B%22page_id%22%3A197822284350539%2C%22page_id_type%22%3A%22group%22%2C%22actor_id%22%3A100003309477791%2C%22dm%22%3A%7B%22isShare%22%3A0%2C%22originalPostOwnerID%22%3A0%7D%2C%22psn%22%3A%22EntGroupMallPostCreationStory%22%2C%22post_context%22%3A%7B%22object_fbtype%22%3A657%2C%22publish_time%22%3A1665476685%2C%22story_name%22%3A%22EntGroupMallPostCreationStory%22%2C%22story_fbid%22%3A%5B1260700454729378%5D%7D%2C%22role%22%3A1%2C%22sl%22%3A6%7D%7D%3Aactrs.100003309477791%3Atds_flgs.3%3Aftmd_400706.111111l&__tn__=%2Cg
27,2022-10-12 20:39:10,Pattaranan Khachai,100008160340707,ประกาศของซื้อขาย,"['ขาย', 'สัญญา', 'หอพัก', 'หญิง', 'กาญจน์', 'ห้อง', 'ตึก', 'ตึก', '3', 'ติดกับ', 'บ้านเรือน', 'ไทย', 'ชั้น', '5', 'ลม', 'เย็น', 'ตอนเช้า', 'แดด', 'แรง', 'เสียง', 'สงบ', 'เดิน', 'เหนื่อย', 'ประตู', 'มอ', 'ออกมา', 'เลี้ยวซ้าย', 'ตรงข้าม', 'หอ', 'ชาย', 'จินตนา', 'เดินทาง', 'สะดวก', 'ร้านอาหาร', 'จิปาถะ', 'เจ้าของ', 'หอ', 'ใจ', 'ดีมาก', 'ซ่อม', 'ติดต่อ', 'เจ้าของ', 'หอ', 'ผู้ดูแล', 'หอคอย', 'ทำความสะอาด', 'ที่จอดรถ', 'มอเตอร์ไซค์', 'คนนอก', 'เจ้าของ', 'หอ', 'เคร่ง', 'ประสบการณ์', 'รายละเอียด', 'ค่าใช้จ่าย', 'สัญญา', 'ประกัน', 'ห้อง', '10000', 'บาท', 'ห้อง', 'เดือน', '5000', 'บาท', '15000', 'บาท', 'สัญญา', '1', 'ปี', 'ตอนนี้', 'เหลือประมาณ', '89', 'เดือน', 'เดือน', 'ตุลา', 'กรกฎา', 'หมดสัญญา', 'เดือน', 'กรกฎาคม', 'พศ', '2566', 'เปิดเทอม', 'รายละเอียด', 'ห้อง', 'ห้อง', 'เดือน', '5000', 'บาท', 'ค่าน้ำ', '8', 'บาท', 'ขั้นต่ำ', '50', 'บาท', 'เดือน', 'ไฟ', '18', 'บาท', 'มีค่า', 'ส่วนกลาง', 'กุญแจ', 'คีย์', 'การ์ด', '1', 'ชุด', 'สิ่งอำนวยความสะดวก', 'หอ', 'เครื่องซักผ้า', 'ชั้น', '1', '3', 'เครื่อง', 'เครื่องกรองน้ำ', 'ชั้น', '1', '1', 'เครื่อง', 'ตู้', 'กด', 'เซเว่น', '1', 'เครื่อง', 'ของกิน', 'เครื่องใช้ไฟฟ้า', 'เฟอร์นิเจอร์', 'ห้อง', 'แอร์', 'ตู้เสื้อผ้า', 'เตียง', '5', 'ฟุต', 'โต๊ะ', '1', 'ตัว', 'เก้าอี้', '2', 'ตัว', 'ระเบียบ', 'ราวตากผ้า', 'ตาข่าย', 'นก', 'ห้องน้ำ', 'ชั้นวางของ', '2', 'ตำแหน่ง', 'ฝักบัว', 'หน้า', 'กระจก', 'free', 'wifi', '1', 'user', 'ใช้ได้', '2', 'เครื่อง', 'สนใจ', 'ib', 'สอบถาม', 'ติดต่อ', 'ดู', 'ห้อง', 'แจ้ง', 'ปล', 'รูปหน้า', 'ตึก', 'ถ่าย', 'ตอนกลางคืน', 'ฝนตก', 'โดยปกติ', 'มืด', 'แล้วก็', 'วังเวง', 'ห้อง', 'ทำความสะอาด', 'เรียบร้อย']",https://m.facebook.com/photo/view_full_size/?fbid=3443340982614546&ref_component=mbasic_photo_permalink&ref_page=%2Fwap%2Fphoto.php&refid=13&__tn__=%2Cg
28,2022-10-15 23:26:21,Warissara Sakaew,100009768821050,ประกาศของซื้อขาย,"['ตรวจ', 'โควิด', 'ขาย', 'ตอนนี้']",
29,2022-10-15 17:32:18,Nawaphon Srioontong,100031978597673,ประกาศของซื้อขาย,"['ขาตั้ง', 'ไมล์', 'บูม', 'ให้ยืม', 'ขาย', 'ไหม', 'ต้องการ', 'ด่วน']",
30,2022-10-06 19:14:15,Pimolphan Saisuwan,100012798491239,ประกาศของซื้อขาย,"['‼', 'ขาย', 'สัญญา', 'หอ', 'kin', 'hous', '‼', 'สัญญา', '8000', 'บาท', 'เข้าเดือน', '5500', 'บาท', '13500', 'บาท', 'ตอน', 'หมดสัญญา', 'ได้คืน', '8000', 'บาท', 'หมดสัญญา', 'กค', '2566', 'ห้อง', 'สไตล์', 'loft', 'ผนัง', 'นึง', 'สีแดง', 'ส้ม', 'สี', 'ห้อง', 'เหมือน', 'รูป', 'ห้อง', 'เดือน', '5500', '฿', 'ค่าน้ำ', '8', '฿', 'ไฟ', '18', '฿', 'ขั้นต่ำ', 'มีค่า', 'ส่วนกลาง', 'กุญแจ', 'คีย์', 'การ์ด', '2', 'ชุด', 'เสียเงิน', 'มีระบบ', 'รักษา', 'ความปลอดภัย', 'keycard', 'รปภ', 'หน้า', 'หอ', 'เวลา', 'กลางคืน', 'บันไดหนีไฟ', 'กลาง', 'หอ', 'ชั้น', 'free', 'wifi', '1', 'user', 'ใช้ได้', '4', 'เครื่อง', 'เครื่องซักผ้า', 'ชั้น', 'เครื่องกรองน้ำ', 'ฟรี', 'ชั้น', '1', 'จ่าย', 'ค่าเช่า', 'วันที่', '5', 'น้ำขวด', 'ฟรี', '1', 'แพ', 'ค', 'ที่นั่ง', 'ส่วนกลาง', 'โต๊ะกินข้าว', 'โต๊ะ', 'หน้า', 'หอ', 'โต๊ะ', 'สวน', 'โซฟา', 'เครื่องใช้ไฟฟ้า', 'ห้อง', 'แอร์', 'เครื่องทำน้ำอุ่น', 'ทีวี', 'led', 'ตู้เย็น', 'เฟอร์นิเจอร์', 'เตียง', '35', 'ฟุต', '2', 'เตียง', 'โซฟา', '2', 'ที่นั่ง', 'โต๊ะเขียนหนังสือ', 'เก้าอี้', '2', 'ที่นั่ง', 'ตู้เสื้อผ้า', 'บิ้ว', 'อิน', '2', 'ฝั่ง', 'อ่าง', 'ล้างจาน', 'ชั้นวางของ', 'ระเบียง', 'ราวตากผ้า', 'ตัว', 'ห้องน้ำ', 'แบ่ง', 'โซน', 'เปียก', 'โซน', 'แห้ง', 'วาง', 'สำหรับ', 'อาบน้ำ', 'สนใจ', 'inbox', 'รูป', 'สอบถาม']",https://m.facebook.com/photo/view_full_size/?fbid=1561353940967874&ref_component=mbasic_photo_permalink&ref_page=%2Fwap%2Fphoto.php&refid=13&__tn__=%2Cg
31,2022-10-14 12:02:13,ปอนด์ แข็งโป๊ก,100077657807596,ประกาศของหาย,"['รบกวน', 'เพื่อน', 'พี่', 'เฟส', 'คนอื่นๆ', 'แชร์', 'แมว', 'ผม', 'หาย', 'ชื่อ', 'ฮา', 'ร์เล่ย์', 'เพศ', 'ทำหมัน', 'อายุ', '1', 'ปี', 'เศษ', 'พันธุ์', 'เปอร์เซีย', 'สี', 'ขาว', 'มีตำหนิ', 'สี', 'ดำ', 'หัว', 'นิดนึง', 'ภาพ', 'ผม', 'ใส่', 'ปลอกคอ', 'ถอด', 'ซัก', '2', 'ตัว', 'ผม', 'วิ่ง', 'งาน', 'รู้สึก', 'เหมือน', 'เข้ามา', 'กิน', 'ยา', 'นอน', 'ตอน', '4', 'โมง', 'เย็น', 'ลืม', 'ใส่กลอน', 'ประตู', 'ดู', 'ภาพ', 'กล้องวงจรปิด', 'น้อง', 'ประตูออก', 'ตอน', 'เที่ยงคืน', 'ปกติ', 'น้อง', 'ชอบ', 'วิ่ง', 'ชน', 'ประตู', 'หัว', 'ดัน', 'ประตู', 'ผม', 'แมว', '2', 'ตัว', 'ตัว', 'นึง', 'ร้อง', 'หา', 'เพื่อน', 'หยุด', 'ตัว', 'หาย', 'ตาขาว', 'ขี้กลัว', 'เจอ', 'โปรด', 'ติดต่อ', '0908137300', 'น้อง', 'หาย', 'บ้าน', 'ซอย', 'วงศ์', 'สว่าง', '19', 'ซอย', '4', 'แยก', '3', 'วันที่', '14', 'ตุลาคม', '2565', 'เวลา', 'เที่ยงคืน', 'ผม', 'รูปภาพ', 'น้อง', 'คอม', 'เม้น', 'รบกวน', 'ขอบคุณ']",https://m.facebook.com/photo/view_full_size/?fbid=3231362893779471&ref_component=mbasic_photo_permalink&ref_page=%2Fwap%2Fphoto.php&refid=13&_ft_=qid.-5391662180039235316%3Amf_story_key.1262971457835611%3Atop_level_post_id.1262971457835611%3Atl_objid.1262971457835611%3Acontent_owner_id_new.100077657807596%3Aoriginal_content_id.3231365853779175%3Aoriginal_content_owner_id.100007173761658%3Apage_id.197822284350539%3Asrc.22%3Aphoto_id.3231362893779471%3Astory_location.6%3Aattached_story_attachment_style.photo%3Afilter.GroupStoriesByActivityEntQuery%3Aott.ottAX_1rrCOcI36Yub5%3Asty.308%3Aattached_story_type.EntStatusCreationStory%3Aattached_story_attachment_type.MediaAttachment%3Apage_insights.%7B%22197822284350539%22%3A%7B%22page_id%22%3A197822284350539%2C%22page_id_type%22%3A%22group%22%2C%22actor_id%22%3A100077657807596%2C%22dm%22%3A%7B%22isShare%22%3A1%2C%22originalPostOwnerID%22%3A3231365853779175%7D%2C%22psn%22%3A%22EntGroupMallPostCreationStory%22%2C%22post_context%22%3A%7B%22object_fbtype%22%3A657%2C%22publish_time%22%3A1665723733%2C%22story_name%22%3A%22EntGroupMallPostCreationStory%22%2C%22story_fbid%22%3A%5B1262971457835611%5D%7D%2C%22role%22%3A1%2C%22sl%22%3A6%7D%7D%3Aactrs.100077657807596%3Atds_flgs.3%3Aftmd_400706.111111l&__tn__=%2Cg
32,2022-10-13 21:27:49,Sirikorn Kamonwan,100018638946507,ประกาศของซื้อขาย,"['ติด', 'จอง', 'ขาย', 'สัญญา', 'หอ', 'spapart', 'ราคา', '7000', 'ค่าเช่า', 'เดือน', '5500', 'ค่าไฟฟ้า', 'ยูนิต', '8', 'บาท', 'น้ำประปา', 'ลูกบาศก์เมตร', '18', 'บาท', 'wifi', 'ฟรี', 'เราเตอร์', 'แยก', 'ห้อง', 'เฟอร์นิเจอร์', 'เตียง', 'ฟูก', 'นอน', 'ตู้เสื้อผ้า', 'ชั้นวางของ', 'ทีวี', 'android', 'box', 'แอร์']",https://m.facebook.com/photo/view_full_size/?fbid=1153365818628039&ref_component=mbasic_photo_permalink&ref_page=%2Fwap%2Fphoto.php&refid=13&__tn__=%2Cg
33,2022-10-14 04:23:18,Fon Kwr,100001502436256,ประกาศของหาย,"['ขออนุญาต', 'บัตรประชาชน', 'เพื่อน', 'หาย', 'บริเวณ', 'ร้าน', 'ซับ', 'ไค', 'ร์บ', 'วันที่', '12', 'ตค', '65', 'เวลา', '18301900', 'น', 'ชื่อ', 'สหัสวรรษ', 'นวล', 'ประเสริฐ', 'รบกวน', 'อิน', 'บล็อค']",
34,2022-08-12 11:25:57,Anansit Ch,100001653654093,ประกาศของซื้อขาย,"['ขาย', 'สัญญา', 'หอ', 'หมู่บ้าน', 'สิ', 'ริน', '2', 'ห้อง', 'ชั้น', '1', '1', 'ห้อง', 'สัญญา', 'หอ', 'เรือน', 'ไพริน', 'สิ', 'ริน', '2', '4000', 'เดือน', '2', 'ห้อง', 'สัญญา', 'หอ', 'เรือน', 'เพ', 'รช', 'สิ', 'ริน', '2', '4000', 'เดือน', '3800', 'เดือน', '2', 'หอ', 'ติดกัน', 'น้ำ', '25', 'ไฟ', '65']",
35,2022-08-09 18:10:11,KMUTNB Community,1095747231324637,ประกาศของซื้อขาย,"['ขาย', 'สัญญา', 'หอพัก', 'ตา', 'หมอ', 'ยาย', 'ยุ้ย', 'รายเดือน', '4000', 'ไฟ', '8', 'ยูนิต', 'ค่าน้ำ', '18', 'ยูนิต', 'มอ', 'เดิน', 'มอ', '150', 'เมตร', 'รายละเอียด', 'ทัก', 'คุย', 'คับ', 'ดู', 'รูป', 'ห้อง', 'เม้น']",https://scontent.fbkk2-4.fna.fbcdn.net/v/t39.30808-6/298602211_735995487484840_5486509072612066201_n.jpg?stp=cp0_dst-jpg_e15_fr_q65&_nc_cat=105&ccb=1-7&_nc_sid=5bac3a&_nc_ohc=EUrbpRnbhJ0AX8O1DkI&_nc_ht=scontent.fbkk2-4.fna&oh=00_AT9EWIgDAMx3HMvpuE34XSMqRq9ikeZNm2PhhbF-Zl5fwA&oe=6357A86D
36,2022-09-10 10:08:40,Veerakorn Jareansuk,100042655672752,ประกาศของซื้อขาย,"['ขาย', 'ตู้เย็น', 'มือสอง', 'ใช้งาน', 'มอ', 'ไหม', 'เสนอ', 'ครั', 'บ', 'ขอบคุณ']",
37,2022-09-20 20:13:36,ณัฐนันท์ ลูกแป้น,100001685366897,ประกาศของซื้อขาย,"['ขาย', 'โครงการ', 'ลุมพินี', 'นคร', 'อินทร์', 'ริเวอร์', 'วิว', '6000', 'บาท', 'เดือน', 'ขนาด', 'ห้อง', '2639', 'ตรม', 'ชั้น', '18', '1', 'ห้องนอน', '1', 'ห้องน้ำ', 'แอร์', '1', 'ตัว', 'สิ่งอำนวยความสะดวก', 'หิ้ว', 'กระเป๋า', 'อยู๋', 'ห่าง', 'mrt', 'สาย', 'สีม่วง', 'สถานี', 'แยก', 'ติวานนท์', '13', 'กม', 'เครื่องใช้ไฟฟ้า', 'เฟอร์นิเจอร์', 'เครื่องซักผ้า', 'ทีวี', 'ตู้เย็น', 'แอร์', 'ไมโครเวฟ', 'ตู้เสื้อผ้า', 'โซฟา', 'เตียง', 'ที่นอน', 'พื้นที่', 'ส่วนกลาง', 'สิ่งอำนวยความสะดวก', 'สระว่ายน้ำ', 'ฟิตเนส', 'สวน', 'พักผ่อน', 'ห้อง', 'สันทนาการ', 'เด็กเล็ก', 'ห้องสมุด', '↪รปภ', '24', 'ชั่วโมง', 'ที่จอดรถ', 'ระบบ', 'คีย์', 'การ์ด', 'กล้องวงจรปิด', 'ร้าน', 'สะดวก', 'ซื้อ', '711', 'เครื่องซักผ้า', 'ตู้', 'กดน้ำ', 'หยอด', 'เหรียญ', 'สถานที่สำคัญ', 'ใกล้เคียง', 'ท่าน้ำ', 'นนท์', 'big', 'c', 'แยก', 'ติวานนท์', 'tesco', 'lotu', 'central', 'รัตนาธิเบศร์', 'tesco', 'lotu', 'นคร', 'อินทร์', 'esplanad', 'งาม', 'วงศ์วาน', 'the', 'walk', 'the', 'crystal', 'home', 'pro', 'ราชพฤกษ์', 'mrt', 'กระทรวงสาธารณสุข', 'ม', 'เทคโนโลยี', 'พระ', 'จอมเกล้า', 'พระนครเหนือ', 'ม', 'เทคโนโลยี', 'ราชมงคล', 'พระนคร', 'วิทยาเขต', 'พระนครเหนือ', 'เงื่อนไข', 'การเช่า', 'ค่าเช่า', '6000', 'บ', 'เดือน', 'ประกัน', '2', 'เดือน', 'ล่วงหน้า', '1', 'เดือน', 'สัญญาเช่า', '1', 'ปี', 'ติดต่อ', 'นัด', 'ชม', 'ห้อง', 'สอบถาม', 'ข้อมูล', 'ขาย', '155', 'ลบ', 'inbox', 'โทร', '0943176377', 'id', 'line', 'donat', '302']",https://m.facebook.com/photo/view_full_size/?fbid=5582680855131371&ref_component=mbasic_photo_permalink&ref_page=%2Fwap%2Fphoto.php&refid=13&__tn__=%2Cg
38,2022-10-11 23:21:23,Aum Pornphimol,100003309477791,ประกาศของซื้อขาย,"['sold', 'อนุ', 'ญาติ', 'ส่งต่อ', 'iphon', '12', 'pro', '128', 'gb', 'ราคา', '21000', 'บาท', 'ตัว', 'เครื่อง', 'สภาพ', 'สวย', 'ใช้งาน', 'ปกติ', 'ทำ', 'ตก', 'มีตำหนิ', 'เครื่อง', 'ศูนย์', 'ไทย', 'ติด', 'ฟิลม์', 'กระจก', 'ใช้งาน', 'ติด', 'ฟิล์ม', 'กล้อง', 'เคส', 'กล้อง', 'อุปกรณ์', 'เดิม', 'ตัว', 'กล่อง', 'กล่อง', 'แถม', 'casitifi', 'ของแท้', 'มูลค่า', '1890', 'บาท', 'เคส', 'ใส', 'ringk', '390', 'บาท', 'ขาย', 'รุ่นใหม่', 'สนใจ', 'ทัก', 'ดู', 'รูป', 'วี', 'ดิ', 'โอ', 'คอ', 'ล', 'เช็ค', 'นัด', 'มจพ']",https://m.facebook.com/photo/view_full_size/?fbid=5566278303492430&ref_component=mbasic_photo_permalink&ref_page=%2Fwap%2Fphoto.php&refid=13&__tn__=%2Cg
39,2022-10-03 16:35:15,Thiradon Mansoun,100002614322082,ประกาศของซื้อขาย,"['หา', 'ตู้เย็น', 'ขาย']",
40,2022-10-12 07:34:00,Palm Parinchai,100004762301773,ประกาศของซื้อขาย,"['ขาย', 'งับ', 'ใส่', 'หิ้ว', 'กล่อง', 'ขาย', 'ใส่', 'เบอร์', '104041', '1400', 'b', 'นัด', 'มอ', 'ครับผม']",https://m.facebook.com/photo/view_full_size/?fbid=2255330514635670&ref_component=mbasic_photo_permalink&ref_page=%2Fwap%2Fphoto.php&refid=13&__tn__=%2Cg
41,2022-10-11 21:02:21,จักษณา อนันต์,100005890631250,ประกาศของซื้อขาย,"['‼', 'ขาย', 'สัญญา', 'หอ', 'u', 'life', 'prime', '‼', 'สัญญา', '10000', 'บาท', 'เข้าเดือน', '10500', 'บาท', '20500', 'บาท', 'ตอน', 'หมดสัญญา', 'ได้คืน', '10000', 'บาท', 'หมดสัญญา', 'กค', '2566', 'ห้อง', '2', 'ห้อง', 'แยก', 'นั่งเล่น', 'ห้องน้ำ', 'ชั้น', '8', 'ห้อง', 'ด้านหลัง', 'ห้อง', 'เดือน', '10500', '฿', 'ค่าน้ำ', '18', '฿', 'ไฟ', '8', '฿', 'ขั้นต่ำ', 'มีค่า', 'ส่วนกลาง', 'กุญแจ', 'คีย์', 'การ์ด', '4', 'ชุด', 'เสียเงิน', 'มีระบบ', 'รักษา', 'ความปลอดภัย', 'keycard', 'รปภ', 'หน้า', 'หอ', 'เวลา', 'กลางคืน', 'บันไดหนีไฟ', 'กลาง', 'หอ', 'ชั้น', 'wifi', 'เดือน', '500', 'เครื่องซักผ้า', 'เลขคี่', 'เครื่องกรองน้ำ', 'ชั้น', '1', 'ที่นั่ง', 'ส่วนกลาง', 'ฟิตเนส', 'ล๊อบ', 'บี้', 'พัสดุ', 'เครื่องใช้ไฟฟ้า', 'ห้อง', 'แอร์', 'เครื่องทำน้ำอุ่น', 'ตู้เย็น', 'เฟอร์นิเจอร์', 'เตียง', '5', 'ฟุต', '1', 'เตียง', 'เตียง', '35', 'ฟุต', '1', 'เตียง', 'โซฟา', '4', 'ที่นั่ง', 'โต๊ะเขียนหนังสือ', 'เก้าอี้', '4', 'ที่นั่ง', 'ตู้เสื้อผ้า', 'บิ้ว', 'อิน', '2', 'ตู้', 'อ่าง', 'ล้างจาน', 'ระเบียง', 'ราวตากผ้า', 'ตัว', 'ห้องน้ำ', 'แบ่ง', 'โซน', 'เปียก', 'โซน', 'แห้ง', 'วาง', 'สำหรับ', 'อาบน้ำ', 'สนใจ', 'inbox', 'รูป', 'สอบถาม']",https://m.facebook.com/photo/view_full_size/?fbid=2237849786421354&ref_component=mbasic_photo_permalink&ref_page=%2Fwap%2Fphoto.php&refid=13&__tn__=%2Cg
42,2022-10-12 04:08:58,Thanakorn Vitanasin,100038509747237,ประกาศของซื้อขาย,"['ขาย', 'กีตาร์', 'โปร่ง', 'hummingbird', 'om', '1', 's', 'รุ่น', 'เลิก', 'ผลิต', 'ใช้งาน', 'สภาพ', 'หมายเหตุ', 'สาย', 'ใช้งาน', 'ปกติ', 'ราคา', '3690', 'บาท', 'มือ', '1', 'ราคา', '6', 'xxx', 'นัด', 'มอ']",https://m.facebook.com/photo/view_full_size/?fbid=774019703891681&ref_component=mbasic_photo_permalink&ref_page=%2Fwap%2Fphoto.php&refid=13&__tn__=%2Cg
43,2022-10-09 13:10:38,Sirilak Hanimit,100004073944380,ประกาศของซื้อขาย,"['แบ่ง', 'ขาย', 'appl', 'pencil', 'tip', 'ค้า', 'นัด', 'รับได้', 'พรุ่งนี้', 'มอ', 'มอ', 'หัว', '230', 'งับ', 'อะ', 'แด', 'ป', 'เต', 'อร', '์', 'appl', 'usb', '5', 'w', '1', 'หัว', 'ค้า', '2', 'ปล', 'ใช้แล้ว']",https://m.facebook.com/photo/view_full_size/?fbid=3036327956512973&ref_component=mbasic_photo_permalink&ref_page=%2Fwap%2Fphoto.php&refid=13&_ft_=qid.-5391652353027907006%3Amf_story_key.1258943781571712%3Atop_level_post_id.1258943781571712%3Atl_objid.1258943781571712%3Acontent_owner_id_new.100004073944380%3Apage_id.197822284350539%3Asrc.22%3Aphoto_id.3036327956512973%3Astory_location.6%3Astory_attachment_style.photo%3Afilter.GroupStoriesByActivityEntQuery%3Aott.ottAX_92jbGojvG9GRB%3Asty.308%3Aent_attachement_type.MediaAttachment%3Apage_insights.%7B%22197822284350539%22%3A%7B%22page_id%22%3A197822284350539%2C%22page_id_type%22%3A%22group%22%2C%22actor_id%22%3A100004073944380%2C%22dm%22%3A%7B%22isShare%22%3A0%2C%22originalPostOwnerID%22%3A0%7D%2C%22psn%22%3A%22EntGroupMallPostCreationStory%22%2C%22post_context%22%3A%7B%22object_fbtype%22%3A657%2C%22publish_time%22%3A1665295838%2C%22story_name%22%3A%22EntGroupMallPostCreationStory%22%2C%22story_fbid%22%3A%5B1258943781571712%5D%7D%2C%22role%22%3A1%2C%22sl%22%3A6%7D%7D%3Aactrs.100004073944380%3Atds_flgs.3%3Aftmd_400706.111111l&__tn__=%2Cg
44,2022-10-11 13:22:31,Bam Parichat,100007475162440,ประกาศของหาย,"['เจอ', 'airpod', 'รุ่น', '2', 'หล่น', 'แถว', 'ตึก', '78', '40', 'ไหม', 'หาย', 'ตอนเที่ยง', 'หลังจากที่', 'เรียน', 'ห้อง', '78315', 'ใส่', 'เคส', 'ตั้งชื่อ']",
45,2022-09-21 15:59:49,Jinjutha Sithornkul,100013709179161,ประกาศของซื้อขาย,"['แบ่ง', 'ขาย', 'หัว', 'appl', 'pencil', 'แบบนี้', 'ไหม']",https://m.facebook.com/photo/view_full_size/?fbid=1494277947705830&ref_component=mbasic_photo_permalink&ref_page=%2Fwap%2Fphoto.php&refid=13&_ft_=qid.-5391652353152653178%3Amf_story_key.1244616993004391%3Atop_level_post_id.1244616993004391%3Atl_objid.1244616993004391%3Acontent_owner_id_new.100013709179161%3Apage_id.197822284350539%3Asrc.22%3Aphoto_id.1494277947705830%3Astory_location.6%3Astory_attachment_style.photo%3Afilter.GroupStoriesByActivityEntQuery%3Aott.ottAX_lw5xaiG1g30j9%3Asty.308%3Aent_attachement_type.MediaAttachment%3Apage_insights.%7B%22197822284350539%22%3A%7B%22page_id%22%3A197822284350539%2C%22page_id_type%22%3A%22group%22%2C%22actor_id%22%3A100013709179161%2C%22dm%22%3A%7B%22isShare%22%3A0%2C%22originalPostOwnerID%22%3A0%7D%2C%22psn%22%3A%22EntGroupMallPostCreationStory%22%2C%22post_context%22%3A%7B%22object_fbtype%22%3A657%2C%22publish_time%22%3A1663750789%2C%22story_name%22%3A%22EntGroupMallPostCreationStory%22%2C%22story_fbid%22%3A%5B1244616993004391%5D%7D%2C%22role%22%3A1%2C%22sl%22%3A6%7D%7D%3Aactrs.100013709179161%3Atds_flgs.3%3Aftmd_400706.111111l&__tn__=%2Cg
46,2022-10-10 22:51:12,Vimolphun Mueangsanthia,100001587429957,ประกาศของหาย,"['ขออนุญาต', 'เจอ', 'กุญแจ', 'honda', 'wave', 'พวงกุญแจ', 'red', 'bull', 'หาย', 'บริเวณ', 'มอ', 'สิ', 'ริน', '2', 'หอ', 'ตั้งใจ', 'วัด', 'ส่งคืน', 'ร้าน', 'ส้มตำ', 'ม', '44', 'รางวัล']",https://m.facebook.com/photo/view_full_size/?fbid=5710976892298502&ref_component=mbasic_photo_permalink&ref_page=%2Fwap%2Fphoto.php&refid=13&_ft_=qid.-5391648848233991074%3Amf_story_key.1260179471448143%3Atop_level_post_id.1260179471448143%3Atl_objid.1260179471448143%3Acontent_owner_id_new.100001587429957%3Apage_id.197822284350539%3Asrc.22%3Aphoto_id.5710976892298502%3Astory_location.6%3Astory_attachment_style.photo%3Afilter.GroupStoriesByActivityEntQuery%3Aott.ottAX806bJqlxmmPB6k%3Asty.308%3Aent_attachement_type.MediaAttachment%3Apage_insights.%7B%22197822284350539%22%3A%7B%22page_id%22%3A197822284350539%2C%22page_id_type%22%3A%22group%22%2C%22actor_id%22%3A100001587429957%2C%22dm%22%3A%7B%22isShare%22%3A0%2C%22originalPostOwnerID%22%3A0%7D%2C%22psn%22%3A%22EntGroupMallPostCreationStory%22%2C%22post_context%22%3A%7B%22object_fbtype%22%3A657%2C%22publish_time%22%3A1665417072%2C%22story_name%22%3A%22EntGroupMallPostCreationStory%22%2C%22story_fbid%22%3A%5B1260179471448143%5D%7D%2C%22role%22%3A1%2C%22sl%22%3A6%7D%7D%3Aactrs.100001587429957%3Atds_flgs.3%3Aftmd_400706.111111l&__tn__=%2Cg
47,2022-10-10 17:22:17,KMUTNB Community,676193873925158,ประกาศของซื้อขาย,"['ปล่อย', 'บัตร', 'sub', 'วันที่', '11', '2', 'ใบ', 'ขาย']",
48,2022-10-10 19:37:30,KMUTNB Community,562237092035296,ประกาศของหาย,"['เจอ', 'airpod', 'รุ่น', '2', 'หล่น', 'แถว', 'ตึก', '81', 'มั้ง', 'หาย', 'พฤหัส', 'ที่ผ่านมา', 'ตัว', 'หูฟัง', '2']",
49,2022-10-10 18:21:52,Mangpor Thanabadin,100016519440641,ประกาศของซื้อขาย,"['ม', 'ร้าน', 'ขาย', 'อุ', 'ปก', 'รณ', 'ดนตรี', 'ไหม', 'คา', 'โป้', 'ขาย', 'แบ่งปัน', 'ผม', 'สัก']",
50,2022-10-10 10:17:43,KMUTNB Community,3153876294867459,ประกาศของหาย,"['ผม', 'ทำ', 'บัตร', 'นักศึกษา', 'หาย', 'แจ้ง']",
51,2022-10-06 13:03:28,ผัก ขม,100002136431764,ประกาศของหาย,"['ผู้หญิง', 'ชื่อ', 'สนุ๊ก', 'บุคคล', 'อันตราย', 'เข้ามา', 'ตีสนิท', 'สอง', 'บอ', 'ตัวเอง', 'โทรศัพท์', 'บัตร', 'ประชน', 'กระเป๋า', 'เงิน', 'หาย', 'แล้', 'วจะ', 'ขอยืม', 'เงิน', 'เดี๋ยว', 'น้อง', 'โอน', 'คืนให้', 'น้อง', 'รู้', 'ตัวตน', 'รึเปล่า', 'ตอนนี้', 'คน', 'โดน', 'คน', 'เจอ', 'แถว', 'ร้านเหล้า', 'มอ', 'บอ', 'ตัวเอง', 'หอ', 'แถว', 'ริมน้ำ', 'หอ', 'คนอื่น', 'ตัวเอง', 'ที่อยู่', 'หอ', 'หา', 'คน', 'เกาะ', 'คน', 'พูดเก่ง', 'ดู', 'น่าเชื่อถือ', 'คำพูด', 'updat', 'ตอนนี้', 'ดูแล', 'ครอบครัว', 'พ่อ', 'ยอมให้', 'ตัวส่ง', 'ตำรวจ', 'มีโอกาส', 'ที่จะ', 'หนี', 'ออกมา', 'ทำ', 'เดิม', 'ท่าที', 'ที่จะ', 'สำนึกผิด', 'เจอ', 'แนะนำ', 'เลี่ยง', 'ที่จะ', 'เข้าไป', 'พูดคุย', 'ความช่วยเหลือ', 'edit', 'ลบ', 'ข้อมูล', 'ส่วนตัว', 'บางส่วน', 'เบลอ', 'หน้า', 'โดน', 'พร', 'บ', 'คอม', 'คดี', 'ทำ', 'อยากได้', 'ข้อมูล', 'แจ้งความ', 'inbox']",https://m.facebook.com/photo/view_full_size/?fbid=5455266877887806&ref_component=mbasic_photo_permalink&ref_page=%2Fwap%2Fphoto.php&refid=13&__tn__=%2Cg
52,2022-10-04 18:31:14,Pattaranan Khachai,100008160340707,ประกาศของซื้อขาย,"['ขาย', 'สัญญา', 'หอพัก', 'หญิง', 'กาญจน์', 'ห้อง', 'ตึก', 'ตึก', '3', 'ติดกับ', 'บ้านเรือน', 'ไทย', 'ชั้น', '5', 'ลม', 'เย็น', 'ตอนเช้า', 'แดด', 'แรง', 'เสียง', 'สงบ', 'ประตู', 'มอ', 'ออกมา', 'เลี้ยวซ้าย', 'ตรงข้าม', 'หอ', 'ชาย', 'จินตนา', 'เดินทาง', 'สะดวก', 'ร้านอาหาร', 'จิปาถะ', 'เจ้าของ', 'หอ', 'ใจ', 'ดีมาก', 'ซ่อม', 'ติดต่อ', 'เจ้าของ', 'หอ', 'ผู้ดูแล', 'หอคอย', 'ทำความสะอาด', 'ที่จอดรถ', 'มอเตอร์ไซค์', 'รายละเอียด', 'ค่าใช้จ่าย', 'สัญญา', 'ประกัน', 'ห้อง', '10000', 'บาท', 'ห้อง', 'เดือน', '5000', 'บาท', '15000', 'บาท', 'สัญญา', '1', 'ปี', 'ตอนนี้', 'เหลือประมาณ', '89', 'เดือน', 'หมดสัญญา', 'เดือน', 'กรกฎาคม', 'พศ', '2566', 'รายละเอียด', 'ห้อง', 'ห้อง', 'เดือน', '5000', 'บาท', 'ค่าน้ำ', '8', 'บาท', 'ขั้นต่ำ', '50', 'บาท', 'เดือน', 'ไฟ', '18', 'บาท', 'มีค่า', 'ส่วนกลาง', 'กุญแจ', 'คีย์', 'การ์ด', '1', 'ชุด', 'สิ่งอำนวยความสะดวก', 'หอ', 'เครื่องซักผ้า', 'ชั้น', '1', '3', 'เครื่อง', 'เครื่องกรองน้ำ', 'ชั้น', '1', '1', 'เครื่อง', 'ตู้', 'กด', 'เซเว่น', '1', 'เครื่อง', 'ของกิน', 'เครื่องใช้ไฟฟ้า', 'เฟอร์นิเจอร์', 'ห้อง', 'แอร์', 'ตู้เสื้อผ้า', 'เตียง', '5', 'ฟุต', 'โต๊ะ', '1', 'ตัว', 'เก้าอี้', '2', 'ตัว', 'ระเบียบ', 'ราวตากผ้า', 'ตาข่าย', 'นก', 'ห้องน้ำ', 'ชั้นวางของ', '2', 'ตำแหน่ง', 'ฝักบัว', 'หน้า', 'กระจก', 'free', 'wifi', '1', 'user', 'ใช้ได้', '2', 'เครื่อง', 'สนใจ', 'ib', 'สอบถาม']",https://m.facebook.com/photo/view_full_size/?fbid=3441340302814614&ref_component=mbasic_photo_permalink&ref_page=%2Fwap%2Fphoto.php&refid=13&__tn__=%2Cg
53,2022-10-09 18:18:37,KMUTNB Community,2867935256847910,ประกาศของซื้อขาย,"['ขาย', 'ตู้เย็น', 'ใช้ได้', 'ไหม']",
54,2022-10-08 20:56:41,Panuvit Temjai,100081157561233,ประกาศของซื้อขาย,"['ขาย', 'สัญญา', 'หอพัก', 'ชาย', 'จินตนา', 'พิกัด', 'ออกจาก', 'ประตู', 'มอ', 'เลี้ยวซ้าย', 'ตรงข้าม', 'หอพัก', 'หญิง', 'กานต์', 'เดิน', 'ทางเข้า', 'มอ', 'สะดวก', 'สัญญา', '7000', 'ปกติ', '8000', 'ลด', 'ib', 'คุย', 'รายละเอียด', 'ห้อง', 'ราคา', '4600', 'เดือน', 'ค่าน้ำ', '18', 'ไฟ', '8', 'มีระบบ', 'รักษา', 'ความปลอดภัย', 'เข้าออก', 'keycard', 'คน', 'ดูแล', 'หอ', 'กลางวัน', 'เครื่องซักผ้า', 'หอ', 'โต๊ะ', 'เก้าอี้', 'ตู้เสื้อผ้า', 'สัญญา', 'ค่าเช่า', 'ล่วงหน้า', '1', 'เดือน', '7000460011600', 'ลด', 'ib', 'คุย']",https://m.facebook.com/photo/view_full_size/?fbid=156479970400588&ref_component=mbasic_photo_permalink&ref_page=%2Fwap%2Fphoto.php&refid=13&__tn__=%2Cg
55,2022-10-08 21:35:33,Phar Dedpon,100004745566292,ประกาศของหาย,"['ตามหา', 'บัตร', 'นศ', 'กาญจนา', 'พร', 'เดช', 'พล', 'ลืม', 'ตู้', 'atm', 'กรุงเทพ', 'หน้า', 'ตึก', '78', 'หาย', 'ศุกร์']",
56,2022-10-08 21:20:45,Pir Prite,100005422903090,ประกาศของซื้อขาย,"['ขาย', 'ขาย', 'usb', '4', 'port', '120', 'บาท', 'ฟรี', 'em', 'usb', 'สนใจ', 'สินค้า', 'ทัก']",https://m.facebook.com/photo/view_full_size/?fbid=2106687862855290&ref_component=mbasic_photo_permalink&ref_page=%2Fwap%2Fphoto.php&refid=13&__tn__=%2Cg
57,2022-09-04 16:22:20,Thanchanok Poonnam,100004299733511,ประกาศของซื้อขาย,"['หา', 'หอ', 'ว่าง', 'มอ', 'ขาย', 'สัญญา', 'ห้อง', '5000', 'ย้าย', 'เข้าเดือน', 'หน้า']",
58,2022-09-29 19:26:01,KMUTNB Community,1538697576579526,ประกาศของซื้อขาย,"['ขาย', 'สัญญา', 'หอ', 'ใหม']",
59,2022-10-08 13:31:08,Susita Tuang,100004451959417,ประกาศของหาย,"['ตามหา', 'power', 'bank', 'eloop', 'e', '12', 'สี', 'เขียว', 'ทำ', 'หาย', 'ศุกร์', 'บริเวณ', 'ตึก', '78', 'ร้าน', 'ป้า', 'ชวน']",https://m.facebook.com/photo/view_full_size/?fbid=2299432406881802&ref_component=mbasic_photo_permalink&ref_page=%2Fwap%2Fphoto.php&refid=13&_ft_=qid.-5391637028794929365%3Amf_story_key.1258171928315564%3Atop_level_post_id.1258171928315564%3Atl_objid.1258171928315564%3Acontent_owner_id_new.100004451959417%3Apage_id.197822284350539%3Asrc.22%3Aphoto_id.2299432406881802%3Astory_location.6%3Astory_attachment_style.photo%3Afilter.GroupStoriesByActivityEntQuery%3Aott.ottAX-S6iicb_UMUMvL%3Asty.308%3Aent_attachement_type.MediaAttachment%3Apage_insights.%7B%22197822284350539%22%3A%7B%22page_id%22%3A197822284350539%2C%22page_id_type%22%3A%22group%22%2C%22actor_id%22%3A100004451959417%2C%22dm%22%3A%7B%22isShare%22%3A0%2C%22originalPostOwnerID%22%3A0%7D%2C%22psn%22%3A%22EntGroupMallPostCreationStory%22%2C%22post_context%22%3A%7B%22object_fbtype%22%3A657%2C%22publish_time%22%3A1665210668%2C%22story_name%22%3A%22EntGroupMallPostCreationStory%22%2C%22story_fbid%22%3A%5B1258171928315564%5D%7D%2C%22role%22%3A1%2C%22sl%22%3A6%7D%7D%3Aactrs.100004451959417%3Atds_flgs.3%3Aftmd_400706.111111l&__tn__=%2Cg
60,2022-10-07 00:28:01,Nantakan Yiwa,100005481049121,ประกาศของซื้อขาย,"['ขาย', 'สัญญา', 'หอ', 'มอ', 'ไหม', 'งับ']",
61,2022-10-07 21:35:45,May Sumatee,100002591438761,ประกาศของซื้อขาย,"['ขาย', 'หนังสือ', 'มือ', '2', 'เล่ม', 'อ่าน', 'ยย', 'ลดราคา', 'จุก', 'ซื้อ', 'ลด', 'แถม', 'น๊า', 'ม', 'นัด', 'รับได้', 'inbox', 'ยยย']",https://m.facebook.com/photo/view_full_size/?fbid=5629604870469172&ref_component=mbasic_photo_permalink&ref_page=%2Fwap%2Fphoto.php&refid=13&__tn__=%2Cg
62,2022-10-07 09:58:03,Kiwkewqq Kittisak,100001877954050,ประกาศของซื้อขาย,"['ขาย', 'ตู้เย็น', 'ซัมซุง', '2', 'ประตู', '74', 'คิว', 'invert', 'กิน', 'ไฟ', '918', 'บาท', 'ปี', 'ใช้กับ', 'หอ', 'ไฟ', 'แพง', 'ใช้ได้', 'ปกติ', 'มีปัญหา', '4000', '฿']",https://m.facebook.com/photo/view_full_size/?fbid=8089953164410535&ref_component=mbasic_photo_permalink&ref_page=%2Fwap%2Fphoto.php&refid=13&_ft_=qid.-5391637029007554802%3Amf_story_key.1257152475084176%3Atop_level_post_id.1257152475084176%3Atl_objid.1257152475084176%3Acontent_owner_id_new.100001877954050%3Apage_id.197822284350539%3Asrc.22%3Aphoto_id.8089953164410535%3Astory_location.6%3Astory_attachment_style.photo%3Afilter.GroupStoriesByActivityEntQuery%3Aott.ottAX86d7fl2OWiNbNa%3Asty.308%3Aent_attachement_type.MediaAttachment%3Apage_insights.%7B%22197822284350539%22%3A%7B%22page_id%22%3A197822284350539%2C%22page_id_type%22%3A%22group%22%2C%22actor_id%22%3A100001877954050%2C%22dm%22%3A%7B%22isShare%22%3A0%2C%22originalPostOwnerID%22%3A0%7D%2C%22psn%22%3A%22EntGroupMallPostCreationStory%22%2C%22post_context%22%3A%7B%22object_fbtype%22%3A657%2C%22publish_time%22%3A1665111483%2C%22story_name%22%3A%22EntGroupMallPostCreationStory%22%2C%22story_fbid%22%3A%5B1257152475084176%5D%7D%2C%22role%22%3A1%2C%22sl%22%3A6%7D%7D%3Aactrs.100001877954050%3Atds_flgs.3%3Aftmd_400706.111111l&__tn__=%2Cg
63,2022-10-07 01:14:09,Nantakan Yiwa,100005481049121,ประกาศของซื้อขาย,"['ขาย', 'สัญญา', 'หอ', 'k', 'famili', 'ชั้น', '1', 'ห้อง', '5000', '฿', 'ไฟ', '8', '฿', 'หน่วย', 'ค่าน้ำ', '4', 'หน่วย', '100', '฿', 'หน่วย', 'ต่อไป', '17', '฿', 'สัญญา', '12000', '฿ลด', 'งับ', 'แอร์', 'เครื่องทำน้ำอุ่น', 'โต๊ะ', 'อ่านหนังสือ', 'ตู้เสื้อผ้า', '711', 'หอ', 'ตรงข้าม', 'เรือน', 'ไม้', 'น้ำ', 'เครื่องซักผ้า', 'สนใจ', 'สอบถาม', 'ทัก', 'เข้ามา', 'ดู', 'ห้อง', 'หอม', 'จพ']",https://m.facebook.com/photo/view_full_size/?fbid=2062459093946772&ref_component=mbasic_photo_permalink&ref_page=%2Fwap%2Fphoto.php&refid=13&__tn__=%2Cg
64,2022-10-05 20:26:18,ชวัลวิทย์ สามารถ,100009153596540,ประกาศของซื้อขาย,"['ขออนุญาต', 'ขาย', 'ซื้อ', 'ถูกใจ', 'ขาย', '400', 'นัด', 'รับได้', 'แถว', 'มอ', 'ครร', 'งับ']",https://m.facebook.com/photo/view_full_size/?fbid=3161479417500480&ref_component=mbasic_photo_permalink&ref_page=%2Fwap%2Fphoto.php&refid=13&__tn__=%2Cg
65,2022-09-01 19:55:14,Siriyapat Wantakong,100007308133230,ประกาศของซื้อขาย,"['ขาย', 'ขาย', 'ตู้เย็น', 'midea', 'ขนาด', '17', 'q', 'ตำหนิ', 'ฝา', 'ช่อง', 'ทำ', 'น้ำแข็ง', 'ขอบ', 'ยางแตก', 'มีผลต่อ', 'การใช้งาน', 'ขาย', 'ราคา', '1200', 'ซอย', 'วงศ์', 'สว่าง', '13']",https://m.facebook.com/photo/view_full_size/?fbid=3198612847058955&ref_component=mbasic_photo_permalink&ref_page=%2Fwap%2Fphoto.php&refid=13&__tn__=%2Cg
66,2022-10-06 03:10:29,Patcharet Vie Brillante,100001570953221,ประกาศของหาย,"['บัตร', 'ปชช', 'หาย', 'ร้าน', 'ปิ้ง', 'ย่าง', 'ปัก', 'หมุด', 'กรุ', 'ย่าง']",https://m.facebook.com/photo/view_full_size/?fbid=5722216781173964&ref_component=mbasic_photo_permalink&ref_page=%2Fwap%2Fphoto.php&refid=13&_ft_=qid.-5391628645113282701%3Amf_story_key.1256080358524721%3Atop_level_post_id.1256080358524721%3Atl_objid.1256080358524721%3Acontent_owner_id_new.100001570953221%3Apage_id.197822284350539%3Asrc.22%3Aphoto_id.5722216781173964%3Astory_location.6%3Astory_attachment_style.photo%3Afilter.GroupStoriesByActivityEntQuery%3Aott.ottAX-jFaZeuVrZMVMt%3Asty.308%3Aent_attachement_type.MediaAttachment%3Apage_insights.%7B%22197822284350539%22%3A%7B%22page_id%22%3A197822284350539%2C%22page_id_type%22%3A%22group%22%2C%22actor_id%22%3A100001570953221%2C%22dm%22%3A%7B%22isShare%22%3A0%2C%22originalPostOwnerID%22%3A0%7D%2C%22psn%22%3A%22EntGroupMallPostCreationStory%22%2C%22post_context%22%3A%7B%22object_fbtype%22%3A657%2C%22publish_time%22%3A1665000629%2C%22story_name%22%3A%22EntGroupMallPostCreationStory%22%2C%22story_fbid%22%3A%5B1256080358524721%5D%7D%2C%22role%22%3A1%2C%22sl%22%3A6%7D%7D%3Aactrs.100001570953221%3Atds_flgs.3%3Aftmd_400706.111111l&__tn__=%2Cg
67,2022-10-05 15:44:48,Kanphong Charanworawong,100006676356483,ประกาศของซื้อขาย,"['ขาย', 'ตู้เย็น', 'ไหม', 'ราคา', 'แพง']",
68,2022-09-07 21:51:20,New Manachai,100002525266913,ประกาศของซื้อขาย,"['คับ', 'ขาย', 'เครื่องคิดเลข', 'fx', '911', 'es', 'plu', '2', 'nd', 'edit', 'เครื่อง', '600', '2', 'เครื่อง', 'นัด', 'รับได้', 'มอ', 'สนใจ', 'ติดต่อ', 'สภาพ', 'แกะ', 'กล่อง', 'ใช้งาน', 'มือ', '1']",https://m.facebook.com/photo/view_full_size/?fbid=5702986999795419&ref_component=mbasic_photo_permalink&ref_page=%2Fwap%2Fphoto.php&refid=13&_ft_=qid.-5391628645134186983%3Amf_story_key.1234861557313268%3Atop_level_post_id.1234861557313268%3Atl_objid.1234861557313268%3Acontent_owner_id_new.100002525266913%3Acommerce_rank_obj.%7B%22viewer_id%22%3A0%2C%22target_id%22%3A5770166206341164%2C%22target_type%22%3A0%2C%22primary_position%22%3A-1%2C%22secondary_position%22%3A-1%2C%22search_query%22%3A%22%22%2C%22search_sid%22%3A%22%22%2C%22session_id%22%3A0%2C%22typeahead_sid%22%3A%22%22%2C%22ranking_signature%22%3A0%2C%22original_ranking_signature%22%3Anull%2C%22commerce_channel%22%3A103%2C%22commerce_type%22%3A2%2C%22ectr%22%3A0%2C%22value%22%3A0%2C%22modularization_id%22%3Anull%2C%22original_position%22%3A-1%2C%22boosted_position%22%3A-1%2C%22original_value%22%3A0%2C%22model_scores%22%3A%5B%5D%2C%22upsell_candidate_ids%22%3A%5B%5D%2C%22upsell_type%22%3Anull%2C%22metadata%22%3A%5B%5D%2C%22ad_imp_delivery_data_binary%22%3Anull%2C%22ad_imp_delivery_data_array%22%3Anull%2C%22ad_opt_format%22%3Anull%2C%22qp_renderer_type%22%3Anull%2C%22top_unit_ranking_score%22%3Anull%2C%22is_budget_upsell%22%3Afalse%2C%22is_contextual_ads_skipped%22%3Afalse%2C%22is_pacer_applied%22%3Afalse%2C%22is_billboard_promotion_upsell%22%3Afalse%2C%22is_dynamic_module%22%3Afalse%2C%22category_id%22%3Anull%2C%22shop_id%22%3A-1%2C%22candidate_category_id_map%22%3Anull%2C%22candidate_score_map%22%3Anull%2C%22candidate_retrieval_source_map%22%3Anull%2C%22candidate_original_signature_map%22%3Anull%2C%22candidate_seller_id_map%22%3Anull%2C%22candidate_shop_id_map%22%3Anull%2C%22candidate_creation_time_map%22%3Anull%2C%22candidate_dense_features_map%22%3Anull%2C%22candidate_sparse_features_map%22%3Anull%2C%22candidate_vertical_metadata_map%22%3Anull%2C%22candidate_buyer_product_rt_imp_v2_map%22%3Anull%2C%22vertical%22%3Anull%2C%22vertical_metadata%22%3Anull%2C%22dense_features%22%3Anull%2C%22sparse_features%22%3Anull%2C%22collection_id%22%3Anull%2C%22theme_id%22%3Anull%2C%22buyer_product_rt_imp_v2%22%3A0%2C%22candidate_model_score_map%22%3Anull%2C%22client_time%22%3A0%2C%22last_rank_index%22%3A0%2C%22last_rank_time%22%3A0%2C%22level1title%22%3A%22%22%2C%22creation_time%22%3A0%2C%22seller_id%22%3A0%2C%22seller_rid%22%3A0%2C%22other_user_id%22%3A-1%2C%22time_since_li%22%3A-1%2C%22response_time%22%3A-1%2C%22message_count%22%3A0%2C%22buyer_session_count%22%3A0%2C%22seller_session_count%22%3A0%2C%22hour_of_day%22%3A-1%2C%22ad_finder_request_id%22%3Anull%2C%22fpt_id%22%3Anull%2C%22fpt_category_ids%22%3Anull%2C%22retrieval_source_name%22%3Anull%2C%22collections_to_products_map%22%3Anull%2C%22grouping_info%22%3Anull%2C%22should_use_excess_items%22%3Afalse%2C%22seen_item_ids%22%3Anull%2C%22lifestyle_image_id%22%3Anull%2C%22lifestyle_image_id_map%22%3Anull%2C%22leaf_fetching_params%22%3Anull%2C%22candidate_to_grouping_ids_map%22%3Anull%2C%22grouping_ids%22%3Anull%7D%3Apage_id.197822284350539%3Asrc.22%3Aphoto_id.5702986999795419%3Astory_location.6%3Astory_attachment_style.group_sell_product_item%3Afilter.GroupStoriesByActivityEntQuery%3Aott.ottAX_yz7hzRYux1pmR%3Asty.805%3Aent_attachement_type.ForSaleItemAttachment%3Apage_insights.%7B%22197822284350539%22%3A%7B%22page_id%22%3A197822284350539%2C%22page_id_type%22%3A%22group%22%2C%22actor_id%22%3A100002525266913%2C%22dm%22%3A%7B%22isShare%22%3A0%2C%22originalPostOwnerID%22%3A0%7D%2C%22psn%22%3A%22EntGroupMallPostCreationStory%22%2C%22post_context%22%3A%7B%22object_fbtype%22%3A657%2C%22publish_time%22%3A1662562280%2C%22story_name%22%3A%22EntGroupMallPostCreationStory%22%2C%22story_fbid%22%3A%5B1234861557313268%5D%7D%2C%22role%22%3A1%2C%22sl%22%3A6%7D%7D%3Aactrs.100002525266913%3Atds_flgs.3%3Aftmd_400706.111111l&__tn__=%2Cg
69,2022-09-27 13:09:50,Sutthada Oonsri,100002956255917,ประกาศของซื้อขาย,"['ตอนนี้', 'ร้าย', 'ขาย', 'ยา', 'ย้อมผม', 'ตรงไหน']",
70,2022-09-30 18:42:35,Kao Amnaj,100002520472850,ประกาศของซื้อขาย,"['มองหา', 'airpod', 'gen', '2', 'ขาย', 'มือ', '1', 'นัด', 'ม']",https://m.facebook.com/photo/view_full_size/?fbid=5462778267149468&ref_component=mbasic_photo_permalink&ref_page=%2Fwap%2Fphoto.php&refid=13&__tn__=%2Cg
71,2022-10-03 19:39:46,Sarut Tawaranurak,100003226352475,ประกาศของหาย,"['ทำ', 'แว่น', 'ตก', 'มอ', 'ไหม', 'รับคืน', 'ร้าน', 'เคบับ', 'บัง']",https://m.facebook.com/photo/view_full_size/?fbid=5422995811151244&ref_component=mbasic_photo_permalink&ref_page=%2Fwap%2Fphoto.php&refid=13&_ft_=qid.-5391620811207209860%3Amf_story_key.1254048508727906%3Atop_level_post_id.1254048508727906%3Atl_objid.1254048508727906%3Acontent_owner_id_new.100003226352475%3Apage_id.197822284350539%3Asrc.22%3Aphoto_id.5422995811151244%3Astory_location.6%3Astory_attachment_style.photo%3Afilter.GroupStoriesByActivityEntQuery%3Aott.ottAX_4PvgrOKXee2gt%3Asty.308%3Aent_attachement_type.MediaAttachment%3Apage_insights.%7B%22197822284350539%22%3A%7B%22page_id%22%3A197822284350539%2C%22page_id_type%22%3A%22group%22%2C%22actor_id%22%3A100003226352475%2C%22dm%22%3A%7B%22isShare%22%3A0%2C%22originalPostOwnerID%22%3A0%7D%2C%22psn%22%3A%22EntGroupMallPostCreationStory%22%2C%22post_context%22%3A%7B%22object_fbtype%22%3A657%2C%22publish_time%22%3A1664800786%2C%22story_name%22%3A%22EntGroupMallPostCreationStory%22%2C%22story_fbid%22%3A%5B1254048508727906%5D%7D%2C%22role%22%3A1%2C%22sl%22%3A6%7D%7D%3Aactrs.100003226352475%3Atds_flgs.3%3Aftmd_400706.111111l&__tn__=%2Cg
72,2022-10-03 18:30:21,KMUTNB Community,1194121608012157,ประกาศของซื้อขาย,"['ม', 'ร้าน', 'ตรงไหน', 'ขาย', 'โฟม', 'แผ่น', 'ไหม']",
73,2022-10-03 15:28:51,Somsak Sangthean,100015142596260,ประกาศของซื้อขาย,"['หา', 'สัญญา', 's', '9', 'ขาย', 'อ', 'นาค', 'ต', 'รีบ', 'ติดต่อ']",
74,2022-10-02 17:31:37,KMUTNB Community,434049081579751,ประกาศของหาย,"['บัตร', 'นักศึกษา', 'หาย', 'ทำ', 'อย่างไรบ้าง']",
