date_time,username,user_id,post_type,text,image,post_url
2022-11-15 08:47:47,KMUTNB Community,836213847736293,ประกาศของซื้อขาย,แถว ม มีร้านรับขายของของเก่าไหมครับ พอดีจะชั่งขายขวดน้ำครับ,,https://m.facebook.com/groups/197822284350539/permalink/1286201648845925/
2022-11-15 02:52:50,Warangkana Krajangngam,100076107846867,ประกาศของหาย,แนะนำร้านนวดแถวมอหน่อยค่ะ ขอนวดดีๆ นวดทีหายปวดค่ะ,,https://m.facebook.com/groups/197822284350539/permalink/1286063552193068/
2022-11-14 17:04:59,Kittituch Kiatpaiboon,100007807055197,ประกาศของซื้อขาย,ขายสัญญาหอพัก smart place พร้อมเข้าอยู่ ต้นเดือนธันวาคม ค่าสัญญา 10000ขาย 8500บาทสนใจคุยได้ครับ ขายเพราะจะไปฝึกงานต่างจังหวัดครับ เดือนละ4900บาท ค่าไฟ8บาท น้ำ17บาท มีแอร์ โต๊ะเก้าอี้ กระจก ตู้เสื้อผ้าเพิ่มเติม ชั้นวางของ ซิ้งล้างจาน ระเบียง อยู่สบายปลอดภัยดีครับ WiFi ห้องละเครื่อง มีลิฟท์ ร้านข้าวหน้าหอ หากินสะดวกคับ มีที่ จอดรถมอเตอร์ไซค์ รถยนต์คับ สนใจติดต่อ 0992174341,https://m.facebook.com/photo/view_full_size/?fbid=3319729968297206&ref_component=mbasic_photo_permalink&ref_page=%2Fwap%2Fphoto.php&refid=13&__tn__=%2Cg,https://m.facebook.com/groups/197822284350539/permalink/1285738035558953/
2022-11-14 15:10:51,Sun ßüň,100017672355491,ประกาศของซื้อขาย,ขาย150 ครับ ซื้อมาใช้ไปแค่สองครั้ง นัดรับในมอครับ,https://m.facebook.com/photo/view_full_size/?fbid=1202354313696969&ref_component=mbasic_photo_permalink&ref_page=%2Fwap%2Fphoto.php&refid=13&_ft_=encrypted_tracking_data.0AY9edTQ-C7aCAPmlCZCwHpbx_hGGW9DCbm3sZrGHCPtFIXN2tqN6dRfP3YA8C_riuxspo3bueodUMMw9VAJ6re-nlpkJfQGcZ_zyVdUvAU9sQ1FwlAo0zYdi0FbBoCinpF9jnaAriiLCkZgKKedxnsuuUCunElA9nMipEukZQlbspMYvaSY-SIKtUBrvs3k8XC3tCBAO-v69Hocc0JoS2AvHFk3u9mhgMl7L1HmHXfRmlE2L40-hctGnR6X0pvPOhWWcZZF13ZOKtbAtwEEdixcM2k3lEbrIUMjc7bqAGNgNcGAvKde8hqvGeWYlTi6cgBZaaLOjTDCHMn5l9Lo0QUC_mNgI3LAg3sJiUs0564XhOIiKBWqGKCElu-ck5JIrfzkSzPKvqw5H2CSoe9Mu7HVz31EmmKSpHt5Zz2rXmSMBs2TSKe0zQB2_cQzAtdmwXPNEXWnc72LXGZoK_JjJv1Eiy_4S51YMcjDYav7cK7FnTiTvUA3OK1NJknTDoJP7zxUJ8TRMUW50YDUPiT2NS-HjNKzo4cxcoWvcSZFWbzDMq7OOBmZbKyIQKwkvSRFJrikYuZn3iTTitWPv5yr4ihhxybEUuJmrdT9OoF9f3_bgyfjlX8w9nWFpmbzRe-1Logi1tmgFIhTzwKePVOwwijXe1hbjNA1buqxwtg0bjhV4HWFX-TqZFDW0MeAE4mPjAJtOSycpc0jTuz5KoAKNKF67-vXi969TwGtM1qZOcSylIK2beK7aSBU5shqwCWYzpwfdEEVa88cQUPJuZuCsvUqaYwk0tXoSvUbqGCedQbXzSFCSQDIo0uLeO92LDI2ujRQhzxKS29KCR1azES0hmMBqEVqu2W-1qxjReNwLHrMfMWlpaDlO8h8oYRIPHZSgRwV7PlYqMJn2uqitCmFS7lI-4mkvdvglXAa0e86Ffc7g2xQgl78Kx1dEbKfAEOmzz0hL7zLP9VBySI6NB7ty3CJb4mpXz1iBEsPcx_291KPDNHLT1zPKXBIhmbnNAN8-Zp4FZWtAgjirynarZsqpMi-kXcdyIrOaBW32Rh4lpdS18FGZpPl9-cyv4EYB3ierh9jNr-YXJ3QFvLi39u4vMU-BEc3Qzb6r50fiAr-xo9w&__tn__=%2Cg,https://m.facebook.com/groups/197822284350539/permalink/1285686145564142/
2022-11-11 17:06:44,Pimmada Sangcharoen,100026688555215,ประกาศของซื้อขาย,ขายสัญญาหอพัก Time mansion พร้อมเข้าอยู่ต้นเดือนธันวา ค่าสัญญา10000บาท ค่าห้องเดือนละ4600 จ่ายต้นเดือนถัดไป •ค่าน้ำ4หน่วยแรก100฿ หน่วยต่อไป17 ค่าไฟ7 มีค่าสแกนลายนิ้วมือ50บาทเพิ่มเติม •มีแอร์เครื่องทำน้ำอุ่นตู้เสื้อผ้า3ประตู •wifi ฟรีซื้อเราท์เตอร์เพิ่มได้1000จ่ายจบ •ใต้หอมีร้านตัดผม ร้านของกินแถวนี้เยอะมาก •ใกล้เซเว่นมาก ใกล้วินมอไซด์ สอบถามเพิ่มเติม Linerrttyy1234 Tel0612845668 สนใจ inbox ได้เลย ขายสัญญาหอพัก,https://m.facebook.com/photo/view_full_size/?fbid=1168876624011945&ref_component=mbasic_photo_permalink&ref_page=%2Fwap%2Fphoto.php&refid=13&__tn__=%2Cg,https://m.facebook.com/groups/197822284350539/permalink/1283599079106182/
2022-11-13 13:57:10,Oat Pengdilok,100009058218408,ประกาศของซื้อขาย,ขายสัญญาหอพักบ้านร่มเย็นมีสุข 8500 บาท ปกติ 10000 อยู่ซอย 171 อยู่ติดกับซอย 19 ไม่ไกลจากมหาลัยด้วยครับถ้าไม่มีรถมาใช้ พี่วินมีเต็มเลยหน้าซอย 19 พี่วินคิด 20 บาท ถึงหลัง ม เลยครับ โพสขายล่วงหน้าผมจะออกจากหอวันที่ 18 พฤศจิกายน สนใจinboxมาได้เลยครับ หอเดือนละ5000บาทครับ น้ำ17ค่าไฟ5ครับ,https://m.facebook.com/photo/view_full_size/?fbid=3210040539307855&ref_component=mbasic_photo_permalink&ref_page=%2Fwap%2Fphoto.php&refid=13&__tn__=%2Cg,https://m.facebook.com/groups/197822284350539/permalink/1284947832304640/
2022-11-12 13:45:51,Pawanrat Limkonglarp,100006570399471,ประกาศของซื้อขาย,ขายบัตร big mountain 2022 จำนวน 4 ใบ ใบละ 1650฿ นัดรับหลังมอคับบ ทริปล่มเป็นงานประจำ 55555,https://m.facebook.com/photo/view_full_size/?fbid=3415239205371726&ref_component=mbasic_photo_permalink&ref_page=%2Fwap%2Fphoto.php&refid=13&_ft_=encrypted_tracking_data.0AY_nopCrXFU9KRrFqPgsVAMhQgLEaBsUVNaEZPkBMKXhny7qfnVGP-DFdxXRyf8yUb5GVe3qJOp9iu7gOlyWgmLpuF_yK9PuLStKIVVJxUykCAPIm4An4z2IvlV0jA6ZxwwoCENQa6SZHE8Hounun_G3NeIoAsThR_Wuk0E64cMyatXb8i3E26nEB_iC0Za0WMZzivYTMqpHlcX5DUTDLOGc6i1fh3FzBRnqhgThAAklEkhel1VfiNRuH2L9cU9QmqN1wFh3DLTYsXSOSH6yupJJK5r8AyR2kSJ0-OBs86zY82glHuFw64KZbL6lvvKmQuWS2D4z_H3chdG7G7-RBgALJ3Vd0MVYId5VTQPO1YgaBQ8uceaS1pYqp3yUFe3VtcSyVn8eglvkYJ7vWOKSOWSqbRBhgK2bUGIc436VTIvAqX3HfJrwGxETukbjIooRM8HeokJazTbDotj8Jw4VzP343sgp77mQfD-X0FwWKR5knLIEphcRor7UmQis2qC3Zj-qMuN54c2IfuKi-YpLZEabn7saOBn57W-GWkcZhyxIhGaibjdcSThGxnLM4Q17HLi4Bge2ZR7QxodTxb0RJHwTujDu7nvEB-BWetw9W86vlEoHXw416ZdBEZqG-R8g3y-3_bCZj0H_FOtbaN6gNKFNOIvtmaa50qstuj-GJ3jvF3brGMJCVYvLk_wwVViI7l5Anwf0daJzKsUmo38p8rDboBo1T58KtzIIqeHihTDQTE2c778bsWCcNAfvEo9edg6epzPd1qF3-3QAhZ7N1dUOgPfZ3ipo5YZbxW1BQrwv8rKPoGuGi7qPqGASOpnyXE4bBzZa00m8UH1-Lfo6Wdtny5h53KSn8kp05MZzhT3-k-CjocEw0MBkg4wMNDAkpDTZNyYslbZeVZu0qMxT2jaRkmYnZxe1uyei6uP-JdQe9aTiVTWxIJza-QMJPM6hcgGDlWdEvlbCv38_FKCqX1R7OXQgKmToQRSA10t7sDTmiM9NXEpXJ5Yl4Ckp1sUnlaNAZUOZLpLmXPbS2_WGFEoc5NT7R1fRHB0_MERkbCO7ATYsWMaaDHBiJv3qwtCRUNASnHFEAJ_C6RIe70qHXbxikcmW5DjpkcWxwH6djno&__tn__=%2Cg,https://m.facebook.com/groups/197822284350539/permalink/1284241189041971/
2022-11-13 22:42:49,Nichaphat Nonkru,100004414836262,ประกาศของซื้อขาย,กล่องใส่ของอเนกประสงค์ ขายยกเซ็ต 100บาท,https://m.facebook.com/photo/view_full_size/?fbid=2344222409068231&ref_component=mbasic_photo_permalink&ref_page=%2Fwap%2Fphoto.php&refid=13&_ft_=encrypted_tracking_data.0AY_spz_g1HPdVgKAvRUyMBGpnFDBGdIYfYMbix8GG6deCGtJXcez31EM-48plry5ME_h_N-If21pOTxSghUqB98gTKQQKsQhQ_QZ4AwJlMlRHjxOU94doddoky5ypyPZTl1knM-wM9liUg3r1YBOLs6XfyjuqZcG6CMx7tnRIj9TnEMvKSpzv2stChPSCwfwFmTjZUXn3UFJwP1RSDgKKlY-zCQqehzQ18uzEq4D07HIoGe9SeAjK633W4EQh5UQGMEaNYAYnGIQ3kLRHHyJhpZolIYj4O84llnOVMbHVKooVgUueBgNoN5T7sbmJBPRUJHEyBsWVGSiAs5tje4SbHZHjMvmvyKhqlj61SPRNPx4bHtogwFXJaeHLZBcdMIPZ2GU6LJLwLctVGYaHJDA50MK1wW8oXfndZ6KJapaDCJh71EO4wPewXFBtQ47deu0SGWiqdW59S1NGrmlWhTwR4XvrsDIeSryARTz9GyJKeS7HT04PKEs25l_cUq-DbWDsimQY21MctpFawyoSy4a9m4n_LtqyKCnx-OtvypF3p_YqTzmsXs3_9_c9kFBS9XKZgwhxBCHIvQZM0lacUY2ivuylHTzR1xBnFnVC_hBEEDgiuoNN8VFh-ReBdLzGzChGR1dToCSuKjROWvYf0Gy_TA8w9qBm0YB0NvMzkHu1hP9WTFZ1eTGpBZTYOFEOx-Xzk_OREhFGr3ZDGtZFfz7Db8WAoygZapWBip396_ehIn3cFFNQK_Uzdq3UnXpHYK_anH8nxsR-TR60q7IEn0KzsCMxZQW7ZqOJclHAc6UXjXGJvPQRW2_FZH-rtDgVKoTdYeEdaO_hzTVLRrBsRNPbTsT5ggxzVFh53BZh40nPIZkqc-EEtobx_hCdpxmm-RsQNxGVGjftSqvIpqtasS1VoFJlG0gvdW4oyIQ5yVdUEbuYnnjpeAgoB9CsW_PQf7pkDpz7zeRXJ8_SfZ8NnZEljZCpLSr0d392K9CmIQVdBgBROZt4fU1Gpj4kh8jvASdqe7oWUwFtwYop9in9bkFwC1c6sWIe83vS_Oed3Ifag5gNe8xTGeX3QZ6iU9kPD2-q2mA4Mg_JKm0dVJFQiHO4cGlnVDTf51UVPAs9yAchcs&__tn__=%2Cg,https://m.facebook.com/groups/197822284350539/permalink/1285221972277226/
2022-11-14 12:10:03,ครัวป้าชวน,100057308304457,ประกาศของหาย,บัตรใครทำหล่นมารับได้ที่ครัวป้าชวนนะคะ 085 1302434,https://m.facebook.com/photo/view_full_size/?fbid=613715090548762&ref_component=mbasic_photo_permalink&ref_page=%2Fwap%2Fphoto.php&refid=13&_ft_=encrypted_tracking_data.0AY-IL5chtKf5LlzLIURLxbDEYpGb6pq1gAVI2EmZjpuukIBPDlqg9vk4g5J3e4PhqHAmxIYisMK-UXV5RgPlxyJY3dTtkC0rGYv3IHJju8I_poUOprmrn4nxs6GJUzAQrIMKgbfSpuU3Twm9vB6Q5ceCiAxaPjPRF19ikWGywrfWlA30osjj_HRHaNnAvuXy6H326EzeCEsOlDyWlOQzg-\-\4zHZoep-RurZGBVxFhUVH0NMkMWZGmSfvNE6tL0CuMsDbOXrzqDWOo8cdWcOrSJjVtstwrbLbb_klWvwW5EnaRC70ze_aKPt7ik6iV5ycGrdqBGKKj8VN1N3Md4Eq8T0M6EQMN272RTZO4ySHKjSKEnkBoiDIYcteMgizGe2eVFJygY1vWnqOfFxI8xQbqZTJ8ukQ_5Rvv2Fv2ss61OROX8i66LYLzzJNZWwVp7VOGvXJjSf0-KMOotspKU-\-\ZFadxT1M9SEe6LPJIDPcuk5pCByu0zRf3wAJZxEdV6q6W7cFS6kjEtk0u6AteR9NXL4gbu_xq4iI79uGE3OTGf-WdiS3vvX-9v9SGe1Ht91OC_D7m5bzRrDa7vigcRRQimh3TOduiBdby37Cb2RxrOW7YKnuiFMTkwUgWpaKATt4AOYZgZpswQSpE3aGPaU3pbtSYCMdTISKiePuFfPzpec_lcecxyl2BTLR9QanXQKbJNX3kGLr_x1Ozhgos18n_MBNcjAr8QIZPgY_74C-ewFGV5oXL6xqxct9EQ1PVUwT_TTgPT8WUAUQT1cv4NkcXmJTFmMLptb4OQwQCK6FNn1ogr31QovKecJGjIZygb-7LF8ASCbrAOZcC3Jszc2GLQH9klHSAj6Nq5zvziwjdzLsvyoPovt75-hbxdpSXVSSAPI5iyRfvojpBa-BZlrVdGEsZVwa_DswHbIGutzaBfrhuG-_tJbMnHp38mM1nqMe4N2oV_iiiV9VvuhgwwGeCopw4Wtjm0cGOJq7_sySU_Qe3PrwjGN7PAPDDcz3wfvEhh7NPv0DHxO2e_VUFu6XoyTthk5fabJ2gcuXjOz2UGNALoGYccB6_FxCZ-vjEyWtIsBH1NGnhcXXLVBMhlo9sOra3o0X78nuo2tzBw8UGE7FxpmuMd-aFFAAVPWH2paE5uuXgmcOmZKpPd8AS2ck3lWVZYYxNbuQPIhAWUz8lSk2hCIUoXl_frRN6FBwev018hnnQYD1FXVXnoYKne1CMb5UX-GoHFG4MWp1bV6eF-agqJdwZAguE4ZDGXHqMtCAm8RkGueTgvtp6CzcaEAIifUog_vvs2SyvnrUkPDhn5rnKOZ-qPmPO2LGQ3FM91Ow6CZCsTTQjdZxKltkwgQNniknDWfvrGpgDkeVqSj9PIAlWtvu0jAPhjjli98Paj9qY3wXBTjFvvlTIkxTtbN6Zf3UlKLAa-zlqpKw_UNNGL6Q7kzduqXsaPSo5AXHjbYsCZIQoHw6kCUBIwtgHpv2WHw7dG5oxta8keoNGDBfEFpZjnCnft_PrVCafqfIGCFFETIs3zyZzOyO5Bdsv7fZ5xSROmfuPkcZufMPd7iYK0OFba-tVVKZgVYwmr6FzM3E1-ulAewEsQIDWjyOgVStd3SqDQsJkkqv5V-ghk1M_m038UZ8xQd5M5Vx5QlVJJA3q-8hRKxCgmtH83K7ZgHdzHXIctRxAxnmsinNRF51KQKOUPioOzs_2lV664-wEvdhPA-IZGUTgYA&__tn__=%2Cg,https://m.facebook.com/groups/197822284350539/permalink/1285609515571805/
2022-11-14 11:00:17,แคท,100009299151170,ประกาศของซื้อขาย,ขายบัตรthe toys 4ใบ ใบละ180ค่ะ,,https://m.facebook.com/groups/197822284350539/permalink/1285576088908481/
2022-11-13 10:53:06,นิรัชพร รุจิรัตนากร,100002436992795,ประกาศของซื้อขาย,ขายบัตร BMMF12 จำนวน 3 ใบ ใบละ 1650 นัดรับหลังมอ,,https://m.facebook.com/groups/197822284350539/permalink/1284857738980316/
2022-11-13 22:14:21,KJ Napattira,100014349966668,ประกาศของซื้อขาย,ขายแล้วค่ะ ขายเครื่องคิดเลขรุ่น FX991EX 450฿ซื้อมาพันนึงค่ะ ใช้ไปไม่กี่ครั้ง ไม่มีกล่องนะคะ นัดรับในมอได้ค่ะ,https://m.facebook.com/photo/view_full_size/?fbid=1439902656498053&ref_component=mbasic_photo_permalink&ref_page=%2Fwap%2Fphoto.php&refid=13&_ft_=encrypted_tracking_data.0AY_l0hxhW48a_IT1cGXTebWamnf3nk8EMxajU9p1lbezbVvomQTuaxXutLYmpVPgWyJUq9d1XEas_8tUVveG3d_c1NNp-AvJ9L8F79IqQ0To6oii2g_M__AdI_vce3w25cebvdlaXAAfQeH2E9g6Rb8S0zgYgzYomGtm8QuPxwLCqNpOE9i-DAtq7olF26WBZk5FFamtxAXc886U2lYym2H_oU_FByE015cXaQ_JZMwv1rJBUl5-DyCQBg2n63W6eMHqdPL3-FIT9eqMZtxONok4pVgkwdkexE3kWYrcNJFcCdH_k-KLgeK87CnLu4geFn4Yp76JyT9evhnhfgo4ZyusDrfZQCYnRcgt-vMb38wsgwSr9ekSN6Ocg32MwI1fznfvgu61yWcYadpaLFikphPGCshQ-CIL-ZK9Nil9NHzn8UYS48RLXMPaUHxSjT3YbU1BBnRt0lTSLpu2HiMwd4GPv7y7jufGgJ1FcNAoK94r5s-fTdLW0SVxwyv1X9jYONpTVxaMxUf0NIu67jsjWSflK-3DiJrEon1I5JR-O3FXXPAbP6YHSN_9YmJUEMv2afKM2AvUm_5fTUvkLCf9XzNz6zMUKXwaQ2YveBCzTUkyuRZmceXtWrpZRVWE192cNPCdoCpmd8Ag2d0BWQKDsiiEDuHj4pDyogjX81_Vf0TGYoorXrDJ_fdSJSBp8yQ9o04ueODImfatoaZtfRc5Vq2QrQnRUE7SsXu7yCL0TN-ZysDOECBdaTgueNYjAC5Qf-4yX1MtLDTneT207EPaPcsDKVDFyywbgq-ogS5dTFoO6vPZ02Qk1DWUeS_05KwapQJqA9rs5-AXiBb-C75td5izGSJDIdYWQvdPulq3pQJJ4sIS37wx0cOUIpml5A35HiNSELlKGlDCu7Ek6ch5a7_ZLbtYbHYt_sjlxIaU9Eb01zXVAeeblHEpHLFVUc0EmirVSafYHYOl-zRjK_3YBnL8MZ58zzvChVgDS1bZrXuhwmXg5mFWmb75ojC0NVVWG-i2U-J0oJOlSK8aJvQQAHKqoTvsjNVjRnEeYybp-I7C1uTpiQe6tuWIuSmLDgUKJ3ImGe2NI1hx7Vtxj0jdi3v0uCUQgwQm4tK2xTT7h4Y&__tn__=%2Cg,https://m.facebook.com/groups/197822284350539/permalink/1285205938945496/
2022-11-13 19:33:29,Nopparat Leknok,100002280987476,ประกาศของซื้อขาย,ขายบัตรคอนเสิร์ต the toy ที่ subscribe rama 7 ขาย1ใบค่ะ 200บาทเท่ากับที่ร้านขายค่ะ พอดีเพื่อนไม่ไป1คนเลยมาส่งต่อบัตรค่ะ บัตรรับหน้างานวันงานนะคะ,,https://m.facebook.com/groups/197822284350539/permalink/1285112175621539/
2022-11-12 15:27:15,Manassawee Ardwichian,100005597557558,ประกาศของซื้อขาย,ส่งต่อบัตร THE TOYS คอนวันที่ 16 พย ร้าน Subscribe rama7 ใบละ180บาท มีทั้งหมด 8ใบค่ะ นัดรับบัตรหน้างานค่ะ ติดธุระไปไม่ได้จริงๆค่ะ ซื้อเยอะลดราคาได้น้า สนใจมาคุยกันก่อนได้ค่า Line mnswzj,https://m.facebook.com/photo/view_full_size/?fbid=2055636111299621&ref_component=mbasic_photo_permalink&ref_page=%2Fwap%2Fphoto.php&refid=13&__tn__=%2Cg,https://m.facebook.com/groups/197822284350539/permalink/1284294975703259/
2022-11-13 12:41:34,Nuttaprapa Phamonbut,100002447687401,ประกาศของหาย,มีคนเก็บกระเป๋าได้แล้วเอามาฝากที่ร้านเจ๊โหด ตรงตลาดชิว ชิว หากใครเป็นเจ้าของมาติดต่อรับคืนได้เลยนะคะ,https://m.facebook.com/photo/view_full_size/?fbid=5676021512489382&ref_component=mbasic_photo_permalink&ref_page=%2Fwap%2Fphoto.php&refid=13&_ft_=encrypted_tracking_data.0AY9xImWnPYrHgoYEnHXm0MKn2MAW3EQULiQiIX_mdsyei5BSXHIcCl-OTJxjtndL5wYYOmcR1h1vEyWF2TU6onnMkI0jgot0XxhkIHgax7fnwAlLfP7WoaBr_uto9_gdDVWumn-nhScHtFszky2ZOfx5FJLCbgcrVqIjbFwAtSmqXLmfM4OsUamR3rEaEXKCuly9O7XoWNhsyx3LRP9B_f5kHWypr6wfMwAz2UWmMrsUxZZq9DoH9j2iEltsjTYJ0dae2dhdTU1JKF1xDVQqqdUYe3dndc36z-ZBavnNKzYSiKu7541CQ_vmy0RGQ5pmJ9l06dfPpQPa3IJS6VZ6K4tcyjfGGRI6NBPBvKhMgk_YKN1YDSYr2_GQp4t68BsNfGrd32vNP2p0mbA7QFrwGGhxHw0se8hnktKoBk8FzsIn5facp57rRbV3hncZz1NPumbxuPnSO6wCvWmJmUKCIaJClXnVNdHteFglea4f0iaT3MujvI2KIJ3_aQe4LMD1qQlyman3OyAUU3fuU7nseZInFXIWWTtr_LgM_iWBhRT2bYG4cQXwHlz_N43-HJuWlf0vYesXfv9sDSLNvDBfUzW7-Z6ETc64wPV4-\-\AGuBVjVHNScMi8EazsGqU5a7g2OjD1Ene6JMAajDJY724hhHPKlQ4OLm7DS9sl6n43s5wRpMA4fuOx3hYm_RFafUv1cfaMomXq3tfWeKZGFc2Oh_69_hqOThq_svCeBd_1G5lKkTYijMvfgyAeh42alx5JKFm0IqQ9RWh2l78ZxMDN-zjtsfxmU7ARdo13wPsfwRdWnDnjHQan6ZDaMicnSuH-YYVAsXlA5QXY6bEHWI5x4BX2kKj6qRvGL4o8DjuT5U6yHP8coO92eAYEq_VOlkSQgvjNCjy_yxRZvK5vpMYB9RmMXr5k4M8npdtH-haH-C-4eJIYltoeZOxsdhRlIezegyj8JKUTjS6r-A8HDqbq7IEeKf1UlXpJv1RmZGvb4vzkGDXE_Czrh3MlDcQEsdRPtBfQZDVPVDC6d69lK_2hs3lIIBveYW0j-MUOTXi67QiIm27NZUhItrWDDo6lRjSUcFqHlMgW3fRoqHKprJzYTpvXPky4qAuQkQNDupkaFpw&__tn__=%2Cg,https://m.facebook.com/groups/197822284350539/permalink/1284913255641431/
2022-11-12 22:52:01,KMUTNB Community,790023422152456,ประกาศของซื้อขาย,แถวมอมีร้านขายช่อดอกไม้บ้างมั้ยครับ,,https://m.facebook.com/groups/197822284350539/permalink/1284534355679321/
2022-11-12 18:31:55,Pannika Kongtan,100082919577609,ประกาศของซื้อขาย,ขายบัตร big mountain 2022 จำนวน 1 ใบค่ะบัตรแข็ง ราคาใบละ 1650 บาทรวมส่งนัดรับได้หน้ามอ ตลาดเตาปูน บางซ่อน mrt bts และใกล้เคียงค่ะ พร้อมส่งนะคะ ขายเพราะไม่สะดวกไป,https://m.facebook.com/photo/view_full_size/?fbid=146459658128019&ref_component=mbasic_photo_permalink&ref_page=%2Fwap%2Fphoto.php&refid=13&_ft_=encrypted_tracking_data.0AY-5CoihFh1ivfKXS31PfQAGldtaBl3td2d1uGbiumPWhwjHygy_-TwSUPo946kApjChWoCLNk61mMajmPfUhr5JA2jOjZKBbS9BqXhfPJVK_FY30eOJ4-x0u6wj6Bi9lzcyemL8GPfuqLaKM2x9JfsrR50uT6bM3M_oB7y8oTaJpTZcDWnWjQuvJoVU0b9Nye7lk6pIACuM_Y-jSJ24_lg3F8gMB3_UHPDNVA9lPQr07neGO0Bkg0wzxJ358magrspKMMDw46Wv5p5uNw4BpCEXUZwtwicMLirmqzRvgkP5uyAOKCiOFOdvWvT2EuPwRTvla4Okqag8zXozqdh9K-Ny-4KwDZ8vjLKMjVO8hp6W1XD30ary-Y5_9OM5wFbe-Vy4jh0tfVKY_mBjrt7U4AII875Nk1H38U1wNy4wpUeyLuS2L4kbLrPMoqHyI4Q-k55_R-1a8k62VjCTltFN_xVhx9mZssYjmz3q6DRS58FNf4wLxTJOccmyLMF3W_kTNqX9cq0YyWRJDGXOF2W4h-BpvYEgvlw-dh5l54BLa6D52UXCYkzcTK4LiaSmY-OkVIx3dCXYMHPl17Bmucv52mazhmn5KLkpKR05qy3UZmrSYNV76gXV0gTQZtu0rSC1Yhzw7vxBG2zXb9vhA4ijyO9gJoGwU1DrJgN1eOP-8KnfTkPV9vaZYz6MeF0-OYI0qnrmK3edT5iLgIBHSN43sGszEEPHMmZgjJsVmee0gNfuaXj0Fb0BW4yOE6V1mLWPrXKRGrVqCmkI-awtsOZtb2jp6BbukflpOWg7EaQqQj_Y1WNiXlLrTUKAdIQjmv3321semVBlzpcYEY2aXZvvOepYH4pNxsbMxS0YgU_dMc_Z-VaJLeJGymNMNgVnyom_U1kOhfxejc1Fp3B1dscrLnszbW88dZ-FC_2X4KZAOAhdel7YUE8UoR2eT0Ytb4eaxw2A87jurx271XZVi9nXcHbP-FFx9gz0MgExzKE7Mt4ViUf7Ue-UbWdL5buAMm0Dr9vyfCy1GgLISTLCcq_keS-Jbc5BpH1iPKcTeweg2luKZHV0NCCJcklyrAS7zHIhkCL9lkAB7XenSpfc3qtacJNOsymrG56F6ua7G8XQWQ&__tn__=%2Cg,https://m.facebook.com/groups/197822284350539/permalink/1284381109027979/
2022-11-12 12:49:52,KMUTNB Community,464760455634550,ประกาศของหาย,มีใครเห็บกระเป๋าตังสีผ้ายีนส์มั้ยครับน่าจะหล่นหายแถวหน้าร้านม44หายเวลาประมาณเที่ยงๆครับใครพบเห็นช่วยบอกทีนะครับขอบคุณครับ,,https://m.facebook.com/groups/197822284350539/permalink/1284212882378135/
2022-11-12 09:54:45,KMUTNB Community,505543341516192,ประกาศของซื้อขาย,มีไครสนใจซื้อสัญญาหอใกล้ปากซอย11ไหมครับห้องแอร์ เดือนละ4500 ขายสัญญาต่อ2500 ที่จริง5000ครบปีได้คืน แรกเข้า7000 บาท พร้อม เข้าอยู่ได้ 26 พฤศจิกายน,,https://m.facebook.com/groups/197822284350539/permalink/1284125699053520/
2022-11-11 15:20:34,Atichart Yp,100013692422062,ประกาศของหาย,‼เจอนกที่หน้าตึกคณะสถาปัตย์ครับ นกใครหายสามารถติดต่อได้ที่ 0954073841 เพื่อนเอาไปเลี้ยงให้ก่อน สามารถโทรบอกเพื่อนเพื่อขอรับนกคืนได้เลยครับBell Pasinee ‼⁉,https://m.facebook.com/photo/view_full_size/?fbid=1510217569444643&ref_component=mbasic_photo_permalink&ref_page=%2Fwap%2Fphoto.php&refid=13&_ft_=encrypted_tracking_data.0AY-GBrVeaCBejXvJ5jJtKAXKe5oZub0P9fyUYPv8aZzbI3K5nRfJwpQru2JHwBFd4SQiREYZKLRQwajF53ihYnlHQgogjWFpU44jOfyQxEbrVlrh4rC71OdTNWl-Mdhpih08ZLApwpHooKw7ef9jQ8YLVQ9g5DuFrYekVhqGtfQVT7rAgR3c3XF7paORFtFjzhb5_M5N3L4EclON19HNkqU5hRsUqziGFVtFa7F4WTSJU3DzzwLN-EXsgmBQ8aGv485PSFqCU_wJalVSb94YvcdLUMP6gtf7lcEHTewOECYKQ6b5RDUkHqeXTLEwWfj92hUl8dS7c_ZwhBIND6klMOrQArbazMo9CiY6d1JpHmOxxr6f6ptXf2alzcAvB1RDrA2EJAyj44jJxGkksxFYEvk-uAXJ6z1ckS_KznfQH7z5qZcxXh9i-2uxO_xYoujL2T1gUw-gekyFavDL7ijSzhHKsHZ1YOlXiyRW-MIU8yhZtnGCim8zDONMSHwewPGLp0uFuFbGOb32bmFmlxKuYwqdUAjJggLFicvRPLe_Gntu37HjpXnrt5UfthR9HRVLca2gN7ObJpKfo1hSrURPbfXDy8b3uZwRiuQJsMsFREqk7HyhKYD0MFfbFB0hT2SWhrytZ3ptmdNts57c3hd6eo72-vW9WURrzsg9ub77Zo8wJv8hnx3O6qxraZ8aZeRxqETG2yS9nW0hZCPoVBSkIG2kYQroaO4UhtVjYQ8DHvloRZlabDlA1SBO_OaLTDfC7q1Rv1YF8gZm-9PoZqKGteDDZjdzJ9i0Okm0lhX5c_GAA7Asexqw7XR5CQDMRqlL0d9W5Qi2Zc0WiAGTQlbinJH0KVyqcwQ80AXdW0TZuaOIPEI6cjl1OBJIZJ4aJs6-cgc6bvs1NlLxrIHd3jMoqLnn0VrQV9ievS7IT3wcKg46Ts8nQVc8hZ01NjWqQEtR7qcT_rSMNltHwjsDDNh620UAIi096T00GwBMUq0afLyLnbqG6E7ftPj6RMSZ80l3G8YxpW41y-uPTKi6DO3PSncId6wwsjPg-3nM1BuwnVN9CXmQxW9Ng3Rah0eojIMN9jI7y5qaG2j4AT-cWbBj5yyelhA8OxmFBusjwfy1NuM&__tn__=%2Cg,https://m.facebook.com/groups/197822284350539/permalink/1283551625777594/
2022-11-05 10:46:26,Jongrak M Alyx,100001478470216,ประกาศของหาย,ขออนุญาตสอบถามค ่ะ ถ้าทำของสูญหายใ นมสามารถไปตามค ืนได้ตรงไหนบ้าง เหรอคะ คาดว่าน่าจะลืม ไว้ที่ตรงตึกสถา ปัตย์เมื่อวานค่ ะ,,https://m.facebook.com/groups/197822284350539/permalink/1279266419539448/
2022-11-11 16:55:46,Bam Worralak,100028538801507,ประกาศของซื้อขาย,ขายเข็มขัดพร้อมหัวค้า ซื้อมาใช้แค่ครั้งเดียว 120บาทคับ,https://m.facebook.com/photo/view_full_size/?fbid=950720639222554&ref_component=mbasic_photo_permalink&ref_page=%2Fwap%2Fphoto.php&refid=13&_ft_=encrypted_tracking_data.0AY_EiHAaqt6R0oX26jaMSJYR1fZJOtPIMZz-XggQX1G_kxuPltoi2buW7Psa6-elm4-BQwR9Q9PFEy_Tj6g9n_Y9zNrazCvaxX2erht4CGlXDFvxc24UDWEUZnBegTsI_x1ABdU1QpnPZUI0XsNNADavUrv1GaWpUKFd-G-6vIi92zvBS24B3CrZoa2tJXT2iYVzqU0KbWw4D2lbUIfW7regk_58xeMFFAkYVgVkhioQ9ycwJDETd_Mq8EGsCiFsOTYi7a4WGFbQxyOQ_6z8ipLyf1eKripA1BFOfWDoi3jEilT6EuNaJW5cow1ElGUmT_OGMzOrxeX30zjtjM-qYvXsXzpK-N5vHwM7MjR-mMM61Q9JYvsVi6WgBnxvLsHHWBGScvUfXFh6XGUmd5gDCiLVht4RFKI_GUM1TTcSJfVdicep3FniEbNKNyboG_apNRL19VB0KcQWl70HzyTeutJf2iQgk_pm-RPkekIdsbcYDmiuy79e4LO4HqaNR9WfppWLf0RR3Fr0YjVohOxSEMSCdhRv3qyU6uKT4q6w6dPaaakPpgz6XSPyAb1tzX9DNVe9wemOsQ6O1yohiWlo9267DDVvzhteISiJTuZFcbNZlGGuhjB_v3U51zIDPUjeYHrVWAaCCZL4HvFRjJzt7GGPnGGLDAd9OYl8cHpem9SpE-08OTIEAcicsU1ZUimm9r7WgP7kW5HgGj5000DMDh4tpAAU22jAMwAxL4SmynVpqch0N-hqubMDXYr6KMhmKI715yVjI-0QTXs_vo3wJAk1zKpIMS6hoKGtdUrfFj-_tNHRAi2O_LOItlR1HIVVG5tF2R4h554pUtIcfWmvu1c7Kq1NpyHxJI1c-HM1utq5CJNDMXTEYyHyk-2rtN1l6xPOCu6ebAOi-fcnV3U2T7P6A30K1sEtbX4D3oFH3y0CgvFS4Tk8ndg1XI5cjc9XLVYu3o22IRTxItPyNBg26fZD6KGq7Jhd6N-VgzDQwBcidTG7gx6rj87zRfxQxfaOzRTV-ot543qIPeZ79wdG7aFcQNyQWv_tGk2rw0D1LNYJtALwFLZL-jIMdaV-Pk-jeoubHNni17-8z0oi9UAHiuonIZpnU74wfZGpxuCXCA&__tn__=%2Cg,https://m.facebook.com/groups/197822284350539/permalink/1283594299106660/
2022-11-11 16:12:36,Wang Pakamon,100015789728248,ประกาศของซื้อขาย,มีร้านขายคอนแทคเลนส์รายวันมั้ยคะหลังมอ,,https://m.facebook.com/groups/197822284350539/permalink/1283573382442085/
2022-11-09 17:01:53,Oat Pengdilok,100009058218408,ประกาศของซื้อขาย,ขายสัญญาหอพักบ้านร่มเย็นมีสุข 9000 บาท ปกติ 10000 อยู่ซอย 171 อยู่ติดกับซอย 19 ไม่ไกลจาก มหาลัยด้วยครับ ถ้าไม่มีรถมาใช้ พี่วินมีเต็มเลยหน้าซอย 19 พี่วินคิด 20 บาท ถึงหลัง ม เลยครับ โพสขายล่วงหน้าผมจะออกจากหอวันที่ 18 พฤศจิกายน สนใจinboxมาได้เลยครับ หอเดือนละ 5000 บาทครับ,https://m.facebook.com/photo/view_full_size/?fbid=3206911392954103&ref_component=mbasic_photo_permalink&ref_page=%2Fwap%2Fphoto.php&refid=13&__tn__=%2Cg,https://m.facebook.com/groups/197822284350539/permalink/1282208529245237/
2022-11-10 20:21:03,Santa Pkt,100070714001202,ประกาศของซื้อขาย,ส่งต่อกางเกงนศ SWhite 300฿ ครับ ซื้อจากร้านในมอ ไซส์26 เอว35 พึ่งซื้อมาเมื่อวานยังไม่ได้ใส่เลยครับ,https://m.facebook.com/photo/view_full_size/?fbid=215129664187499&ref_component=mbasic_photo_permalink&ref_page=%2Fwap%2Fphoto.php&refid=13&_ft_=encrypted_tracking_data.0AY-ZlxqNtuvC9kG6dpf-yc0TkDjpuIXUlJ5KPYIQGgaTQf5vidTVEc1qKDshUh2e2FsrAsrbXeyjx4dJH282OvIjjr4N2YpTeS0qDy02Tav1gJPYK4Gs3jychpryyMdINl3QEb7IPd0ZaMOnPqk3oCSSfq77m_rt7gNvDJIFfkMZeogkpkxt-J91o9IwfKFGW9HWgw1Ifo_vAsMbNu73O9nKSzyDb0GhosJ6tYKf1Mx-8NJAQSKT30cJ4xmrnV49vjKMBvPbXwcTmtYQQy3ijwQh4BRTa7tfvaCfPwf_EWsFsSy5AIN4tkXknR6ZENC7Kif9VwfisJxUJ-HzTn8lkMBT_qzcKqPipqjCZJm8SNTSwUvbulokHFd_B11gChFND_Lbt1dexQH1gHlwXyz0d28rpyszQfAteh6-lc609A8ZOb0pvtBg9onbZVucIbhg6l04s_kv5lhzWfF2JfA6PnT-RLLHmAV45b13P0qKDD0qNez8TngU6xNLfBHht6_F1l8sdWJByACOGQ75wpYLsF8vx922u6_Vd6AzMXIfCxYTimMNdN1JFyp8HMg4lWbb8ndtk-tQcLQXXhAcNQvbZHjT_7pc9UBybw6Qm6m8o8srncjVJ_WJk2ANuP0pUj_eIXU2EQbJqHNIHhR3S8SCzO_2p6L_YR2VoHyrUh6EPZ_eOuGTwETNVeRYMhmXnWW1pf-IYq3-ZFVD2sCQ26yGxN5KDHD8NlXLt183OaLFDTSIRSTwNiLCHUUrP0pTl11SkZ7RSFGISdV8JWL4RWnrk4zbv9NA5mtni9vJCdqb4zBtL7XJHolxZ0M4wYkBg22wN1wA16IMk9UkE5bOnqRVh0c-touevFQr7K-Y5f2d64RMSGZLdz2PBZCzx5ce_rfRJcKfqfl-D3iZ3IOEmBTmXy4KKg2zNbfDlyS4hyPGaRl0seOyGUSGloz8Hn4zTTwb5f0afQZQ-5dLDMiI73kjCClfl_pA6FMT90PZQ7bZLjDH9b6fwZfwR2CjhD33HTuWP8oMCVKe4dNqvmqeChs3Zdb55Pn_zEAXZ7VfhjRLXxvsD-qQmx2mT0QDLr_7Py3vO9cRfPmj0YScUK6rdn1v21gPmK9CUM7XFNPLwnMvGA&__tn__=%2Cg,https://m.facebook.com/groups/197822284350539/permalink/1282985049167585/
2022-11-07 02:27:36,หญิง ธัชภรณ์,100055431347515,ประกาศของซื้อขาย,ขายสัญญา “หอพักหญิงปิ่นสุข” ค่าสัญญา 10000 เข้าอยู่ได้เดือนธันวาคม หมดสัญญาเดือนมิถุนายน 2566 ค่าห้อง 4000เดือน ค่าไฟหน่วยละ 8 ค่าน้ำหน่วยละ 18 โต๊ะหนังสือเก้าอี้2ตัวตู้เสื้อผ้าเตียง ชั้น 1,,https://m.facebook.com/groups/197822284350539/permalink/1280460862753337/
2022-11-09 19:31:16,Sudawan Permped,100001300677446,ประกาศของหาย,AirPods ข้างขวาหายวันนี้มีใครเห็นน้องบ้างมั้ยคะ,https://m.facebook.com/photo/view_full_size/?fbid=5484232768296691&ref_component=mbasic_photo_permalink&ref_page=%2Fwap%2Fphoto.php&refid=13&_ft_=encrypted_tracking_data.0AY9FTh49hRDB3AI0h-KtBJ0_uNj-CGeYh5HZEsFqBB4AuDDY8ys-NeR175ZqkxbcodpcCzm0kdhRhliCTpj7klVX8brtgg315Gt6GD4lhgUbyFy2ilqIgb_H24zgOKABgU7iPXYUeJK2BBUO5PoUa1LdWXol6q_gXgxYJAMHybn0mJ1MUUsKnClPWZGkTIZxmSzFlG8NxxBZ7axR0-jEiERyoFYUfvKFtvk6uVFqZGPEdHaDcVKYq9OCwyy3STLVnHOxs2l2Nv5fA6flVFIsD6YMj4AxdefQJ8RADY1TiYkv2ZaSHF-diQ5WIGo2Rb7r_60VC1mZjJQHbmHa1oazsXsYdHWAZ0-NNX5h6OfIycHwY6rYdPLcrs-sxfILaa5jnAP-d6G0VCqKDheBEXJSlsnQPGNu3cCBZ0D4wC5JQnloDmZoyvov-FJXypVG_rJSoz7juu9AXI-1Lw6CpKR6yR6eRHEpoE0iw5CNXmCigzySyAiAck_61w6t057ONGRDxAmSY0BPQO9g5Y8khXaUpDEOsupOtQ9oYIWJddgRCypC1lLwjbgvd8jNd_mA3JFZfHPt86u1mNgwASskBbaGH4QD3hx4P7DiZNkCRI85g1XulemG77tHq0vkQBsP4LIdK2Pm0B4BWp9zZeZHLiwC9O4Vi3rT5W4_2TFbjoOyv2HEEj3JoK4hN1jdU5WLHGghdGW6hq6htB5RQ2WFWa9x5Lk_3qt4-ZabzHlpUom1UfK2RaZFVeG7hcfQ-sdzabiyW0VtKZr5gNFhU2Cz_VmP1xEieqLpt6lsbDKIg3V_DDHYvo44oTpNUAuHL_TeECAapoYGeBnrowKoSxXaG68C1-yILDlg5jR4YTqiw9Oa9zD2HfG-IJANKBAsQkz9CPOw5er_aMch-W_4agO15O_9DHGfKW7Mu815uierDTyu9Fyl5KajgMxAoqRPWJnJLPRbRtwwI0_Qp-D4MZfA2Cm433sykgm7yL57UaJlrpw8uYliFJ3w3uJw04atqJaqV6jm9qDCD-eqnEzr7P2ElBQjgW_CGBwLe-AbOvEmRMyhgJwkkN4WLkM7UUZ1CJZtCvexxiANvFXjsrafpipcBd2SxtOBvL5CJTfqvvGf3aetLiQ&__tn__=%2Cg,https://m.facebook.com/groups/197822284350539/permalink/1282282129237877/
2022-11-09 19:54:41,Suthasinee Phuekcharoen,100004842135097,ประกาศของซื้อขาย,ส่งต่อรองเท้าหนังเบอร์41ครับ500บาทซื้อมา690บาทลดได้นิดหน่อยใส่แค่ครั้งเดียว นัดรับหลังมอครับ,https://m.facebook.com/photo/view_full_size/?fbid=2237295056441877&ref_component=mbasic_photo_permalink&ref_page=%2Fwap%2Fphoto.php&refid=13&__tn__=%2Cg,https://m.facebook.com/groups/197822284350539/permalink/1282297602569663/
2022-11-09 22:03:23,KMUTNB Community,5294139320668258,ประกาศของซื้อขาย,มีใครขายสัญญาหอ คาซ่า อากาศ การ์เด้นมั้ยคะTT,,https://m.facebook.com/groups/197822284350539/permalink/1282387399227350/
2022-11-09 23:34:12,Thyt Bam,100006140804149,ประกาศของหาย,มีใครเห็นหูฟังแบบนี้อีกข้างไหมคะ หายบริเวณตึกนวมินทรราชินี,https://m.facebook.com/photo/view_full_size/?fbid=3403780323169961&ref_component=mbasic_photo_permalink&ref_page=%2Fwap%2Fphoto.php&refid=13&__tn__=%2Cg,https://m.facebook.com/groups/197822284350539/permalink/1282440842555339/
2022-11-10 06:19:55,Jaranachai Kaewputtan,100002586383578,ประกาศของหาย,มีใครลืมหัวชาร์จยี่ห้อ Sony ไหมครับ ของลืมไว้ที่ห้อง centos ห้องสมุดวิศวะ ตึก82 ชั้น3 ไปรับคืนได้ที่เคาเตอร์หน้าห้องนะครับ,https://m.facebook.com/photo/view_full_size/?fbid=5571377696291721&ref_component=mbasic_photo_permalink&ref_page=%2Fwap%2Fphoto.php&refid=13&_ft_=encrypted_tracking_data.0AY_XvAodG06GZO9OQLUz12_PKOc7jf0aFNTkWBcRnahhV8weA3Ctxy4QaF1KNWrjiIuW-GI6-Go-ml3Kk52AlDEXSa1GnkK7PZm_yqR_ZSHYyf-cOz0Lizvo4BNGzGFgOhAG1iO5QNcgzw4weeOl2zZvtM94ksHqBRhjhqNs26WoS8ctYl3mP5AyqIN1F274DZjoWSyUlazSiimD7hT0uBhCHmV0czyoj2g2eukLsHUJ0kWTr5Kf9FV0GDSJykrzB5Md8WQMIosVCYMvZQ5z6W7xsNvI3S9kRtJBRzYaLv4H-RRtM6m6D5pJUKAOxIySOdtoXJ35HYEyabWONsNnIns9C75DjfPFBXT8e4eHBwl3w-o1A58akUnQ8eAiyp82oIpLxMB05g1SS34Rh6C8vQ15cg9OCHGWCufgdvVYKSBhEIAyIp3CfgoFN5VxZtvqRpdbRINRnmXk0mxgt8QJmk3wFYjG8lxDY9HFL-dnzelOm7aLTWtYt0I8buiWDONx466VmkPEXXCZTEWtpgtvk0nE34yvrpq8WUQ9RJnL_GjO35gMHHEzRjSRC7VZxtl04F2vPfTV7ibJqJ5SLkHIVCDbdp9YeyyRZ_cXUdp9x8ARIGvWONLXfaUlPJ_JQyAeaHmjRO8Heo41pJOppPJV3-5fPRPVwLEhCL0kgnPEJEiBFEt65aZCMxq0IgPgX7PlcQ5fkJrBY5PCBZKgvMs8dO3bja8V_p5Egok05HQRMdqC67HRAFsiScSrsAlWnlx_NJHXNSyV63FrDpZAbakfWMRQNQvw1HJKNvNa1gPQDaIYI8-pWeq3unfhc2KDM2Gsgfa07G8zZUGj3VLRtTA54a3VuwOtTRWcbdPBzdYUBoSi6zwNN9jDFBZNTqVMLSdOErX46z_TK0j5OcdmKrnNhjwf3GepzPKqwkpkkpEkK7pc3wbBmiE70fU3Hxa9safz7deYLf5Vu2tbhtpxdabh7Vj1f0E6xTzzxXgjktnG1mfB8-71lneKgjDOuF9Ld-xDsVSE0w9xMFiNvbRMTjn0n4K0ya9Krt354a8DRZ3GPVbUgFP6gN1nReZd_PtnNg3FwIEc-EUINLT5-JSbGgynL6vgJPaCybFc0O19A3SRSgo&__tn__=%2Cg,https://m.facebook.com/groups/197822284350539/permalink/1282617072537716/
2022-11-08 19:47:11,Odelia Roar,100010537351720,ประกาศของซื้อขาย,แถวมอมีพวงมาลัยขายมั้ยคะจะซื้อให้เพื่อนที่ส่งสรุปให้เราทุกวิชา,,https://m.facebook.com/groups/197822284350539/permalink/1281632699302820/
2022-11-07 22:15:49,Ronnakorn Ployprom See You,100003031944696,ประกาศของซื้อขาย,มีใครขายสเปรย์ฉีดหัวสีดำไหมครับแถวหลัง ม,,https://m.facebook.com/groups/197822284350539/permalink/1281026542696769/
2022-11-08 21:55:19,Ratchapol Phuangprang,100000266430342,ประกาศของหาย,ขออนุญาตแอดมินครับ พอดีมีน้องลืมของไว้ที่ร้านกูโรตีชาชัก พระนครเหนือครับ ถ้าน้องอยู่ในกลุ่มนี้ติดต่อรับของคืนได้เลยครับ ปลหากไม่ติดต่อมาภายใน 1 อาทิตย์ ขออนุญาตนำไปกำจัดนะครับ,https://m.facebook.com/photo/view_full_size/?fbid=5956649097687246&ref_component=mbasic_photo_permalink&ref_page=%2Fwap%2Fphoto.php&refid=13&__tn__=%2Cg,https://m.facebook.com/groups/197822284350539/permalink/1281710912628332/
2022-11-04 10:55:12,เหล่ท่อ หล่อเท่,100041371466563,ประกาศของซื้อขาย,หาหอพักหลังมอ หอรวม เดือนละไม่เกิน5000 หรือใครอยากขายสัญญาลงได้ค่า ขอเข้าอยู่ได้เดือนมกราคม,,https://m.facebook.com/groups/197822284350539/permalink/1278558736276883/
2022-11-08 13:27:29,Aklaratut Mik,100001244933627,ประกาศของซื้อขาย,ขออนุญาตขายของที่ไม่ใช้ครับ ปิดการขายครับ ตู้เย็น Midea 17 q 1000 บาท ขายแล้ว เครื่องซักผ้า 4 kg 200 บาท ขายแล้ว สามารถมารับเองได้ที่หอดุษฎีมาศ2 ได้เลยครับบ,https://m.facebook.com/photo/view_full_size/?fbid=5814465071938266&ref_component=mbasic_photo_permalink&ref_page=%2Fwap%2Fphoto.php&refid=13&__tn__=%2Cg,https://m.facebook.com/groups/197822284350539/permalink/1281450175987739/
2022-11-08 14:53:26,Beam Nuttphum,100000856876749,ประกาศของซื้อขาย,สวัสดีครับใครพอจะทราบบ้างครับว่าหลัง ม มีร้านไหนขายประทีปบ้างครับ หรือว่าใครพอจะมีบ้างครับอยากจะขอแบ่งซื้อสักหน่อย,https://m.facebook.com/photo/view_full_size/?fbid=5853483874690117&ref_component=mbasic_photo_permalink&ref_page=%2Fwap%2Fphoto.php&refid=13&_ft_=encrypted_tracking_data.0AY85a9UNyZbLMcMTN0PctYMfhXbFcdBKGM5Ar-bORThdgBCGnhOmJieABlw2zYzqT5jP2ENUAZvooGRO-PBnB26QF77lWv4koNwBJFgkyYz1aR3eRiMaYlhwj9rkUDc87pFYP-IRxG8trTna0VK4YJhrL3gYjnhUJLXNRAO2Q1Q7mL2tgebhjgZoSQJ-p7o0MlSV7Opdx7RaffVz_T-fvoO9RXAb9mD_m7lko_HoJUMzDYzeDpmPKqAL5dnx4UyII5uaCTzC7ZYQxrJlSfoV87ww1Jfrns8F0EH99JaUCUl_toJ47HH_xO2rpn70aOob8paMOln81Z6qLHJ_mlfjAsMQGIL75DnpETxlE_ptflPIXpPBf1HYlp1_WeO_PSMOK70fhDZA-AE_dhPf9kPPWYyEzKgv0M_-heLJaTd1dd1YuVnq91ZK9YYrjmoJdisHcu7y8285K39dXgtoXgMTrJki7QT6TYuyRHXlEmOAwlaNgFtxBpD4iFdEp9OOiejWWOOlgXn8f4gEx4mYF6kJki-79l-Mm7nryPwXezj6blc2scoD6klarXabsqEXkrTCPVSCggxFgnNh9lvTb6H2RKHeASUab0GhcaWapDymkxA6QdDhUKj8cTaf6eM5GE6jgYAqFZe9MFKcYFAc0nI9Ei3D2OIBQ0jjDR-82cNc6Ij-qrMeCrTQGD0yBQGA53CtuR7I5VTTvmK09FS7KPK7lkgu-1RXpt0FMjuS3LfPJCD1MPCWE5wLI3-3to8DIL8uV3pOe8wYCT6ZkdUFT56aFSVML6aqSRmK-QfbpMCWzsZcCc3gf6s2LpzpATIfagcgL395Kt5Fb4qGwDxZTzaTX0pSLWCPjVPARUzRJ9QaPzDnCGmuSHjbXFCJYBXVnWRz_OtPuD5gpx3Sdc0Qnq44ZDN3a0FIviMcu9bf_Uw6Js1MSRDBfjlPRWY8wedEUsXk7fnOHIkdIvo5ea2J1DFdNGY3nvL6wrUXc9iLFRTQANPluR9gfn7ENqUSJC1M3Uxn6HotMhF5B0gE48rSvFceGGREon7lTym3l48E2lD9SZVgNIzHehtR55r2tXf1S5i6WJ9I7fxzQwEuWXC7398kN6sqs7RL1S8K8HlGrDHfNXU&__tn__=%2Cg,https://m.facebook.com/groups/197822284350539/permalink/1281485409317549/
2022-11-05 23:54:33,Fern Fern,100010311540626,ประกาศของซื้อขาย,มีใครขายเครื่องคิดเลขรุ่นนี้มั้ยคะ หรือหาซื้อได้ที่ไหนมั้ยคะ,https://m.facebook.com/photo/view_full_size/?fbid=1811070985913269&ref_component=mbasic_photo_permalink&ref_page=%2Fwap%2Fphoto.php&refid=13&_ft_=encrypted_tracking_data.0AY_VDIBgUDQ8cXdSFb7TGYfLh-5Ou6KTqV7UHWpjpJuCs3tV0ah2AqBOauPHvkB2D-ReGt6XVGUidvIEy2p44ZtJMibZD8ZaI0bx-KYUuKaOABzIdruoiCGzOWMATza_3j-WHo4gzqkb7YY0mlIuBXd3WUfbbwB5LoDzYEtBdWV4a1fe5pYwUf1yLDY6f8FRIP40UjdUTyBH_Wlu5kiwPWfWKglWPjmTEdnuOOuOWwE_146-2TrpoBC2rLs2Wmg7NkVGNYJpBPzX1LxX72Pbj-3IFMuI33D0xFH-wTFFzLal_gX_nHdSp9gC4cxtSTNnuuSSSOQ9hOWV4RLJBAUHJGeutI1EgRdW_2JRztMjAT4_wybJuokuBnPnxkSWbR3H91Gd2un4VV4dbzJIBii-xe4OEwlWMQYnZd1JWtJJDDzpm0E33qfhvgxUJuotn_4-69qSJoRfyduP5PjW3he0sn_GGA3WiqUpptQw7qZ997U6YnGsR9DHYmQlCMn3bmzeLN6nMFvPvE2SyIkIc2RuPxkp6mrUm4xejEYoAzq5iHAHJugZrxKKHBwS4De7Qyb50D8tsIGtGgvzCEPI88Phk8nUD2q_nuRSi4uZeqB29yG44PkrCg0w67BYMJKw5St_q-ZCatmAdELLOs7Po8pb2qLE9sBUpqq6UI6gPLoqpEol-vuCfzqA_3VcidAGHpHGe9Cjqx-wF1UsBupGE12Epm5rMeGvEGFiBO-2PFrUSksg89iyQGXulInomgHIPtRSStBI8LBjAtkQJ-VdXIxroJwyP4gsN33zB7jc-NHTOik-apTbRXA1fP_KL-gycMFedM5hnQ9CiArg-BWrHqFOBqIcjNlRavu4yLG6HI6csmZ0GNDUY8eZz9H8Ruu8v0nDEeqzxbl-MNCv0dYETIeUHGrq0Ei6hPDeiuqcwUwP5q0ZQ4KP8NwVd5k6dblZr-UzirbuYMB0ip2cF1YdQAb6MU85AVwSLj_mfenXsfY1HuOJgMD7KxqoC5BRdrCjUOllrZW3YMud-LjIavGbyHNEYbDOeRglZxNMhtuAMtSHQKeuilYpFojiWCqnFSUqxKZY712zUf0xbEpcsse9dvw6rDgRIYn0UmnjnTHtAEuwYZg&__tn__=%2Cg,https://m.facebook.com/groups/197822284350539/permalink/1279668436165913/
2022-11-08 01:50:21,KMUTNB Community,767221437659627,ประกาศของซื้อขาย,มีไครสนใจซื้อสัญญาหอใกล้ปากซอย11ไหมครับห้องแอร์ เดือนละ4500 ขายสัญญาต่อ2500 ที่จริง5000ครบปีได้คืน,,https://m.facebook.com/groups/197822284350539/permalink/1281141976018559/
2022-11-06 20:59:42,Metinee May,100002600783283,ประกาศของซื้อขาย,ขออนุญาตขายของที่ไม่ได้ใช้ค่า ชั้นวางจาน 3ชั้น มือสอง 50บาท ‼ขายแล้ว‼ แผ่นรัดเอวออกกำลังกายของ decathlons ซื้อมา150ใช้ไปครั้งเดียว ส่งต่อ 100 ค่ะ มีประกัน2ปีซื้อมาได้3เดือน ตุ๊กตาช้างน้อย ของใหม่ 30บาท รับได้ที่หอเรือนไม้น้ำเลยค่ะ,https://m.facebook.com/photo/view_full_size/?fbid=5532128856883752&ref_component=mbasic_photo_permalink&ref_page=%2Fwap%2Fphoto.php&refid=13&__tn__=%2Cg,https://m.facebook.com/groups/197822284350539/permalink/1280272726105484/
2022-11-04 16:25:07,Naruncha Suwanpakdee,100008471146421,ประกาศของซื้อขาย,ขายสัญญาหอ ST Place ขายแล้ว ค่าสัญญา ค่าห้อง 16000 บาท ออกได้คืน 10000 บาท พร้อมเข้าอยู่เดือนพฤศิกายนได้เลย ห้อง 26 ตรม ชั้น 1 ค่าห้องเดือนละ 6000 บาท น้ำหน่วยละ 18 บาท ไฟหน่วยละ 7เพิ่มเติม บาท เฟอร์นิเจอร์บิ้วท์อิน ตู้เย็นใหญ่ ทีวี 42 นิ้ว แอร์ ลิฟต์ ที่นอน 6 ฟุต ใหญ่นอนสบาย internet wifi 4 user ฟรีๆ เครื่องทำอุ่นห้องน้ำแยกโซนเปียกกับแห้ง ปลั้กทั่วห้อง มีลิฟต์ ประตูเข้าหอคีย์การ์ด ได้กุญแจ 2 ดอก คีย์การ์ด 2 ใบ ไม่ต้องเสียเงินเพิ่ม ตู้ซักผ้าหยอดเหรียญ ตู้กดน้ำ มีฟิตเนสชั้น 6 ข้างล่างมีร้านกาแฟร้านอาหาร ติดซุ่มคาเฟ สะดวกเวลาไปอ่านหนังสือ มี711อยู่ข้างหอ สามารถเลี้ยงสัตว์ได้,https://m.facebook.com/photo/view_full_size/?fbid=3051406425151699&ref_component=mbasic_photo_permalink&ref_page=%2Fwap%2Fphoto.php&refid=13&__tn__=%2Cg,https://m.facebook.com/groups/197822284350539/permalink/1278705086262248/
2022-09-10 10:08:40,Veerakorn Jareansuk,100042655672752,ประกาศของซื้อขาย,มีใครขายตู้เย็น มือสองใช้งานได้ หลังมอไหมครับ เสนอมาได้เลยครั บ ขอบคุณครับ,,https://m.facebook.com/groups/197822284350539/permalink/1236519317147492/
2022-11-06 22:44:58,May Methinee,100002688788860,ประกาศของหาย,บัตรนศ ตกอยู่ 3 แยก หอวิวพ้อย สิรินปาร์ค3 น้องคนไหนทำบัตรหายติดต่อพี่นะคะ เจอเจ้าของแล้วค่ะ,https://m.facebook.com/photo/view_full_size/?fbid=5082560555176854&ref_component=mbasic_photo_permalink&ref_page=%2Fwap%2Fphoto.php&refid=13&_ft_=encrypted_tracking_data.0AY9m2rouM1gxpbGqCaHWBhcgIwd_wQ1EkjEnEBlXWZelemKIGES1kHOMYSv7-hrFILcCLlrhphXXeNKLr1-L6tcExgGvPSxVDJv-GrTPk3kdCwuehyl38S3fccVKWapdermN_el9vForLtmon00Xz-kLeR_h-n5OtStOHMOZPVHvrZVw4kvQYVL1So89v76uZCZa7yGrH8xq4fGCCJnBeSrpU7jEzLs1XV70e3q30OotG7SVrVWnjQJTADslRcPQxoCcFMpeRwu_a8YgBTbhmohn5SzxBzVjfTz5ZzpHllw2GU2ilCRg6NVjmkO_SERELLAQ3XcYJjvA-h4aRulr7H9Ob1_FWWJ9Uwpjyxst3Xc_dfGEdMMC_LPZ3j_xu79S-M9hetQ4TkD5jcoJuLFTorYXj2qHcNeL2cAopAkYmlhSQIp9IsDDSC5DOc1yy4a96m4N1BnJxiiCzt69munXPP1A6hewX-DRtlPtgDyAOOcUqkecfLOUhyK0Hi5t1GG0wsr_CF_GzaiGA6cRQwg6KeaUPQwPIvjW1TWNxCo_iCJSBKQWICe6Uz7wYSD8o0X6mL0yW7EEt7lUadVOsKn6FKzlx4y_uoi98ulBTJUHfqdaE7h6hpzhm4k7ue5Jw0nj_K8Wwu_r5mk1r0bP3APSIKUXxw6IdBInxgfbqnMEG2XW5xR0c5D7Ix6z37o9nT-bQ2UxMu2dzAiWPz_70-TcVYuntwsQp4w3lSVSHNliv1FNcU9bsDxS3kaCT09gM556QGtfXW49vEnjFEGLT77xeha2_8xJf2dpdliDaDKzxt8gBs-aZVuAzQ3bBtStS5pFPbvjJ8Av14x92djJRT8QaAhHMh9phQx7xRxUbwkgrc7aSpHs51Huxx-kk-6L8COlIyvhEbkRhiC0XBF-\-\oc0Jf-edgNzQbYwXbp-k3zULHQyYTg31amIjbBTLxP70QKMfoUYeyPQ-W1JmLUBhiEnXSrDZ0rE8kG2znQwkPYRgciz7LCE1Y4WYBegTtkv1tHFWqbLt5bu3bjQ6sViHMog4Xo_xEUx-y1ov1xn_w4PKLWgQoyrwQ8YRTMZ6KL7d80EYTiSWlwHfi7j-7Z9T-JmSIZBILqBHozHArvqCN4NnfA&__tn__=%2Cg,https://m.facebook.com/groups/197822284350539/permalink/1280346072764816/
2022-11-07 11:34:05,Siripong Prittikruevong,100015390670605,ประกาศของหาย,ลืมเอาบัตรนศมา สอบวันนี้ทำไงได้บ้างคับ,,https://m.facebook.com/groups/197822284350539/permalink/1280710646061692/
2022-11-07 09:31:07,Tonluck Pitchayut,100005713953472,ประกาศของซื้อขาย,ขายหัวดินสอแอปเปิ้ลหาตังกินข้าวค้าบ หัวละ 200 เหมาหมดคิด 500 ค้าบ นัดรับหลังมหรือที่มได้ครับ,https://m.facebook.com/photo/view_full_size/?fbid=2084027591797686&ref_component=mbasic_photo_permalink&ref_page=%2Fwap%2Fphoto.php&refid=13&_ft_=encrypted_tracking_data.0AY-H6qXYNPxxq34Iq1v0Yby0S2j6X5bHBc9KUq9ype9v9Unlu62VnuvRcE9KFwLclz09djpwdGfbl1mNDFiBqRAicjIxR9ntJYm0Nv99qj-QeZFKopOH8jbiqlwQMrq8G2zcjpV2PNhPVG-Oto-BzGu-Ak7xnkMaHK8FXivvwHXIT_-M9FIVFQegzTWa_qZGfjlUHJk773F-y1scwp11_LMncq6QupnkqRNE0la6beCqNjNKF9-7NFNoHqc2ni_j9TWF3XpF2N3pZmI7t86gpVIsbzcCEGYoCGh5CMr5CFjLaYP8w3lnw8WzEDDttzg7ZuPfRtMTyJDUc_790A5aMzVZKb6P8ZQMhCGWptKWsr7mL4_6q8LHqWIu6skgvWK3vW_4oUJXdGRP7WfNcaFx8-6vvPRU_-1ODFwnhY1o-WR-Me5EHzNyACaxzHc-CUZyMsjz0-Tx5ojEKZiMbgm_UF7pCOaTB4mE1RzYL_oqEo7XSpvyEc24vgF8aXuSfpcQCMmI7w74FfvNnXeJJfHtRFeMPrDjZlvNYjEfpnvZhizqSDO6BIptLK7S_ybMbrL9ZcwpQkVUAobZ5etqGYTxd5TQ0lyuxK1o3e2KJq9cqtkoTN6nWQjei72bN_1hIU8XX-UP_gz8RxZq1wjLr0An_GD5_RoJfhRQbF9GddX5NVUMAnw53BCcvPJk843ktfAK0w7Y7Q4_8ZL8n-FQTBmvxE3GsDG4jxjkyMGH0q0mmAJzFkQWm7xLz-PeNXT-p-SHfLzelMbIIwdjnyiwavrz_EirVvODT8KueJpP2dmONFjOcRMjYrYSldLyunFn8zRchE36A6Jgq_BTeWpK9iZhh6E7LoUmNuHNwWQhy6C3RFKV174L62ZhQUopROQjNCH7J1hgz7otHLKyzoNgtvioFT-N7tEvl5aMhddZ91GiYbYFZUXZXUeU2SvBeaWAJkzwWQoMO-2jAkCf1HetrDrwz3BA0DgXXHCg9ZpNvAREoIy_OYaAVfztSXADMbxqTSdkIO0E_UEaHpEPf81I3G62Cfgeq_rW-aaWR2Y96CZImbIl7Vcn6wIN9G6hdf5Y1X62inpU8xjoUrIYpmRMNlOrMnFwxcZB7n-p4B4nB3xxADA&__tn__=%2Cg,https://m.facebook.com/groups/197822284350539/permalink/1280652852734138/
2022-11-07 10:36:25,Wiramol Ing,100003381969639,ประกาศของซื้อขาย,หาเช่าเครื่องคิดเลขวันที่9กับ14ค่ะ หรือจะขายก้ได้ค่ะ,,https://m.facebook.com/groups/197822284350539/permalink/1280684306064326/
2022-11-06 22:48:24,KMUTNB Community,716615379412859,ประกาศของซื้อขาย,มีร้านขายกาลามังซักผ้าหลังมอมั้ยคับ,,https://m.facebook.com/groups/197822284350539/permalink/1280349339431156/
2022-11-06 22:30:51,Thanakorn Nakawarang,100012688387414,ประกาศของหาย,มีใครเจอกระเป๋าตังมั่งครับ กระเป๋าหนังสีน้ำตาล น่าจะหล่นประมานหอการ์เด้นเซเว่นหอrs เวลาประมาณ 2200,,https://m.facebook.com/groups/197822284350539/permalink/1280336896099067/
2022-11-06 00:14:04,Issara Issaratanachaigul,100002622525023,ประกาศของซื้อขาย,ขายสัญญาหอ Bless Salcha ค่าสัญญา 10900 ค่าเข้าเดือนแรก 5800 รวมค่าเข้าแรก 16900 ตอนหมดสัญญาจะได้คืน 10900 หมดสัญญา มิถุนายน 2566 ค่าห้องเดือนละ 5800 ค่าน้ำหน่วยละ20฿ ค่าไฟหน่วย ละ8฿ มีตู้เย็น เครื่องทำน้ำอุ่น แอร์ ชั้น5 ตึก1,https://m.facebook.com/photo/view_full_size/?fbid=5403126496451381&ref_component=mbasic_photo_permalink&ref_page=%2Fwap%2Fphoto.php&refid=13&__tn__=%2Cg,https://m.facebook.com/groups/197822284350539/permalink/1279678756164881/
2022-11-06 12:28:12,เปรี้ยว พริมา,100002367235689,ประกาศของซื้อขาย,ขายสัญญาหอพัก U life Prime ค่าเช่าหอเดือนละ 5900฿ ค่าสัญญา 10000฿ ตึก 3 ชั้น4 ระบบความปลอดภัยดี ใช้คีย์การ์ดเข้าออก มี เตียง35 ฟุต 2 เตียง ตู้เสื้อผ้า โต๊ะ ชั้นวางของ ตู้เย็น ซิ๊งค์ล้างจาน แอร์เพิ่มเติม เครื่องทำน้ำอุ่น มีที่จอดรถยนต์ ที่จอดมอไซค์ มีฟิตเนส ค่าไฟ 8฿ น้ำ 17฿ ใกล้ 711 ด้านล่างหอมีร้านคาเฟ่ ทักมาสอบถามขอดูรูปเพิ่มเติมได้นะคะ,https://m.facebook.com/photo/view_full_size/?fbid=5609850415770477&ref_component=mbasic_photo_permalink&ref_page=%2Fwap%2Fphoto.php&refid=13&__tn__=%2Cg,https://m.facebook.com/groups/197822284350539/permalink/1280006416132115/
2022-11-06 20:09:12,BahaWalk Wave,100009029445440,ประกาศของซื้อขาย,ขายสัญญาหอ viewpoint ค่าสัญญา 10000 จ่ายล่วงหน้า 1 เดือน 5500 รวมค่าเข้าแรก 16000 ตอนหมดสัญญาจะได้คืน 10000 ค่าห้องเดือนละ 5500 ค่าน้ำหน่วยละ18฿ ค่าไฟหน่วย ละ8฿ มีตู้เย็น เครื่องทำน้ำอุ่น แอร์ เก้าอี้ ทำอาหารได้ สามารถจองได้ครับ จอง5000 วันย้ายเข้าจ่าย11000 เป็นค่าประกัน5000 ห้อง5500 แล้วก็กุญแจ500 ครับ มีที่จอดรถมอไซต์,,https://m.facebook.com/groups/197822284350539/permalink/1280242062775217/
2022-11-06 10:03:56,Narongchai,100003589760322,ประกาศของหาย,ขอสอบถามครับ ในกรณีที่ บัตรนักศึกษาหายต้องดำเนินการยังไง เพื่อให้ได้เข้าห้องสอบก่อนครับ พอดีมีสอบวันจันทร์ครับ,,https://m.facebook.com/groups/197822284350539/permalink/1279935942805829/
2022-11-04 13:09:22,Sopida,100013459573514,ประกาศของซื้อขาย,หลังมอมีร้านไหนขายสเปรย์เปลี่ยนสีผมบ้างคะ,,https://m.facebook.com/groups/197822284350539/permalink/1278615036271253/
2022-11-05 02:14:41,TK Kongkwan,100010265318857,ประกาศของซื้อขาย,มีใครจะส่งต่อเครื่องคิดเลขไหมคะ จะเอาไปใช้สอบค่ะ ถ้ามีลงรูปทิ้งไว้ได้เลยนะคะ เดี๋ยวเราทักไปเอง,,https://m.facebook.com/groups/197822284350539/permalink/1279045109561579/
2022-11-05 09:15:36,ณัฐธีร์ ภูรีศิริฐานนท์,100012839716863,ประกาศของหาย,มีใครทำหล่นที่แถวลานมะเร็งมั้ยครับ,https://m.facebook.com/photo/view_full_size/?fbid=1538648606573115&ref_component=mbasic_photo_permalink&ref_page=%2Fwap%2Fphoto.php&refid=13&_ft_=encrypted_tracking_data.0AY8l8QsqTJrkPcHVwRD4QPMKpEbUKcwzvakrX0D_V5lQxU8FmfHC2U0C4q6QQn4SJqNgPo8xiD9repl4FWbLRT8zPvit0SkCQ0sBuVQTC5pMcZqiZdGv8QPaGI1qfHNDc45LFBc5q0-Fo0BiVCVhTCQQ8qnh7texqUNZ7MDqt4cX2cvxrGiSpqypq33LzOxi4_q3czaeAE55FeqOdmJXj9fOMpBX2cy_pCChGvB_JOxkTU1J5HaFFjWiLkqlKfkRfA6DWpNfbcx_xm3kfkbaMKNMhP7X2KCEDp7U6cS9mzDG5Y5gvrNtw5vsV9HImaoTHk3_cP1k7bipxM5XYbD39o0GwdxRY_s_0NeTGrF_PG00t88qeWBPAYWROCmXHHB_qTUII1wm986EV2LN4WjNY32DLM7iMIID8wD_zAtx27Cy8O_cqt4qgov93gTc0SsKbFASC2HCUg6SQEQyt6Whj0JbatiI0d20dHcsbwpz_YyX8OixFnBfx8N5oGWOCAVpMkLVRhrkVkUmw4itoX0ls7ziR8B0PJQie1PDaW1A2H4zwCd-S9Pa1O87ZTdTELz25wJLe-\-\I-9lVAdrvbvR3DFe3-tZWN5YayV0R8ObW-gGPrgZfNQJvNESgOrVB0HZdCmSRIPhKPxnJqzyvqRW1YFkdCLm7muT9UjxA5bchqljikJDJ39nGWGi7sFRXXz_H6yheIDs2GcUb4RuCtEzf67qdzco9L_JBvKKJ8Nq2tZoWG7CknjFQTvKPy87pG621Nd8w4YJ_L-1nHzsLMGHwzk-_TgOv6RhxjM5cxlS5g_K5fcVbctf0KJEJy2wEyjmhh9uafNKMFHaYKB3nkVwiIYSEIXcJEt5TGyQ1ydWh-U8edQUKvSmAlDETXwkgFnpEoW6QFqCKOwXlOKo298ygH9xx-lhDyd3bGnDLJOPQRiFY0RA_kHY878JOv_Rg9uAzs1TQ6O17CpddGr5qCn2jJQ_nIGVXA6LbP7h5tWogIKxJPTaapZUzoZCy0oFGZgfovP8IZbGTz7djxJ8ZeZSBuuI2AAXNOpCrzGHwhgKO6hH4WQVUPlvV8oI4OE6D4egj4mLYT1Jb0T6ahtrqkl4wTgYEu4R9QZ1c9NjCWnJv7vI&__tn__=%2Cg,https://m.facebook.com/groups/197822284350539/permalink/1279224822876941/
2022-11-03 23:06:35,อาร์ท'ท ณัฐวัฒน์,100008163791031,ประกาศของซื้อขาย,ขายแล้วปล่อยต่อ 500฿ ใช้ไปกะจึ๋งนึง นัดรับหลังมอได้,https://m.facebook.com/photo/view_full_size/?fbid=3395158310766262&ref_component=mbasic_photo_permalink&ref_page=%2Fwap%2Fphoto.php&refid=13&_ft_=encrypted_tracking_data.0AY9blKuFdSzjRlVtKLdMB4uKLffZhaBQohQ30ja5UXS9W5ya1wli-O2bY9X7Uwa3HHuFN9zWWQSoCgvJQ4UOdp5QVqndPfDN0EO0NIbkRpgoaBwI_a-WMLxIQud5LhO6kn0f6mrtVGQRlpsr5F5q5MeXCLhUuEKhPpA55kShU-Vi28-UL0ZTxp2Y6eT985CyfhMzekBO2q90lqn4ejnFUeuu7OG0WPimbZCh2RaKSmwvue_fP2y6tmysptYqxpEH52o8PItUm_6cI3a2e8Pg2_6Rs3SnzIaFqNstb9HC-PBstX3omcp_P33sIS-xbACZM3Ek2qWze3PArSJ4Edxw5Pu3kBmDkfArwd_pEo0MhHBSaJ8VE1P42hFajrtsvJmskGajRdamn6y1_zF0iFpEDq6wDGldWn5I3iHxlfMVeiAmR8tlmroPZzMS4xq-_GnUE_ZtaVQok0Xg-UlCcO_R8lO97ncQSQB6HQKXlNsAGEXx9-Z98WJeQoxNy-sgUHrQErbQ5mFCDrvdHS6tgZzMs-tyzzRp8Sv1a3_9cFGVwNaANiZmHz0AnM-L6IyAk_ou59GZTySu4-w_oMd7YoSLVXNwhhWWbmcn56Kvf3Pi2VYoFfycZvyUWqzczGaqYIJHUmZ-wZmNiMPAuFaLZLz0tBC98Nlz7vhhNWLzePNdQ7yBrqvGDSFP5dnvML_TpKY-S7u3y5JkPvS2PMspLTlrTKhyywSIRW92-zz1L_9RmpmVv_mBKnpV8sNSVlOf6yj0xXCkWYe6iMXeHucvN-Ud5V2Rk7cSRAPg1dLz4opLsSSL2UTQFC_25Q7BKLmx6u5fIun48qJYdtfR3q6TohZq-EYdKg9W1mzNteSrYH4QEvyJdHrJmj3ufaGkjrx1WE6qp6BoYL0UpiWdZoQzCnzznpgbjw3ey-fXyRk7mUP94fKtBoYu0ZzGIh0oQ1ufcQnFWbT9kd8MVeGum4Y09dnlJK1AS8h_ZMEnaiHGkQ9ziBMNqm_VQMKElqhj94pctvv2v7QyJTrbmfp2zCJnm-6rtej2yzHds2hdkYNKn9tFrY-zZTawNh__QvFycQ0YDwcaNQMCYcvnTWy1EPbBt6qyphafD-UMU_jud0f1ZlDWTTI&__tn__=%2Cg,https://m.facebook.com/groups/197822284350539/permalink/1278237902975633/
2022-11-04 18:55:16,Chonticha Imchunsri,100012568996952,ประกาศของหาย,มีใครลืมหูฟังไว้หน้าตึกสถาปัตย์มั้ยคะ,https://m.facebook.com/photo/view_full_size/?fbid=1576703859425232&ref_component=mbasic_photo_permalink&ref_page=%2Fwap%2Fphoto.php&refid=13&_ft_=encrypted_tracking_data.0AY-U_EypoOHxjbfb5QP4LdBktGlPJ2Ra7ire8B5Qs4xBbWADzn0PZ_QUg-e9dXuYMbwSzQWy3j6jsgpB1E0u15Pc_Rs_NdofWbvmK25OvLUqAMCxYvbT8p0mTfoFatLbaTibiqrReqE74reagRfy4O-PAAs_8GYYy9mL4Mk3Kyt1TQOLdX0YpkzTsncbfcXMyFEIoo1bydWfnvBKFQb3JilY81TT_kmNcy_HXYyhMKGpKdUoETjKBTPYxzLFsGVB2ZncAQ2JDDzvDLVirGRjfmsU6KoXWPY9U1a785FC5CybRc_xJq8UeqI0HSrm53BYzDOAIt8HLDMO0QUF6hVCVB723f8EFQ1crKaFoocUR7yQWuurkHJG_jXcAU_KXLAno9KgK9kQOnNJWF16KyGa5c4qnMmXR210V_nnLvPUGIMR4Scv4qZltP-j55ZxnRRVcaHisucspeF9EvxC5sYaXV7EbzjfPgq4hiciS_Ke0U9SJ0CvuxjnpCb8DDH06JKzIqnmK6XPY9moR_fxxZNy-b2Zi8YYU0LiFIs5em7TMvkk7VImulBbvdr4mTyuLotpgqgxq3iy4p9giQlmdetpgWvCDddsCiwFkjoOG62-VL29GzmiEC65G42PK1K3op4RXF6A2XoKtNCA6J9pcn3_h7MTQpeWF7YGIeJgmgsCx8uc6I1DJ-fPigssbJBP5PE3lYbPeoEUYMHOMBvmPC2E5KSjz590fhxCc0XMbdH2ZTUdcDcuarieKXXp75LYQJxGSzk21BhiHc8WsI6hyDGB8wlbPhup_1EWaCZOCcAky8BUrjq47hxadYrzIKb0PG2A4srEh6JfLP3R_XzozAvw7Swht_r4bx-ybcMgXtVzuWAit0qg16rjX-KxQVUvZgNUsfJ_uAsTtcfaNjFrPdfLIJX5TScKV4Mb2NYnCNfA4eB1OFJ_0y-zg8RLPqaMlIHxm_LrGopXKMW0zSPcVlUI0bv1YIc4luKy5YnV3chF7VYOv6kVvF7Ge0yXEYR_elLd05bMOJq0eydN8oIy0AT86WvCxQK_WVySDOXQCIouLxypuNGJ8OAWhd7r9ELf-OOzPzWgJ-JLU_mj06O-MBiCyNxzvBBOSZDUCV114rmwqF0&__tn__=%2Cg,https://m.facebook.com/groups/197822284350539/permalink/1278783612921062/
2022-11-04 21:35:56,Tanachot Potae Boonmak,100003565228403,ประกาศของซื้อขาย,มีใครขายพัดลมไหมครับ,,https://m.facebook.com/groups/197822284350539/permalink/1278887226244034/
2022-08-30 12:04:38,Watsachon Kongkerd,100001549721466,ประกาศของซื้อขาย,มีใครจะส่งต่อพั ดลมมั้ยคะ นัดรับหลังมอค่ะ,,https://m.facebook.com/groups/197822284350539/permalink/1229032267896197/
2022-11-04 08:40:31,Kamonlak Bunluesub,100013739971839,ประกาศของซื้อขาย,หลังมอมีร้านขายอุปกรณ์เครื่องเขียนที่ไหนบ้างคพ,,https://m.facebook.com/groups/197822284350539/permalink/1278495629616527/
2022-11-04 12:04:21,Wang Pakamon,100015789728248,ประกาศของหาย,มีใครลืมบัตรไว้มั้ยคะ อยู่ตรงตู้กสิกร ร้านปริ้นหอเรือนลีลา,https://m.facebook.com/photo/view_full_size/?fbid=1339352779934367&ref_component=mbasic_photo_permalink&ref_page=%2Fwap%2Fphoto.php&refid=13&_ft_=encrypted_tracking_data.0AY-Goulv1ETnSaoO2isfvr2BCYJ6zDFNWZoG7PswnfiSR7cn8WY9jPN2OHI7hdFsBusGgaamjrn6a2XZ5lcLS-DpshggH-gEr91jBOmjTNt54f_AfICuYoz2RASqXcJeIEeld_oBi_MsT38upFPCxkfK1OSzV_uyNEYJlNdkmWv1whVwN7-cH1AWCRBpBNNoOFClTf9YyDKbu00sxjZpJ8cWYIVsTAJVQpSFLwZJpDrSvyLuzVIMwJQYlYG3mj_oB_hBZcsM3Z5qQZqa8OcixYI5VxZ9tj7kJ2Kctz0OORFiADQCKTP47MH5072UrtyO9wbIAoTnQNCalSCLlip1cBgnDRJhPYWrb98l1PNOvf_9eKzEZB-\-\BCpXWQX_d2SH7leZ3DPFcjWOiO92EWhw04nNn3uJMR28jNTN6SUdlGxVQiE5FDo9RVyt2XTDEsQfBsi_HEB8lSjFHEoUKhUKngHBE1y4Klp4rpamiIl4QZgJmJryX-dLN2V4MK2J1wIpNJr7OC7jkk70GTkHcux3XbZ6Y5c6K0814_5n0yWLAO16bpP9uYYbGrjXE967mVQwkSqjWfmjH5eWvfsI4ClCwy7wCMqJBY9NSjHud4gwBAp_Fx3g8OeVhlzEH125cf6TBQQtbwSIxZp4wyUA72WqHPBNR38JOvXaT4gEdzUNFD4hPA_HP_Ej2S7roTVjL_yTu_Lmrs_xCFzk0hxM_hzzfEig19rCXowEm7-qeUcTam-TdiOUPBPJXvSte4T9aXhzRAwT13kyGq9vUxZWH2DTNwZLjhMUKMWJkuo4YsbhHRWOvcU60ANtmcJUOU03vBbnDapXbXvm8IgmGj7Md1g-\-\9zSZnMdEy7eN3rF6bQLPIwFSS7vCqczdI0DRLMcOo0URtRaEB9myV4OiGa2u3uZD83B_QQ66A0AeY3aUwEOLnmY7_PkKHU4O7f1qWHmbmwGeLDQImBKAaAzNc5U0Hg2qrRH5u4rO2MwcXApHewXBL4u-paW-TiiTXo7u1ksWdgPA3ULfdP-tktULppo80Yqavl_SGY5Gk7NKufRr3SK_3u7jn3yHkfhy8vnzjEGlUP1Nc-j07_r3vGmlyT3cGOveIOEyCDtD53e6D9GXZdjGKc&__tn__=%2Cg,https://m.facebook.com/groups/197822284350539/permalink/1278587639607326/
2022-11-03 15:06:15,KMUTNB Community,759068105224433,ประกาศของหาย,มีใครพบเห็น หูฟัง airpod gen 2 ข้างซ้ายไหมคะ น่าจะหายตอนช่วงบ่ายวันที่ 1 พยบริเวณตึก 81 แล้วเดินไปหลังมอ รู้ตัวอีกทีหายไปแล้วค่ะ,https://scontent.fbkk29-1.fna.fbcdn.net/v/t39.30808-6/314194109_847839089680667_8789537631731038177_n.jpg?stp=cp0_dst-jpg_e15_fr_q65&_nc_cat=104&ccb=1-7&_nc_sid=5bac3a&_nc_ohc=FCSKssnd3pkAX_P6tc9&_nc_ht=scontent.fbkk29-1.fna&oh=00_AfDfvsJrRND1erKohJgXvXprJ_aWTggzr-75_zDsdALpcA&oe=6377997B,https://m.facebook.com/groups/197822284350539/permalink/1277983549667735/
2022-11-02 14:45:40,Suthasinee Phuekcharoen,100004842135097,ประกาศของซื้อขาย,ส่งต่อเครื่องคิดเลขมือ1 ครับยังไม่เคยแกะใช้เลยนัดรับหลังมอ ราคา700บาท,https://m.facebook.com/photo/view_full_size/?fbid=2231132657058117&ref_component=mbasic_photo_permalink&ref_page=%2Fwap%2Fphoto.php&refid=13&__tn__=%2Cg,https://m.facebook.com/groups/197822284350539/permalink/1277257263073697/
2022-11-02 23:33:54,Tararat Patpan,100006638561019,ประกาศของซื้อขาย,มีใครขายหรือรู้จักร้านที่ขายสเปรย์เปลี่ยนสีผมแถวหลังมอบ้างคะ,,https://m.facebook.com/groups/197822284350539/permalink/1277566079709482/
2022-11-03 14:11:20,KMUTNB Community,736202824367999,ประกาศของซื้อขาย,มีใครแนะนำร้านขายน็อตราคาถูกๆแบบ 2 ตัวบาทมั้งมั้ยคะ,,https://m.facebook.com/groups/197822284350539/permalink/1277960173003406/
2022-11-03 04:27:58,Sopida,100013459573514,ประกาศของซื้อขาย,มีใครแบ่งขายหัวปากกา Apple Pencil1 มั้ยคะ,,https://m.facebook.com/groups/197822284350539/permalink/1277715933027830/
2022-11-03 01:22:39,Donutt Sasiwimol,100034969301290,ประกาศของซื้อขาย,ส่งต่อค่า ซื้อมาไม่ได้ใช้ ตัวรับสัญญาณ wifi 400฿ นัดรับหลังมอ,https://m.facebook.com/photo/view_full_size/?fbid=858358895339746&ref_component=mbasic_photo_permalink&ref_page=%2Fwap%2Fphoto.php&refid=13&_ft_=encrypted_tracking_data.0AY8BD3rjkoTOKFbtK6pEzDqoestYV3WnT7_UHzE1xIrerJRgYL2Vfq_s5X-OPd9h6xkZqp7vsf1dYqBP_KQmBENW_NrUoY7Bb8eWq52QuWzxAglN83sQw-0yPSqJOhDTQ7ijayODe79qnhjk6lgxQOeAnF1bmLBiwzBBuMhVoLAw92F94GPU8mYABcWj39tLgOsHuhGwG90IZE0w-62grAPIrrybJSInmlEVPmzYBBaLbkOqlkBfbyR_hnydGtY8QsnAYJSIQuEQdeI5I7gnlQEHWPXyjh4LH_zDTpSmcBeB1q4uJ-IuiYnZkZLSYXr6pgWHU9azQ5iGt5pQVaBW8q7WLKAtO_O-Gfq8WaWOUfcA33SlUnPIOHwsRwUf5q8-Mg1_Tx18FAJbb1xeF9T8KFbzdiAGJfG0qQnrVXOaCSPGKSw0QbXq3l_p3FeaDI2JCe6k10EgDiQHVb8Zm23qMrV9a95-Mgt_5x5IhWD4s6_-z816cvzTrCq53HWhT1drcLIhxlk1wqHq0RJBbgH7FkW2b0KPQ6g-UZY9m-dxZ0-gXT43NNNPlB_VMC5pW5YikFGHHUhgBN6vtkrQj3rUXTg_33PFByc_4kuIBUiD3DO8pQW3rXMFXUUUq4PyqNi80FyvS6O1S7iYp_TnbLeaLa7aG1YZkDzCDSgo1bZ8U-ukTvRRuGJTTKdG5Nn6GGPG3J8J0DVFxpJQW311XbzMNZOncW9ZIzuE-tJmSXV-zAFqnfiI_ZvO8fn80flxjiKd9Ob0vmmkaLVw5Req7If22HBsutPYwxeWrTw996iNd0FF9Tccrtmhg_N3f5UezZFCQ9aoxTYW9h47tcKQJK2aU3aqr5te0Q3kpUuhm6G4NcvlyrRshR66nk4JqJXZTIcZeNaaZ-QeS5Ua-h2KwRDHyvsolxmYShYO-kW_eAHPNstVT3ZqO4Lz23AMIRDcI2cuO5E9I_MyhADaCzBInhSXpO3_oGhm4i3N5JiwFCWC_9voxgHw5bo30BZMpJcrfsO8ycW62SeFD4FlhXh1NQ397TRJuZMZ51lNk_exqLXFPc9ddHnZ3nFdypzrgLxJ52bifYdiV2L4xCZRGCXGIdqghdwFU9GYp5R9s16igVuJKQ&__tn__=%2Cg,https://m.facebook.com/groups/197822284350539/permalink/1277633563036067/
2022-11-01 22:02:41,Flok,100004218340196,ประกาศของซื้อขาย,ใครมีเล่มนี้ขายตอนนี้บ้างครับ,https://m.facebook.com/photo/view_full_size/?fbid=2326334337517155&ref_component=mbasic_photo_permalink&ref_page=%2Fwap%2Fphoto.php&refid=13&_ft_=encrypted_tracking_data.0AY8lHfMvH-UwhlDkLfA2n3gEK5_fAI1uQoeO1COTGBL10t097QWzqIl11XWt1wph02cVjFSianchL9KK0n-jLI_EdbC9VjSxkwEHpG1I-c2fisH6u2QvsZC18RBe4VLIp-wmeNkeetn1tQ-9rytT37YoIUaLX6TWhWLxUAdzGaY8gvpgs3OMshTSWKO9eesVPVzVOg8yyHXNums_T6LaBcTXASaOj-gWPO2zKBA40JTZfrvZIsvsNUzWxM-\-\j0SvJi7maOooVBFIYtjzmz0yOsDeDjhJCv-i2Vj4prIR31aw2jQuu5pzsXuU_OXa3_-8xy3n299o2z3OU2VopKPB1krP2QIUjy_-sDk8Z3nvbRvVXbbVaBC0bf8nQT1-UtE0tl6IVbl5S3AATDv8RJnm5SqG2Bd1bMH4s5-ybqkednqm7gEOC52RrrcF2j0QJYiZFArFV-Ka8Qi4FEUGibYV6xAJf1ThcwkvTnjjnt7ohK69ePQLwd403XseUMia7w-Fh710uYC4qCRnQKNFjwPknkAhAPGno-0IWE8pTrHdHFWgu0yxY0IYm7fCUObV52mMilqNp5mJHXpz9YhXiUf_GzK_xAzKeK64r5aZhVLCJ1E2kdYar5Mw8pjU7XCINhw6eTvIBVreoIAAbXk82_T12ALA6ADuL3xrb_Kzt-B2ZUJdiNXd_Y4fwe889RSK3RQP7IqOZ7xcjTVg7nLAWb__v4O8nVhKFf1E188s4Q2BNmZ1xMbOboGH9QVTZTwQ00pSSLw7iYQVxdvh7AVh4aZRYlctpE4kPCMxeaKYe_dvqfwruES4Qh_QHcYn1sUB50TDmGGvKczKrZ5iZ8b_M7XwdSvAXRe1hpDzPxwAH1DXnQwH81ExQzxPuqXf5XvaBIEWtV-DBE62jdgv24HnQOpOk-4Xu7hmU4rpOKfLxzUfLFAMDbN1YxydDNARBiYuhQkHdBn9wS44s8fYNEvvPLjCUHhkEDeoxOGFYIxfAs7XeB-doXWIoHSl4wD45xfwZyPM7G_1P3whIKvj7zR5RJNN76eglxulKBTZ_yVlYj-R_73fXLmG2QR94MT7E6zy5dvW-yHHFJvonGExx4OpxUUGkZIEqcBa-n8RFHjfE4h8fe0&__tn__=%2Cg,https://m.facebook.com/groups/197822284350539/permalink/1276799576452799/
2022-11-02 21:40:07,Tatpicha Pin,100002496404549,ประกาศของซื้อขาย,ขายสัญญาหอพักหญิงกาญจน์ พร้อมให้เข้าอยู่ต้นเดือนธันวาคม ห้องเป็นชั้น5ฝั่งที่มีแป้นบาสนะคะ วิวมุมหันทางเข้ามอ วิวดี เสียงไม่ดัง เงียบ สงบ ปลอดภัย อยู่ใกล้กับประตูหลังมอมากค่ะ ออกประตูเลี้ยวซ้าย เดินทางสะดวกตื่น850นก็ไปเรียนทันเวลา⏰ เจ้าของหอใจดีมากค่ะ มีปัญหาอะไรสามารถแจ้งพี่เค้าได้เลย พร้องดูแล หอสะอาดมากๆ มีเครื่องซักผ้าภายในหอพัก และมีตู้เซเว่นใกล้ๆ และมีตู้หยอดเหรียญน้ำ ทางใต้หอมีที่จอดมอเตอร์ไซด์ และมีม้านั่งหน้าหอ ส่วนตัวชอบโทนห้องและเฟอร์นิเจอร์มากค่ะ คุมโทนดี และวิวหน้าห้องสวยไว้ดูพระอาทิตย์ตกดิน รายละเอียดค่าห้อง ค่าน้ำ ยูนิตล่ะ 18 บาท ค่าไฟ ยูนิตล่ะ 8 บาท ไม่มีค่าส่วนกลาง ระบบประตูคีย์การ์ดและกุญแจเข้าห้อง รายละเอียดค่าใช้จ่าย ค่าสัญญา ค่าห้อง เป็นการจ่ายก่อนอยู่ 4800 บาท ค่าประกันห้องพัก 5000 บาท ค่าประกันเฟอร์นิเจอร์และเครื่องปรับอากาศ 5000 บาท รายละเอียดสัญญา1ปี ตอนนี้เหลือ7เดือนค่ะ เข้าอยู่ช่วงมิถุนายน เครื่องใช้ไฟฟ้าและเฟอร์นิเจอร์ภายในห้อง เครื่องประอากาศ เจ้าของหอเติมน้ำยาแอร์ค่อยดูแลตลอด ตู้เสื้อผ้า ค่อนข้างจะกว้างและใหญ่ โต๊ะ1ตัว เก้าอี้2ตัว ระเบียงห้องสามารถซักผ้าได้ ผ้าม่านภายในห้องทั้งฝั่งหน้าต่างและประตูหลัง หน้าห้องมีชั้นวางรองเท้า ฟรี WIFI 1 user ของแต่ล่ะห้อง ใช้ได้2เครื่อง สนใจติดต่อสอบถามเพิ่มเติมได้เลยนะคะ อยากดูส่วนไหนเพิ่มเติมแจ้งได้เลยค่ะ,https://m.facebook.com/photo/view_full_size/?fbid=5729271090499381&ref_component=mbasic_photo_permalink&ref_page=%2Fwap%2Fphoto.php&refid=13&__tn__=%2Cg,https://m.facebook.com/groups/197822284350539/permalink/1277486279717462/
2022-11-02 14:38:23,KMUTNB Community,1266828534069087,ประกาศของซื้อขาย,ที่หลังมอมีร้านไหนขายแม่เหล็กบ้างไหมครับ,,https://m.facebook.com/groups/197822284350539/permalink/1277254343073989/
2022-10-30 12:43:03,Montira,100006558720036,ประกาศของซื้อขาย,ส่งต่อเครื่องคิดเลข สภาพดีมาก ใช้เข้าสอบครั้งเดียว เก็บไว้ก็ไม่ได้ใช้อยู่ดี ขออนุญาตส่งต่อ 450 ค่ะ นัดรับในมอนะคะ,https://m.facebook.com/photo/view_full_size/?fbid=3332476990314226&ref_component=mbasic_photo_permalink&ref_page=%2Fwap%2Fphoto.php&refid=13&_ft_=encrypted_tracking_data.0AY82ZW75zRvg_iQD1oXeNdQjjX9aWRYo42uEyXZAU0Dr39qu-n3j1zPf8L1ogeVASXU6Ewa38_HmWQn4sO9pdfiYzBOvpCM5N0uckFHdY520Y_NAqimGybiNUTdFNFIzdKUrM9XTztXNa8CqzhA3le5uFL09eusj0_YGnpW9xpzVKkO6TO98VPr60rjkRmmeLhuJQzC-2Zi_WRFrxQq9EVwWRL1raPsq2TvV5MO26aVOqmVIEXVMXanPUl9xR5kJfwCYTiaZh5kE8trw4mVNvr3dr856kKipp6S7niUOEZRKzmOpAs6dcpz2HfschJgu9Y9MVWexddk7YsXO8jEz5s0bNtsJEnOGrmqOxWi8MSzZknOLnhmKws_ofRKyycGAL5PIfY94-yOfnuNMLD7Xsix-J45JEDhk4xLhriBBINSCqpr2SzarE9C1MN70p4mtjOn7voCMPLnt8fVP8mUAz5yty7uiC1G168V0twSjJfvgtalHMUTSTG0TZqENR_nnmd7tOzEwspzYBFt0a-9xVgvTQwgzMI3SlvBF6EKcLmwVlD_0YASUxTWKCMNTEEyvhe0h4_HOr2Oj8907qTsEMsOnJC7fsctQo3NEdiyWQOp14qnYpKzmCPjkdi3PrPP0UDkcYlADRmWANkoMElkBgWdMgPOSWT0lgbnGL4RGD4a1gLKO9UvhCk_s4OtqmZ6fuYR1mq3YP2sPFr_yvO8_AvRPyYyHPKeBxYdbd7VAI7tak-KNp5EM2LRPb90V6AxXhorK1iK3tniBzauDZSxCF3belnjo_-vAr21uaonNRHWIYbAe_DtYd8a1bxUsz7puiIOo1qiaYpdhMnwuodclCdVLo1h13w7siSXlhMwRHpuo1RGHpgi3VzdPkzGgc_NLf-xzbnTNxFZ_-qeH6RRQGgerXqwC04Kqt7fLoJfQ1TopIS8jW7bcdL5EVmHUJz2jz8JYb5Qyz2BBYU7RTXOX0_79YzoXGzKanR0dZDfBwoYJ4F_zyjKdYkQU9VWWVoXbQJ4MP7k5O0ew0kL0xN2T7xMNS3dqI3_tBm2aSsvuUpQAJD9iL9Cin7U3f-Zp_N6Qqo1cxO-Qv81zC9cKyOvrbrvwzO4_06eFiX9T1qXng-k&__tn__=%2Cg,https://m.facebook.com/groups/197822284350539/permalink/1275098403289583/
2022-10-30 14:27:44,ฟีม ฟีม,100003684925456,ประกาศของซื้อขาย,ขายบัตร big mountain 2022 จำนวน 5 ใบค่ะบัตรแข็ง ราคาใบละ 1650 บาท ขายเพราะติดเรียนคั้บบบบ นัดรับหลังมอได้เลยค่า,https://m.facebook.com/photo/view_full_size/?fbid=2705174592948678&ref_component=mbasic_photo_permalink&ref_page=%2Fwap%2Fphoto.php&refid=13&_ft_=encrypted_tracking_data.0AY9cHeVppwDlxy0JP8PM7vrv8Xmfap1GChqpW_cXHGnEJE8koYHN0oz_0YFc-AjLf-XaHobNSbU0Y2MvzDpcKVyZ38dkzv8XBwy0MZicgLUXCjhI0p8X-C6uEm-aCq5lYmEOQ6glVrcPkhE_o4yiqBjvYPb7-MZyjIEAfoxCMpaN7ACn0nseITnh_4v4wC387yF8yWXT6okQ1yIH5mznAAaQr9HJAhut_Xy7nQBZYWstfgMEo9lc2dTbzl3mfsJbeVHogqUiroCBdigJfaVI-xUvxj75Qx3mtrF25dpADJzGLPagw_yp__RsYqSMFoGKGfaTFsNKykLFChGytEoQowVKr-tME5Mo2lSFRssgLOxcMPP21HzoLmFB9btUORrzDLU2DQ9uqZ8nyCnAvotbW3CFZW_2KG0wQO3DogW_qp-a2kb1FI0t55f9GSqhgEIB_ZXUscVr2pix5VKlQrCkk6cA3RLpqHJ8pekWP8JnLeIZCN0tijvvbrv9RqmNONjMtKESl3ohWlkZWheVl2JHGLCL0DwJzeqroHe4kXYSCpUQAI4xw5Q99QdihfdP5iHUPT1bbeKyffV6d0sDucy-LNmWIhSB3afqklHG4CQ2mA9uG5a_GdD4RTgo1UBqiiywJI-QeeJ3rhsc7d-Uv3vr_GaIXXwIWwdnzBNRG1O3XTe-4eB3LXWXVGJoGtNjsrOuYM6UlNW_aUD4fVRW99gMpM7YvcoAodLQ0QFgcIYgGj_q7Y0Pm5T8DlyBT6YEUMqkEvefEzfWrSWgVXdWHWoDWv0UPHlbIFkw32hLp58onIsQAaU7ghnrI8hm1BCos_mDjrFrDte9JYbr9F95lsCzJtyWdE66HjQQujco_ECmH29H-l9NQ7QY6EY14ckv0RRq1gxazXXo4IQKzJ5ikoz5HWyMhlTfsoF5S_I6NJwh1hJ5tkH01MxLERTgHnFzaaRooM6T3-YtPiUIZZ_Kaydl8WM0SPE4MTZbLu9zWJ2jiJKDKNytefhPPHzlNiFVZPmtVfxn0bMtZEngLiHi4GVzHGPV5Fbs-xWgjROHaMziz2ZLKjJsA7UdfI5Lzn21p8PhgEndyx2aoR87Pveq7C1b2DEZ-aICWGACZIz3Oxk2x_Q&__tn__=%2Cg,https://m.facebook.com/groups/197822284350539/permalink/1275154463283977/
2022-11-01 12:54:09,Suangsuda Srisuwan,100003730438145,ประกาศของซื้อขาย,หาคนขายสัญญาหอพักS9 งับ เข้าเดือนพฤศจิกาปลายเดือน,,https://m.facebook.com/groups/197822284350539/permalink/1276520876480669/
2022-07-01 15:21:59,Zika Nails,100041466803044,ประกาศของหาย,วันนี้มาอัปเดตทรงแว่นตา นักเรียนนะคะ สาขา2หลัง มอ นะคะ ให้นักเรียน ผ่อนได้คะ ไม่มีดอกเบี้ยนะคะ แจ้งมาจากเพจนี้ ลด15คะ อย่าลืมแจ้งพี่ช่างแว่นนะคะ 0948489961 นัดวันเวลาเข้าวัดสายตาฟรี เข้ามาปรึกษาได้ฟรีคะ ทางร้านรับประกันเลน36เดือนใส่ได้ได้ใส่ไม่ชัดเปลี่ยนฟรีคะ กรอบรับประกัน 6เดือน ลอก น็อตหลุด ดูแลฟรีตลอดการใช้งานคะ,https://m.facebook.com/photo/view_full_size/?fbid=897821154943436&ref_component=mbasic_photo_permalink&ref_page=%2Fwap%2Fphoto.php&refid=13&__tn__=%2Cg,https://m.facebook.com/groups/197822284350539/permalink/1188545228611568/
2022-10-31 20:15:14,As Aewitra,100022225521041,ประกาศของซื้อขาย,‼ขายสัญญาหอ KIN HOUSE ค่ะ‼ ค่าสัญญา 8000 บาท ลดเหลือ 7500 ค่าเข้าเดือนแรก 5500 บาท รวมค่าเข้าแรก 13500 บาท ราคานี้ยังไม่ลดนะคะ ตอนหมดสัญญาจะได้คืน 8000 บาท หมดสัญญา กค 2566 ห้องเป็นสไตล์ LOFT เพิ่มเติม มีผนังสีขาว สีห้องไม่เหมือนในรูป ชั้น 1 ค่าห้องเดือนละ5500฿ ค่าน้ำ 8฿ ค่าไฟ 18฿ ไม่มีการเก็บขั้นต่ำ ไม่มีค่าส่วนกลาง มีกุญแจแล้วคีย์การ์ดให้ 2 ชุด ไม่เสียเงินเพิ่ม มีระบบรักษาความปลอดภัยkeycard และมีรปภหน้าหอในเวลากลางคืน มีบันไดหนีไฟกลางหอ มีทุกชั้น Free WIFI 1 user ใช้ได้สูงสุด4เครื่องพร้อมกัน มีเครื่องซักผ้าทุกชั้น เครื่องกรองน้ำฟรี อยู่ชั้น1 ถ้าจ่ายค่าเช่าภายในวันที่5 รับน้ำขวดใหญ่ฟรี1แพค ที่นั่งส่วนกลางมี โต๊ะกินข้าว โต๊ะหน้าหอ โต๊ะในสวน โซฟา เครื่องใช้ไฟฟ้าในห้อง แอร์ เครื่องทำน้ำอุ่น ทีวีLED ตู้เย็น เฟอร์นิเจอร์ครบ เตียง 35 ฟุต 2 เตียง โซฟา2ที่นั่ง โต๊ะเขียนหนังสือเก้าอี้ 2ที่นั่ง ตู้เสื้อผ้าบิ้วอิน 2 ฝั่ง อ่างล้างจาน ชั้นวางของ ระเบียงมีราวตากผ้าในตัว ห้องน้ำแบ่งโซนเปียกโซนแห้ง พร้อมที่วางของสำหรับอาบน้ำ เริ่มเข้าเดือนมกราคม สนใจ inbox มาขอรูปเพิ่มสอบถามเพิ่มได้นะคะ,https://m.facebook.com/photo/view_full_size/?fbid=1287978131953025&ref_component=mbasic_photo_permalink&ref_page=%2Fwap%2Fphoto.php&refid=13&__tn__=%2Cg,https://m.facebook.com/groups/197822284350539/permalink/1276045263194897/
2022-10-31 19:14:02,Yada Buaseega,100001581098292,ประกาศของซื้อขาย,ขายสัญญาหอพักหญิง AK ค่ะ หออยู่ใกล้ประตูหลังมมากก เดินนาทีเดียวถึง ห้องพักสะอาด เจ้าของหอใจดีเป็นกันเอง เข้าอยู่ได้ 1 ธค 65 ขาย 7000 บาท อยู่ครบสัญญา พค 66 ได้เงินคืน 8000 ค่าห้อง 4800 ต่อเดือนเพิ่มเติม ค่าน้ำ 18 ค่าไฟ 8 บริการภายในหอ รักษาความปลอดภัยด้วยระบบคีย์การ์ด ฟรี Wifi เตียง 35 ฟุต เพิ่มเตียงได้ โต๊ะเก้าอี้ทำงาน ตู้เสื้อผ้า เครื่องทำน้ำอุ่น แอร์ ไมโครเวฟเครื่องต้มน้ำร้อนใช้ฟรีที่ส่วนกลาง มีเครื่องซักผ้าตู้กดน้ำแบบหยอดเหรียญ พื้นที่หน้าหอสามารถนั่งทำงานกลุ่มได้ สอบถามรายละเอียดเพิ่มเติมได้น้า,https://m.facebook.com/photo/view_full_size/?fbid=5689299904465990&ref_component=mbasic_photo_permalink&ref_page=%2Fwap%2Fphoto.php&refid=13&_ft_=encrypted_tracking_data.0AY_r9EfRszrH8WDIBWz_1WexqfuybjdiJV5gdz-J3TDSylInVM4JI41bTJmOyjTaIu-wOuqIDPFip9Vk47BiylOhy-_Yi6d0dwvzoIXcmzyMMtQTFuoBaHj1UibyleERnzVrUGmOUwM5g5L9AC3Nc5IjgYhhX4VdeOVJurhubUtiiEwGYmmbPwpjFHXUIsjv6uUDfXoSCmzZOPVuQrmur7bDJJ-4mfUbOVF-\-\cYb3nIZOqi7tuKJkVc52geyPpf0lqm1418yRwlC9zPOejdFqpkmJU-4yaHtq8JEwmnYu3Z6p_-1bz3f5nVXV7QLtdlWSPpSNKSe9_yDV4qi1D5uyqwResLJH1Cl2PqKXOPGMSrbUO4CjiwNT5zLurMzBbG65OmnBtvMDSRR1NgoL8xAJL2mJsJa4ftEhgjjnhqUSwr_1aNXV_L6S3P0KN8iQcvZrWcO0bufN6tNH-Y50SrwK0lnuRmanpHVcUX_BKjylOG7FCFodM1gr-7dR43IzslZhbOS46QrK-ammowM2SSFYki3F-URlYtb5jTEumhpMXRjgoSp7csDNtfv0nBjvwF3IVFOlyMf12_kVnj-6osOFyZQYLD_B82KntUcyeL70IJ-ZRPpVIaNEeyum42EdNkJG-xjTTAFE0vujgEo0Hq6Gb0X-97IYW96OuxmR9y5pWox4o1R2oAcvaxDcyMj8YTCoBBJNupEjgPDnhn9Ys6PhiF5jxqKxaiSAmrfkE71VQ-2PvIGa-wcuZd3pZ1BfIkGrQlGhRveyaTSfxdPPeQnL-Gd8JCW6GO50OtHAxpQVkQUkBNVzIWCx0uT7YMDbqmDxJzqnZQ1WBQXRMdpEJsP2ASawpyy0DsHYDo6oRHa98kmrzgLvXC4vrzTT6qPenZoroHc61hgudOmMLpiPaFQfUEX7gZ2nQ81zN8Cltoxn4qpagLYRf3YWSKKa61tqn1oKobLBHB5dqAs0STgQABCTMfY6hIprVcDsyhdTZrwQcJthFVuQF2CBtVrOJZl0mFikXzt2bvJpUn4WPJ-eWGj3HXLhaxD7r0zSIG6HVoS6MjtaEB83LWApH8vBAQf9_vRthF3n_iXYAUTFan2IcI7tt13FGpGjiBQcST5pLAiFtM&__tn__=%2Cg,https://m.facebook.com/groups/197822284350539/permalink/1276009863198437/
2022-10-30 17:49:24,Ma'ya May,100009374993981,ประกาศของซื้อขาย,ขายตู้เย็นมือสองค่ะ สภาพตามในรูปเลย ใช้งานได้ปกติ 800บาท มารับเองนะคะ อยู่วงศ์สว่างซอย11ค่ะ,https://m.facebook.com/photo/view_full_size/?fbid=3483205592001906&ref_component=mbasic_photo_permalink&ref_page=%2Fwap%2Fphoto.php&refid=13&__tn__=%2Cg,https://m.facebook.com/groups/197822284350539/permalink/1275249196607837/
2022-10-28 21:09:56,Jum Bo,100014132670545,ประกาศของซื้อขาย,ขายแล้ว ขายสัญญาหอ atom place ค่าสัญญา ค่าห้องเดือนสุดท้ายจ่ายเพียง 15000บาท จาก ค่าสัญญาเดิม 16000 บาท ออกได้คืน 10000 บาท พร้อมเข้าอยู่เดือนธันวาคมได้เลย ห้อง 26 ตรม ชั้น 4 วิวด้านหน้าค่ะ เพิ่มเติม ค่าห้องเดือนละ 6000 บาท น้ำหน่วยละ 18 บาท ไฟหน่วยละ 8 บาท เฟอร์นิเจอร์บิ้วท์อิน ตู้เย็นใหญ่ ทีวี 42 นิ้ว แอร์ ลิฟต์ เครื่องทำน้ำอุ่น ที่นอน 6 ฟุต ใหญ่นอนสบาย internet wifi 4 user ฟรีๆ เครื่องทำอุ่นห้องน้ำแยกโซนเปียกกับแห้ง ปลั้กทั่วห้อง มีลิฟต์ ประตูเข้าหอคีย์การ์ด ได้กุญแจ 2 ดอก คีย์การ์ด 2 ใบ ไม่ต้องเสียเงินเพิ่ม ตู้ซักผ้าหยอดเหรียญ ตู้กดน้ำ ชั้น 6 มีส่วนกลางให้นั่งอ่านหนังสือ ติดซุ่มคาเฟ สะดวกเวลาไปอ่านหนังสือ อยู่ใกล้ 711 สามารถเลี้ยงแมวได้ สนใจห้อง inbox มาเลยค่ะ,https://m.facebook.com/photo/view_full_size/?fbid=1505580833256325&ref_component=mbasic_photo_permalink&ref_page=%2Fwap%2Fphoto.php&refid=13&__tn__=%2Cg,https://m.facebook.com/groups/197822284350539/permalink/1273847566748000/
2022-10-29 23:17:20,Mint Sopanat,100010367850418,ประกาศของซื้อขาย,ขายสัญญาหอพักหญิง Hyde Park Corner เป็นหอโซนหอใหม่ ข้างเปิ่น2 10000฿ พร้อมเข้าอยู่ได้เลย ‼ ผ่อน2งวดได้ หรือทักมาสอบถามก่อนได้ค่า •เงินประกัน 10000 อยู่ครบได้รับคืน •ค่าห้อง 4900฿ เดือน •ค่าไฟ8เพิ่มเติม ค่าน้ำ18ขั้นต่ำ100 •เตียง35ฟุต แอร์ ตู้เสื้อผ้า โต๊ะเก้าอี้อ่านหนังสือ เครื่องทำน้ำอุ่น กระจกในห้อง ซิงค์ล้างจาน เราเตอร์wifiในห้อง •มีร้านกาแฟไว้ติวอ่านหนังสือใต้หอ •ครบสัญญา 30เมย66 •ในหอมีเครื่องซักผ้าหยอดเหรียญ,https://m.facebook.com/photo/view_full_size/?fbid=1753977341624511&ref_component=mbasic_photo_permalink&ref_page=%2Fwap%2Fphoto.php&refid=13&__tn__=%2Cg,https://m.facebook.com/groups/197822284350539/permalink/1274667593332664/
2022-10-28 21:40:32,KMUTNB Community,1105635556991565,ประกาศของซื้อขาย,ส่งต่อกระโปรงนักศึกษา ทรงเอ 1 เอว 25 ยาว 16 2 เอว 26 ยาว 16 ตัวละ 100 ส่งฟรี นัดรับหลังมอได้ค่า รูปเพิ่มเติม dm ka,,https://m.facebook.com/groups/197822284350539/permalink/1273868593412564/
2022-10-29 17:38:20,Pattaranan Khachai,100008160340707,ประกาศของซื้อขาย,ขายสัญญาหอพักหญิงกาญจน์ พร้อมเข้าอยู่ได้เลย ห้องอยู่ตึกแรก ตึก3 ติดกับบ้านเรือนไทย ชั้น 5 ลมเย็น ตอนเช้าแดดไม่แรง เสียงไม่ดัง สงบ เดินขึ้นลงไม่เหนื่อย อยู่ใกล้ประตูหลังมอมากๆ ออกมาเลี้ยวซ้ายอยู่ตรงข้ามหอชายจินตนา เดินทางสะดวก ใกล้ร้านอาหารและอื่นๆ จิปาถะ เจ้าของหอใจดีมาก มีของต้องซ่อมสามารถติดต่อเจ้าของหอได้เลย ทุกวันจะมีผู้ดูแลหอคอยทำความสะอาด มีที่จอดรถมอเตอร์ไซค์เยอะมาก รายละเอียดค่าใช้จ่าย ค่าสัญญา ค่าประกันห้อง 10000 บาท ค่าห้องเดือนแรก 5000 บาท รวมค่าแรกเข้า 15000 บาท สัญญา 1 ปี ตอนนี้เหลือ 9 เดือน นับตั้งแต่เดือนพฤศจิกรกฎา หมดสัญญาเดือนกรกฎาคม พศ2566 รายละเอียดค่าห้อง ค่าห้องเดือนละ 5000 บาท ค่าน้ำ 8 บาท ขั้นต่ำ 50 บาทต่อเดือน ค่าไฟ 18 บาท ไม่มีค่าส่วนกลาง กุญแจพร้อมคีย์การ์ด 1 ชุด สิ่งอำนวยความสะดวกของหอ เครื่องซักผ้าชั้น 1 3 เครื่อง เครื่องกรองน้ำชั้น 1 1 เครื่อง ตู้กดเซเว่น 1 เครื่อง ของกินเยอะมาก เครื่องใช้ไฟฟ้าและเฟอร์นิเจอร์ภายในห้อง แอร์ ตู้เสื้อผ้า เตียง 5 ฟุต โต๊ะ 1 ตัวเก้าอี้ 2 ตัว ระเบียบมีราวตากผ้าและมีตาข่ายกันนก ห้องน้ำมีชั้นวางของ 2 ตำแหน่ง ตรงฝักบัวกับหน้ากระจก FREE WIFI 1 USER ใช้ได้พร้อมกัน 2 เครื่อง สนใจ ib สอบถามเพิ่มเติมหรือติดต่อขอดูห้องได้เลย รับไม่รับแจ้งได้ ปลรูปหน้าตึกถ่ายตอนกลางคืนฝนตก แต่โดยปกติแล้วไม่มืดแล้วก็ไม่วังเวงค่ะ ห้องทำความสะอาดเรียบร้อยแล้ว รูปห้องจากเจ้าของหอ ไม่ใช่ห้องจริง,https://m.facebook.com/photo/view_full_size/?fbid=3458293284452649&ref_component=mbasic_photo_permalink&ref_page=%2Fwap%2Fphoto.php&refid=13&__tn__=%2Cg,https://m.facebook.com/groups/197822284350539/permalink/1274441433355280/
2022-10-29 17:20:06,ปริญญา พรมพัตร คับ,100006938178305,ประกาศของหาย,หาแอร์พอตเคสนี้กับลายสลักนี้ครับ หายที่ห้องสมุดชั้น6 ประมาณวันที่19 ตุลา,https://m.facebook.com/photo/view_full_size/?fbid=3252306315010609&ref_component=mbasic_photo_permalink&ref_page=%2Fwap%2Fphoto.php&refid=13&__tn__=%2Cg,https://m.facebook.com/groups/197822284350539/permalink/1274433360022754/
2022-10-28 01:05:07,KMUTNB Community,655260745960523,ประกาศของซื้อขาย,ใครมีตู้เย็นมือสองสภาพดีๆขายบ้างครับลงรูปพร้อมราคาเลยครับ,,https://m.facebook.com/groups/197822284350539/permalink/1273274160138674/
2022-10-26 10:22:49,MaxNum Athikan,100025032878244,ประกาศของหาย,Sound peace h1 ข้างซ้ายหายครับ จำสถานที่ไม่ได้ แต่อยู่ในมอ ถ้าใครเจอรบกวนทักมาหน่อยนะครับ ขอบคุณมากครับ,https://m.facebook.com/photo/view_full_size/?fbid=1252680852242999&ref_component=mbasic_photo_permalink&ref_page=%2Fwap%2Fphoto.php&refid=13&__tn__=%2Cg,https://m.facebook.com/groups/197822284350539/permalink/1272012313598192/
2022-10-23 14:18:51,Techaphon Chadum,100001825838616,ประกาศของซื้อขาย,ขายสัญญาหอ ST Place ขายแล้ว ค่าสัญญา ค่าห้องเดือนสุดท้ายจ่ายเพียง 15000บาท จาก ค่าสัญญาเดิม 16000 บาท ออกได้คืน 10000 บาท พร้อมเข้าอยู่เดือนพฤศิกายนได้เลย ห้อง 26 ตรม ชั้น 1 ค่าห้องเดือนละเพิ่มเติม 6000 บาท น้ำหน่วยละ 18 บาท ไฟหน่วยละ 7 บาท เฟอร์นิเจอร์บิ้วท์อิน ตู้เย็นใหญ่ ทีวี 42 นิ้ว แอร์ ลิฟต์ ที่นอน 6 ฟุต ใหญ่นอนสบาย internet wifi 4 user ฟรีๆ เครื่องทำอุ่นห้องน้ำแยกโซนเปียกกับแห้ง ปลั้กทั่วห้อง มีลิฟต์ ประตูเข้าหอคีย์การ์ด ได้กุญแจ 2 ดอก คีย์การ์ด 2 ใบ ไม่ต้องเสียเงินเพิ่ม ตู้ซักผ้าหยอดเหรียญ ตู้กดน้ำ มีฟิตเนสชั้น 6 ข้างล่างมีร้านกาแฟร้านอาหาร ติดซุ่มคาเฟ สะดวกเวลาไปอ่านหนังสือ มี711อยู่ข้างหอ สามารถเลี้ยงสัตว์ได้ สนใจห้องติดต่อมาที่ FBนี้,https://m.facebook.com/photo/view_full_size/?fbid=8028704367200345&ref_component=mbasic_photo_permalink&ref_page=%2Fwap%2Fphoto.php&refid=13&_ft_=encrypted_tracking_data.0AY8VzP4Aylw3rGt6Td2fMl8xwjCySlVfv8iOBg9MEaq99VkdjZ60oIhy8M3hgd2bQSmlF_NNMIenGFzXBZGjqSYYiBk8rcEJRZQtbIuzhRL0bUJf7uU5ESNtTxtkkVUpQyNTeigILm8eHx2asI3tQtRLt-ui5gCoU7XtsxOSn87zwCW1ib3nC3M7Ikrc0UFicKo_9E1yLo3sMGEx8tHLHJzE9l96kQR_dFlzjdCZhmSu4WW_hk5S81lDJLjHn2HFiutfWxq0YGNeQynCqyyiXgbmEjjpVJtyElg4OiPPwf4bK4JFfh0NUiOGHo1jvv4L0oqm6wTe_lRs6eIAdQEsEbEACmF8tuFCq7S5oQoPayMbtZSNSdVk92kMO0YkMexIBqTNjJVoSgt0TbTO7cIuHVc9pz-\-\5DLgq_zs-Rz7pAzZJ6vg_7Ev7glFtDYzdD3pOM5niTGgrdvs-ycznDz2oyILrma5ne-CiwLzSTVxF0I3_3-VlE2rzcDhmCOMtQXFLhOEYy87RXB-YsIK6kZ1p9JLFgygSxdd0q54oYVMO9HBGwvwgOyrv1VjVcIAX9m8mF2P4scsf7_ZJKwHs6x3yVxktfk7lLA-UqUhUsbdcpJTsImY5dLA31noDyVodts7FiBNl_DY79XFeTPst1UNYUWZm1GW-koNXlj_qWLTcfgmq3A8Pftrp0QQ4RBxzGsO3fEyVW1I1M_6-3Taaj8VGBn4Q9zYM-iPBH6V22E47XeKb_5DNWdlKaJkfxG4ym-A_brRH4j5lflXnX1AGFpvvR09SNm4I2aXu2sEpGEUTBhp7QRtpdLvUbQ4HtrKooHyhXsdHFozmohnkkTzjtpjzO_7o40WRZMFft2AoeklJ7Y9yOCUDc02ouwtJ6crTnh2IDIxzAT93jgiG2TTrzzIAfwHPJYJrfJIy56-0d2QtZKkQ0-N3_fYV6iSOTTQCIHPM-2E7beNoeWH24X6Ptm7dD4wEelBFHsGrfylPVRWWRvy5mGq3ldyztomaXuEBNkcQKqdxnnmICQVBPRcQ7Z4ElKkFtGOnK5vxPBclyegIXwcob14LL01RP7RsPX34MoO50svdt5sy8MNXVx6qvPFjWHsuegWk-kODzbjg0493sY&__tn__=%2Cg,https://m.facebook.com/groups/197822284350539/permalink/1269806277152129/
2022-10-23 20:44:03,Pang Npm,100008557543599,ประกาศของซื้อขาย,ส่งต่อของใช้ค่า หลังมจพ ขายแล้ว พัดลมแอร์ ล้อเลื่อนของ Hatari มีเจลความเย็นให้ ไม่มีรีโหมด จอปรับความเย็นใช้งานได้ปกติ 1200฿ เครื่องปิ้งขนมปัง 300฿ ของ imarflex รับ 2 ชิ้น ลดไปเลย จาก 1500฿ เหลือเพิ่มเติม 1300฿ ถ้ามารับเองได้สามารถลดได้นิดหน่อยค่า มีบริการจัดส่งได้ในระแวกซอย วงศ์สว่าง11 พื้นที่ห่างไกลจัดส่ง บวกค่าส่ง 50฿ นะคะ,https://m.facebook.com/photo/view_full_size/?fbid=2983825161912706&ref_component=mbasic_photo_permalink&ref_page=%2Fwap%2Fphoto.php&refid=13&__tn__=%2Cg,https://m.facebook.com/groups/197822284350539/permalink/1270014133798010/
2022-08-07 22:25:19,Aemm Apitya,100023507640132,ประกาศของซื้อขาย,ส่งต่อกระโปรงนักศึกษา พลีส เอว 24 ยาว 28 เอว 24 ยาว 20 เอว 24 ยาว 20 เอว 23 ยาว 20 ทรงเอ เอว 27 ยาว 18 ตัวละ 90 บาท ขอดูเพิ่มเติมได้ นัดรับหลังมอ,,https://m.facebook.com/groups/197822284350539/permalink/1213898422742915/
2022-10-27 20:32:22,เริ่ด จังค่ะ,100012373418157,ประกาศของซื้อขาย,หลังมอมีร้านที่ ขายแต่หมูกรอบมั ้ยคะ อยากนั่งทานหมูก รอบจิ้มน้ำจิ้มเ ด็ดๆ สวยๆ ค่ะ,,https://m.facebook.com/groups/197822284350539/permalink/1273102750155815/
2022-10-27 11:55:42,Gear Threerapat,100023830118139,ประกาศของซื้อขาย,ขออนุญาต ขายรองเท้าadidas Disney แท้ค้าบ ใช้มา3เดือน สกปรกหน่อยค้าบยังไม่ได้ล้าง 500 บาท ส่งในมอหลังมอคอนโดลุม กล่องหาย,https://m.facebook.com/photo/view_full_size/?fbid=1339455200192138&ref_component=mbasic_photo_permalink&ref_page=%2Fwap%2Fphoto.php&refid=13&__tn__=%2Cg,https://m.facebook.com/groups/197822284350539/permalink/1272826156850141/
