date_time,username,user_id,post_type,text,image
2022-11-01 14:59:12,จี่นจี๊น.,100012103843251,ประกาศของหาย,"['ฝาก', 'เพื่อน', 'แชร์', 'พบเห็น', 'แอร์', 'พอร์ต', 'ใส่', 'เคส', 'มะเขือเทศ', 'อันนี้', 'มั่ง', 'เจอ', 'ติดต่อ', 'เฟส', 'ติดต่อ', '0632165887', 'ขอบคุณ', 'ล่วงหน้า']",https://m.facebook.com/photo/view_full_size/?fbid=1551491485264298&ref_component=mbasic_photo_permalink&ref_page=%2Fwap%2Fphoto.php&refid=13&__tn__=%2Cg
2022-11-01 14:47:57,เดวิด เชง,100006305980242,ประกาศของซื้อขาย,"['ขาย', 'ตู้เย็น', 'toshiba', 'ตู้เย็น', '1', 'ประตู', 'รุ่น', 'grc', '189', 'sh', 'ขนาด', '64', 'คิว', 'สี', 'เงิน', 'อายุใช้งาน', '1', 'ปี', 'เครื่อง', 'ฟิต', 'ใบ', 'รับประกัน', 'ราคา', '2500', 'ราคา', '3000', 'หอ', 'line', 'vrone', '1']",https://m.facebook.com/photo/view_full_size/?fbid=3399829390237227&ref_component=mbasic_photo_permalink&ref_page=%2Fwap%2Fphoto.php&refid=13&__tn__=%2Cg
2022-11-01 12:54:09,Suangsuda Srisuwan,100003730438145,ประกาศของซื้อขาย,"['หา', 'คน', 'ขาย', 'สัญญา', 'หอพัก', 's', '9', 'งับ', 'เข้าเดือน', 'พฤศจิกา', 'ปลายเดือน']",
2022-10-30 14:27:44,ฟีม ฟีม,100003684925456,ประกาศของซื้อขาย,"['ขาย', 'บัตร', 'big', 'mountain', '2022', 'จำนวน', '5', 'ใบ', 'บัตรแข็ง', 'ราคา', 'ใบ', '1650', 'บาท', 'ขาย', 'ติด', 'เรียน', 'คั้บบบบ', 'นัด', 'มอ']",https://m.facebook.com/photo/view_full_size/?fbid=2705174592948678&ref_component=mbasic_photo_permalink&ref_page=%2Fwap%2Fphoto.php&refid=13&_ft_=encrypted_tracking_data.0AY_A6rznfEgXTkRUi4qNAYBvCVaF9J7vC36ZND-EC5E-nEA1OaNygCydH5Ob7ihSsegMmiU19ClBkwn5XRe3IrPYCqhpGtE4ZO4IMuTbf7foR1dh3aGybfYTk_PW8quuSukjQlhX1-kSoeDTDC9pDwo2oZ3wf_eqjxNZSh7YyzM2XrUmalpfRhV3DdReN3Anhw-vNP9Btsmt4DAxJpU8fSaXzKOvM9z6LsqxgaIkPqCi2aQkuO1nnKRMA-i1pgQXWOAJQ_Cq6PHvpf0XW4n1Vmb_UwgTINiuqYiTwHZulXf4a09_LjnrH-9Pol_PKrI0aSS2MYeSa3WJh_JBoq1TN1bwHHAvV9ZKPf21NzHmTXwjJwaFsout5hSvZdSN9aKLsN3utcCP3nm99TKjq73TRY1Csj3vfm6pI2wE1RKHOehJpeIUylZ_6E5v4KcKHrCXDBVa1xjtknp4AwtONck-GVjE0ueYibA95h71rikNgXGTJqnJ7HHQrsYfIxPdffv1jy2ReLQafnCRlN3NMXMIsPyjju0OoOtndxDvlEMA-ZTNriT-w9rdLMU1n3tpYA660vmGoQ71rHeoZLq2bNWq8ekoYEKvw5XIL7yYx1OAwJtwRajtl06Qw7dCVrgI-YUIWwtRjpvc4b-ORGhXBZgEwSjSNAWr_RZj_7F_nRz6ZrqqDO5HbPlnes7S0zRxk-Vl-eOP-z2x4RZNknRVOIs5iaCeh1RHRnQ5XOSpkVHyZf8gq7uZhosiv4mK1Elk4eIDXt4gPweHuxgNNBJ_2HH83AvH2uN8W9qenP7Y4oryEbFTLSAXKK3soXbhGBcETtpzN1jqolkOyI5EcVZFH643ntudug08-EzMU8QQmNEJftUrHN6zKXw0qstyuVzhaJPf6zXGPTBN9iTswvElAsGhrLQTCYhj5p82MeDTiETW4dqzya2khhDkR6IxKjPwBjTwobEWhjWP0KMrFdavxziVjVlUA9-0hBZ6mN_TwAnPG8ennZBWogkYAkX6GWfNB_Ojog1yc0Y7THbuXyY2GqxKob27YXCY5zt2fWRjuAigaLRBQK6OtheES43q9wUsx0wHkzr2a_CAGJbnviT_RvyC6Hio3lCpmCSkKEfyh1Vtyak&__tn__=%2Cg
2022-07-01 15:21:59,Zika Nails,100041466803044,ประกาศของหาย,"['อัปเดต', 'แว่นตา', 'นักเรียน', 'สาขา', '2', 'มอ', 'นักเรียน', 'ผ่อน', 'ดอกเบี้ย', 'แจ้ง', 'มาจาก', 'เพจ', 'ลด', '15', 'อย่า', 'ลืม', 'แจ้ง', 'พี่', 'ช่าง', 'แว่น', '0948489961', 'นัด', 'เวลา', 'วัด', 'สายตา', 'ฟรี', 'เข้ามา', 'ปรึกษา', 'ฟรี', 'ร้าน', 'รับประกัน', 'เลน', '36', 'เดือน', 'ใส่', 'ใส่', 'ชัด', 'ฟรี', 'กรอบ', 'รับประกัน', '6', 'เดือน', 'ลอก', 'น็อต', 'หลุด', 'ดูแล', 'ฟรี', 'การใช้งาน']",https://m.facebook.com/photo/view_full_size/?fbid=897821154943436&ref_component=mbasic_photo_permalink&ref_page=%2Fwap%2Fphoto.php&refid=13&__tn__=%2Cg
2022-10-31 20:15:14,As Aewitra,100022225521041,ประกาศของซื้อขาย,"['‼', 'ขาย', 'สัญญา', 'หอ', 'kin', 'hous', '‼', 'สัญญา', '8000', 'บาท', 'ลดเหลือ', '7500', 'เข้าเดือน', '5500', 'บาท', '13500', 'บาท', 'ราคา', 'ลด', 'ตอน', 'หมดสัญญา', 'ได้คืน', '8000', 'บาท', 'หมดสัญญา', 'กค', '2566', 'ห้อง', 'สไตล์', 'loft', 'ผนัง', 'สี', 'ขาว', 'สี', 'ห้อง', 'เหมือน', 'รูป', 'ชั้น', '1', 'ห้อง', 'เดือน', '5500', '฿', 'ค่าน้ำ', '8', '฿', 'ไฟ', '18', '฿', 'ขั้นต่ำ', 'มีค่า', 'ส่วนกลาง', 'กุญแจ', 'คีย์', 'การ์ด', '2', 'ชุด', 'เสียเงิน', 'มีระบบ', 'รักษา', 'ความปลอดภัย', 'keycard', 'รปภ', 'หน้า', 'หอ', 'เวลา', 'กลางคืน', 'บันไดหนีไฟ', 'กลาง', 'หอ', 'ชั้น', 'free', 'wifi', '1', 'user', 'ใช้ได้', '4', 'เครื่อง', 'เครื่องซักผ้า', 'ชั้น', 'เครื่องกรองน้ำ', 'ฟรี', 'ชั้น', '1', 'จ่าย', 'ค่าเช่า', 'วันที่', '5', 'น้ำขวด', 'ฟรี', '1', 'แพ', 'ค', 'ที่นั่ง', 'ส่วนกลาง', 'โต๊ะกินข้าว', 'โต๊ะ', 'หน้า', 'หอ', 'โต๊ะ', 'สวน', 'โซฟา', 'เครื่องใช้ไฟฟ้า', 'ห้อง', 'แอร์', 'เครื่องทำน้ำอุ่น', 'ทีวี', 'led', 'ตู้เย็น', 'เฟอร์นิเจอร์', 'เตียง', '35', 'ฟุต', '2', 'เตียง', 'โซฟา', '2', 'ที่นั่ง', 'โต๊ะเขียนหนังสือ', 'เก้าอี้', '2', 'ที่นั่ง', 'ตู้เสื้อผ้า', 'บิ้ว', 'อิน', '2', 'ฝั่ง', 'อ่าง', 'ล้างจาน', 'ชั้นวางของ', 'ระเบียง', 'ราวตากผ้า', 'ตัว', 'ห้องน้ำ', 'แบ่ง', 'โซน', 'เปียก', 'โซน', 'แห้ง', 'วาง', 'สำหรับ', 'อาบน้ำ', 'เข้าเดือน', 'มกราคม', 'สนใจ', 'inbox', 'รูป', 'สอบถาม']",https://m.facebook.com/photo/view_full_size/?fbid=1287978131953025&ref_component=mbasic_photo_permalink&ref_page=%2Fwap%2Fphoto.php&refid=13&__tn__=%2Cg
2022-10-31 20:06:02,Naruetep Jomkoh,100000437010777,ประกาศของหาย,"['บัตร', 'ประชา', 'ขน', 'หาย', 'ร้าน', 'ทอด', 'north', 'zome', 'food', 'center', 'ตรงข้าม', '711', 'หอ', 'st', 'place']",https://m.facebook.com/photo/view_full_size/?fbid=5975814575776384&ref_component=mbasic_photo_permalink&ref_page=%2Fwap%2Fphoto.php&refid=13&_ft_=encrypted_tracking_data.0AY8iyHhI-YVO7B66NreR4kXlSPeauxPlhGAAC8wa32spNjtY_FXvIeq8sWsR6siiPwUE0c6UvA3W_U12Qo1kECHaAhA973RBQmY19z3b0JSTho_4B1b8e7K60WrSgxpt5PPelQOX3nk47pF65DQNLmqooHWyjLLd_8vnQUJuWNG8-wXiuq18n_L4yg7fTWXIyxbl5-O0qNWE0XMeNAIijJB4laSm28rmJBv-hatBe9Sd8VBWMhU3Z1_mkL3i1uiWuZnHygp5P-VKZeA64S_J3b2qfCQ8Ln5szxmi_egrd1S7LvGzcdbaCWgYnIBjf40M9HlkHsG89zql8PMfS3Z7ipgI-EC1BJ52Yqu27dglSG5FuizYZwK84vGuOC5PdZ7ntFQVkCcXUlIqMnE9ANGyoVLmCPiWw1qQfTxKKyO7aqQQj_z5WZLY5GrRwbR7tJEwexCBCfUt89k6Ucq6GF-ShrxOc0_-hVJf-h3Chgj3_pce5uDKwT7_yxHR2KuxOZ6riYFlat51qWAZeoDcJPpmxJcX48RC9Rjoa8rTWM_yLvK-ptH20ohIMKdodM_PyA-W1Zk0MBLPJyvgzy9hbxJNkegJdA6HHu_gMWVvHsLJne6C5uwv4_sh-hI1FWiqTCinyLDkNzcN27vxbiNsbWGHX_H__8if1Lcf9w4u3DIUhViDfEx08ATpjbfnaSaVfByooySo7goslKJW8amy0ME78d-bckZquHCLxiwCvSLju63Jnn42TuZdPldJRXYSTxVakbFr-dhcGWk7KKvsbJWeh44wgYbcJkFmLuliSJItbXiDFWV_e5ZR-xcDybaSy9gH8Mu6xlSUhq-HDhWk9DF04m5rrpV6JjcLPIjtbhvf21dCwidsa-n_JWpiJGGBs4kCfNK-rAQW3YELvnFV4ytssI-o4YFQ9WUf-rV0knBbKLzrSRMXN6v0AawPLYut1X6XaG4Vjn9oh2j_dhgrvuSna1WPFtmii5ePACVz2PiSnbcOfO88L8MIDM4lrdwiVypRq2bPDKmc3J-XA7uvWB3Ob83Qzxj82NeVzhIU0FEY-ZJO8t5uExDI6kKCrRkvrbAzsAOe19T-MbUBFjObRVBCKNzAnMvfLZuESyAQzNIvF9A&__tn__=%2Cg
2022-10-31 19:14:02,Yada Buaseega,100001581098292,ประกาศของซื้อขาย,"['ขาย', 'สัญญา', 'หอพัก', 'หญิง', 'ak', 'หอ', 'ประตู', 'มมาก', 'ก', 'เดินนา', 'ห้องพัก', 'สะอาด', 'เจ้าของ', 'หอ', 'ใจดี', 'เป็นกันเอง', '1', 'ธค', '65', 'ขาย', '7000', 'บาท', 'สัญญา', 'พค', '66', 'ได้เงิน', 'คืน', '8000', 'ห้อง', '4800', 'เดือน', 'ค่าน้ำ', '18', 'ไฟ', '8', 'บริการ', 'หอ', 'รักษา', 'ความปลอดภัย', 'ระบบ', 'คีย์', 'การ์ด', 'ฟรี', 'wifi', 'เตียง', '35', 'ฟุต', 'เตียง', 'โต๊ะ', 'เก้าอี้', 'ทำงาน', 'ตู้เสื้อผ้า', 'เครื่องทำน้ำอุ่น', 'แอร์', 'ไมโครเวฟ', 'เครื่อง', 'ต้ม', 'น้ำร้อน', 'ฟรี', 'ส่วนกลาง', 'เครื่องซักผ้า', 'ตู้', 'กดน้ำ', 'หยอด', 'เหรียญ', 'พื้นที่', 'หน้า', 'หอ', 'นั่ง', 'ทำงาน', 'สอบถาม', 'รายละเอียด', 'น้า']",https://m.facebook.com/photo/view_full_size/?fbid=5689299904465990&ref_component=mbasic_photo_permalink&ref_page=%2Fwap%2Fphoto.php&refid=13&_ft_=encrypted_tracking_data.0AY_TkbHMMeRsYV_pt2NUCg9-2Zcc1Q5877q48NZWQuZS_sbWwvNNS5q9fYZjf-mUiGV7-_-lNeOTSrEEGawRCj_R7I3u4wewdCs6fbq0Kpyy2M_Ydr2OYcrxZizzwc3uHyHFCKav2NuxpAhHZRVdxMZynoYUKa276zJ19714ZmPYx58y2QLv8x2TdG5hRu2x0ebgQBMauYzG0WDILoTzmyCVffbY5T4l8auf_m3VBUDqw2qiL0oLGp0BbQGlFdl4brb_BmDYggLfhnedaCovjLOnPjAjLPEZuTCBlMtoeBLu3tScQu2jF_G3DaFf0qhJL1eBhQL7OaYoyG7i0Bj8ab5EvLD1TacRBNcACbGkQUvJpttNRSeocC6al3CfRJC4m8vXVVVJUZd3VUFAtIRy2KFzpJ4R-sjDvaonAQUnt691NKf0lyOi_UVFeOhzTMPWgSFYU7_c-b7SQMBXOIyimbQ1IAmzQcaZhnk1wP3_VK7Sw3-V_NZyGpdGWLpF43SP2HqJ7eVZdedn2HPhOiUhc1WchqeZgT_ESt149EkM-6MkXKy237SR59gtrUikqqYKqhtMbYKIIkem7Ew0E_qw6Pv36kpY-_FD-mLGCXqh_lxiVSmGeG00O00e0elvu9NJOAdmeVyYN54tCXdtwJ5-PUJ4D-vkck_oHuVT84qgjMd1SF3aTw-9zG4YTPzSuhoCWFhoXkOHju7MOAS-TjKy6xLLHZc8WzE2nfkm15u7ZMgtzJ9WmIjcUpMBBVk-OLEkUo3otSPUh13EmkdmTq3rucBm24k5f_74EV2vS7maUTMe9FCqP1jIGCHOqErqV4ndZiKlTHWLyC_xuzCnkn8jHyZXELTT0WsDucSEalZzfHu87bWlxC4HAWTbTyBunMbk4wzj84rpS0OXnslJ4d833nf8WW94r-jSRF9QgI1onYZZgYz7y7geiSUhPOyXhFFy4vfEXtLJHsAoE8VlZ7lzCh8AHTFs54QfpaRTcHADSfEwLUYfunBkY3VC8v3q3XMRgCIYczjOvMGAADwj9_c4llu_AdCvTSznIMNm3uygE95y49xKLevPmj-Tt4wDHdJFqMUhkMISgFaUsfkSWQvnBL-j1hFEWZGA-RR9DLJYgo0&__tn__=%2Cg
2022-10-30 17:49:24,Ma'ya May,100009374993981,ประกาศของซื้อขาย,"['ขาย', 'ตู้เย็น', 'มือสอง', 'สภาพ', 'รูป', 'ใช้งาน', 'ปกติ', '800', 'บาท', 'วงศ์', 'สว่าง', 'ซอย', '11']",https://m.facebook.com/photo/view_full_size/?fbid=3483205592001906&ref_component=mbasic_photo_permalink&ref_page=%2Fwap%2Fphoto.php&refid=13&__tn__=%2Cg
2022-10-30 12:43:03,Montira,100006558720036,ประกาศของซื้อขาย,"['ส่งต่อ', 'เครื่องคิดเลข', 'สภาพ', 'ดีมาก', 'สอบ', 'อยู่ดี', 'ขออนุญาต', 'ส่งต่อ', '450', 'นัด', 'มอ']",https://m.facebook.com/photo/view_full_size/?fbid=3332476990314226&ref_component=mbasic_photo_permalink&ref_page=%2Fwap%2Fphoto.php&refid=13&_ft_=encrypted_tracking_data.0AY8DrGGAAODAIQpCtWeMCMQE4B2imIoD1HKQ_BhGkKDoIo1G0H8pUhmwfCC66Dp_WFkNeSZAXLLv-0I0rR_XQBazYAwfr0XS8VXJjPgSJpL6A6uAtuooIQE2C2kqe7IN9VkhCF9FV6ZR76XfgddB6Rpz3wQX9uY2iS4DGkuKOhpV1OWfccGLZ_nyeRP0BZ0XOLByt-vn7z6zPctvfHJKDyUC3EximBMOEMYmtEP1x4UgwPY1Kv-NrBXRho9xqaghfJVXqrbg-USsfgeown6g4cvIJvg_oGc-w6kmAMDjuDKn3bX5epR5pQTuFzugqMeRbk4NHHp5IExUvlaZqxhNkugjkToKIVBhfZYaD63AS9aTmAscLOtRK1bn9veLjrXoT0W-HLcMNcXbol10PdIHpRn_EO2Z77Rd1_3ROAm8VYIgVTNF3hEMm3JUVRQziV9bCNVFT3hGqvHo2Uz9NckcnIt0jwIfMGpcxhBwFEG4MCZEqv85AmoBhy0_YjxUsaaWpCrDE19vW5a6183YUOZLt9ITDYLNfvJFm1Tzm5paWU6-IvzvkECvAevBdTOAU_0QtCZA-i7zYDND7V1imxlT73m9IRsNRtJmmA-EPFV4V-Q48p-7SfGtac-\-\xSl8z5n-PWAmHLpFs3K5jO4Mcln60YcYP1STZcaujNLnNNs_ymJwdiEXf5ZQnNPPfMnjsLmpAFJmf8YvCflWuZhdemmON3FVC9HrR9LFdZk6EFnWHJKMBoRxpHyTy6gRRJk5zXbTiwQL_ufnYPzvn_vU0u06esK1mIYQ4sf06faGmqyU6i28XJgLM7CMVnQtchDFplNFIG13oXjMef4X97OwDGSxOnrXo2h240qmIDfzgGc3IP85JQlOMs0-45Bc24fybWa_a5YZj9LHzjDiYlqwiN34quKQ7Y2X-Xy4BDdNAoQY58oVMeVX1gDCkhytRXgVbMn3m55qJIknXmVzwwKyvjogUWm-soJhnTXZapWdaLGLzIRZqyxjO8SBUfSu5DiKQqP3enXfligJEd6NKwvAFt7a7ifGKeSCGXRtuZCeoR53Ox8H00BN0ip5sgQJ0ES7AyoMQLcBnbPkTtOGAZbKtoi7g1Acf7koyxyL787hAqBtktY&__tn__=%2Cg
2022-10-28 21:09:56,Jum Bo,100014132670545,ประกาศของซื้อขาย,"['ขาย', 'ขาย', 'สัญญา', 'หอ', 'atom', 'place', 'สัญญา', 'ห้อง', 'เดือน', 'สุดท้าย', 'จ่าย', '15000', 'บาท', 'สัญญา', 'เดิม', '16000', 'บาท', 'ได้คืน', '10000', 'บาท', 'เดือน', 'ธันวาคม', 'ห้อง', '26', 'ตรม', 'ชั้น', '4', 'วิว', 'ด้านหน้า', 'ห้อง', 'เดือน', '6000', 'บาท', 'น้ำ', 'หน่วย', '18', 'บาท', 'ไฟ', 'หน่วย', '8', 'บาท', 'เฟอร์นิเจอร์', 'บิ้วท์', 'อิน', 'ตู้เย็น', 'ทีวี', '42', 'นิ้ว', 'แอร์', 'ลิฟต์', 'เครื่องทำน้ำอุ่น', 'ที่นอน', '6', 'ฟุต', 'นอน', 'internet', 'wifi', '4', 'user', 'ฟรี', 'เครื่อง', 'ทำ', 'อุ่น', 'ห้องน้ำ', 'แยก', 'โซน', 'เปียก', 'แห้ง', 'ปลั้ก', 'ห้อง', 'ลิฟต์', 'ประตูเข้า', 'หอ', 'คีย์', 'การ์ด', 'กุญแจ', '2', 'ดอก', 'คีย์', 'การ์ด', '2', 'ใบ', 'ไม่ต้อง', 'เสียเงิน', 'ตู้', 'ซักผ้า', 'หยอด', 'เหรียญ', 'ตู้', 'กดน้ำ', 'ชั้น', '6', 'ส่วนกลาง', 'นั่ง', 'อ่านหนังสือ', 'ติด', 'ซุ่ม', 'คา', 'เฟ', 'สะดวก', 'เวลา', 'อ่านหนังสือ', '711', 'เลี้ยง', 'แมว', 'สนใจ', 'ห้อง', 'inbox']",https://m.facebook.com/photo/view_full_size/?fbid=1505580833256325&ref_component=mbasic_photo_permalink&ref_page=%2Fwap%2Fphoto.php&refid=13&__tn__=%2Cg
2022-10-29 23:17:20,Mint Sopanat,100010367850418,ประกาศของซื้อขาย,"['ขาย', 'สัญญา', 'หอพัก', 'หญิง', 'hyde', 'park', 'corner', 'หอ', 'โซน', 'หอ', 'เปิ่น', '2', '10000', '฿', '‼', 'ผ่อน', '2', 'งวด', 'ทัก', 'สอบถาม', '•', 'เงินประกัน', '10000', 'รับคืน', '•', 'ห้อง', '4900', '฿', 'เดือน', '•', 'ไฟ', '8', 'ค่าน้ำ', '18', 'ขั้นต่ำ', '100', '•', 'เตียง', '35', 'ฟุต', 'แอร์', 'ตู้เสื้อผ้า', 'โต๊ะ', 'เก้าอี้', 'อ่านหนังสือ', 'เครื่องทำน้ำอุ่น', 'กระจก', 'ห้อง', 'ซิงค์', 'ล้างจาน', 'เราเตอร์', 'wifi', 'ห้อง', '•', 'ร้านกาแฟ', 'ติว', 'อ่านหนังสือ', 'หอ', '•', 'สัญญา', '30', 'เม', 'ย', '66', '•', 'หอ', 'เครื่องซักผ้า', 'หยอด', 'เหรียญ']",https://m.facebook.com/photo/view_full_size/?fbid=1753977341624511&ref_component=mbasic_photo_permalink&ref_page=%2Fwap%2Fphoto.php&refid=13&__tn__=%2Cg
2022-10-29 23:52:01,Sirawit Sriprathumwong,100012423645421,ประกาศของหาย,"['พบเห็น', 'iphon', '7', 'เครื่อง', 'สี', 'ดำ', 'ทำ', 'ตก', 'แถวๆ', 'สามเกลอ', 'สลัด', 'โรล']",
2022-10-28 21:40:32,KMUTNB Community,1105635556991565,ประกาศของซื้อขาย,"['ส่งต่อ', 'กระโปรง', 'นักศึกษา', 'เอ', '1', 'เอว', '25', '16', '2', 'เอว', '26', '16', 'ตัว', '100', 'ฟรี', 'นัด', 'มอ', 'รูป', 'dm', 'ka']",
2022-10-29 17:38:20,Pattaranan Khachai,100008160340707,ประกาศของซื้อขาย,"['ขาย', 'สัญญา', 'หอพัก', 'หญิง', 'กาญจน์', 'ห้อง', 'ตึก', 'ตึก', '3', 'ติดกับ', 'บ้านเรือน', 'ไทย', 'ชั้น', '5', 'ลม', 'เย็น', 'ตอนเช้า', 'แดด', 'แรง', 'เสียง', 'สงบ', 'เดิน', 'เหนื่อย', 'ประตู', 'มอ', 'ออกมา', 'เลี้ยวซ้าย', 'ตรงข้าม', 'หอ', 'ชาย', 'จินตนา', 'เดินทาง', 'สะดวก', 'ร้านอาหาร', 'จิปาถะ', 'เจ้าของ', 'หอ', 'ใจ', 'ดีมาก', 'ซ่อม', 'ติดต่อ', 'เจ้าของ', 'หอ', 'ผู้ดูแล', 'หอคอย', 'ทำความสะอาด', 'ที่จอดรถ', 'มอเตอร์ไซค์', 'รายละเอียด', 'ค่าใช้จ่าย', 'สัญญา', 'ประกัน', 'ห้อง', '10000', 'บาท', 'ห้อง', 'เดือน', '5000', 'บาท', '15000', 'บาท', 'สัญญา', '1', 'ปี', 'ตอนนี้', '9', 'เดือน', 'เดือน', 'พฤศจิก', 'รก', 'ฎา', 'หมดสัญญา', 'เดือน', 'กรกฎาคม', 'พศ', '2566', 'รายละเอียด', 'ห้อง', 'ห้อง', 'เดือน', '5000', 'บาท', 'ค่าน้ำ', '8', 'บาท', 'ขั้นต่ำ', '50', 'บาท', 'เดือน', 'ไฟ', '18', 'บาท', 'มีค่า', 'ส่วนกลาง', 'กุญแจ', 'คีย์', 'การ์ด', '1', 'ชุด', 'สิ่งอำนวยความสะดวก', 'หอ', 'เครื่องซักผ้า', 'ชั้น', '1', '3', 'เครื่อง', 'เครื่องกรองน้ำ', 'ชั้น', '1', '1', 'เครื่อง', 'ตู้', 'กด', 'เซเว่น', '1', 'เครื่อง', 'ของกิน', 'เครื่องใช้ไฟฟ้า', 'เฟอร์นิเจอร์', 'ห้อง', 'แอร์', 'ตู้เสื้อผ้า', 'เตียง', '5', 'ฟุต', 'โต๊ะ', '1', 'ตัว', 'เก้าอี้', '2', 'ตัว', 'ระเบียบ', 'ราวตากผ้า', 'ตาข่าย', 'นก', 'ห้องน้ำ', 'ชั้นวางของ', '2', 'ตำแหน่ง', 'ฝักบัว', 'หน้า', 'กระจก', 'free', 'wifi', '1', 'user', 'ใช้ได้', '2', 'เครื่อง', 'สนใจ', 'ib', 'สอบถาม', 'ติดต่อ', 'ดู', 'ห้อง', 'แจ้ง', 'ปล', 'รูปหน้า', 'ตึก', 'ถ่าย', 'ตอนกลางคืน', 'ฝนตก', 'โดยปกติ', 'มืด', 'แล้วก็', 'วังเวง', 'ห้อง', 'ทำความสะอาด', 'เรียบร้อย', 'รูป', 'ห้อง', 'เจ้าของ', 'หอ', 'ห้อง']",https://m.facebook.com/photo/view_full_size/?fbid=3458293284452649&ref_component=mbasic_photo_permalink&ref_page=%2Fwap%2Fphoto.php&refid=13&__tn__=%2Cg
2022-10-29 17:20:06,ปริญญา พรมพัตร คับ,100006938178305,ประกาศของหาย,"['หา', 'แอร์', 'ต', 'เคส', 'ลาย', 'สลัก', 'หาย', 'ห้องสมุด', 'ชั้น', '6', 'วันที่', '19', 'ตุลา']",https://m.facebook.com/photo/view_full_size/?fbid=3252306315010609&ref_component=mbasic_photo_permalink&ref_page=%2Fwap%2Fphoto.php&refid=13&__tn__=%2Cg
2022-10-28 01:05:07,KMUTNB Community,655260745960523,ประกาศของซื้อขาย,"['ตู้เย็น', 'มือสอง', 'สภาพ', 'ดี', 'ขาย', 'รูป', 'ราคา']",
2022-10-26 10:22:49,MaxNum Athikan,100025032878244,ประกาศของหาย,"['sound', 'peac', 'h', '1', 'ซ้าย', 'หาย', 'สถานที่', 'มอ', 'เจอ', 'รบกวน', 'ทัก', 'ขอบคุณ']",https://m.facebook.com/photo/view_full_size/?fbid=1252680852242999&ref_component=mbasic_photo_permalink&ref_page=%2Fwap%2Fphoto.php&refid=13&__tn__=%2Cg
2022-10-23 14:18:51,Techaphon Chadum,100001825838616,ประกาศของซื้อขาย,"['ขาย', 'สัญญา', 'หอ', 'st', 'place', 'ขาย', 'สัญญา', 'ห้อง', 'เดือน', 'สุดท้าย', 'จ่าย', '15000', 'บาท', 'สัญญา', 'เดิม', '16000', 'บาท', 'ได้คืน', '10000', 'บาท', 'เดือน', 'พฤศิ', 'กาย', 'น', 'ห้อง', '26', 'ตรม', 'ชั้น', '1', 'ห้อง', 'เดือน', '6000', 'บาท', 'น้ำ', 'หน่วย', '18', 'บาท', 'ไฟ', 'หน่วย', '7', 'บาท', 'เฟอร์นิเจอร์', 'บิ้วท์', 'อิน', 'ตู้เย็น', 'ทีวี', '42', 'นิ้ว', 'แอร์', 'ลิฟต์', 'ที่นอน', '6', 'ฟุต', 'นอน', 'internet', 'wifi', '4', 'user', 'ฟรี', 'เครื่อง', 'ทำ', 'อุ่น', 'ห้องน้ำ', 'แยก', 'โซน', 'เปียก', 'แห้ง', 'ปลั้ก', 'ห้อง', 'ลิฟต์', 'ประตูเข้า', 'หอ', 'คีย์', 'การ์ด', 'กุญแจ', '2', 'ดอก', 'คีย์', 'การ์ด', '2', 'ใบ', 'ไม่ต้อง', 'เสียเงิน', 'ตู้', 'ซักผ้า', 'หยอด', 'เหรียญ', 'ตู้', 'กดน้ำ', 'ฟิตเนส', 'ชั้น', '6', 'ร้านกาแฟ', 'ร้านอาหาร', 'ติด', 'ซุ่ม', 'คา', 'เฟ', 'สะดวก', 'เวลา', 'อ่านหนังสือ', '711', 'หอ', 'เลี้ยงสัตว์', 'สนใจ', 'ห้อง', 'ติด', 'ต่อมา', 'fb']",https://m.facebook.com/photo/view_full_size/?fbid=8028704367200345&ref_component=mbasic_photo_permalink&ref_page=%2Fwap%2Fphoto.php&refid=13&_ft_=encrypted_tracking_data.0AY8cUmitpIO3Hkls855IGW4L4d_SVUo5udYPwk66U5vq2vk5rgvpaO-y1tDRycXgXwRN3mlIfCgW3D_VBz0s56YPGOBIj3dtuxNUf-0vdd03y4SpBJDIXURU-9Y6hQwNxBECHevvZrUBdDnzfiZMr_1AsJ3NGGTvARuPqZ5BT4-OoNQcEDOIzvPCPTSwmS-kbRqmG8k33wmqScS1PxkvrzLJi_yl4j0gG-WMHeqmErnp56gHdtzcPUQOeak90R0prM46cN26xZ9C5H72a_-GKIjjmftRtlnwQgoXmVIM0iyxVEmuliyF59TyA0Kkqoweb0L1J8CkwJY_ltrM8YALnYJpDKMRcmi8BopuREvloHczx61pz2-3BnXRMxyzK1GDnBymFUICHNweEBaTkQ5A9kqMy0tENNf1plwMH746pRVu2fa6Ypjl5buFEjMye2yAFJ84xVC4sqU0vn1TNV_sbEMDmgIj2qZz3SNmgMXvsNEA3vQQhF9k64AzZIzCLNw9wnD1k4ozmpxwS7P8BPk9ALoctVu7EEsuczGLbXzWUutlil-V7_AhjClsX3i6sV0G49UagiCA5QntTh_RpyMLkXXaU3zngF7ILQhkaIREq_JJg3uNGFZlgt1eRYtgfg8EUx3IUf9pBa69FuQU1vnaWm3t2vRNdX4_zTHh0tiLh6NeYNc_4Vd_EtO0Wa8Z4u3EDoZHfGF06-xtOAKa4mp4lCGQL_wmWzCEoWfKW3CaMmP0llw9fDU5-KuKmhNBLldnnrH1RBXBR1bQclfsp4insE-OjW7kDNeO70bd58TCIwA7UP00DtVdRE9v7i_knW6aErIAdfG_gdW_qyrgZuCxJUqIOOTAApVy8Xhdwlxrzxgw-S-Q3qHOQ_CXnI_SQaaH6uIeDx4OpPo6kLyh5uYT31H_vZg3WbHKv0Tji_j15uNYMH9i-5mm0ftRVR1_M3keX9T1Z3xv3SPTQlixtY7hXp6CStc0YfjVHWXlQEGL1T0O9E2L3X3kiNV8Whpf2wkIme4CQTRCNIlHDOPl1-Cn57u-4rwT038rl-jzQrmhDo6vcpe7CtT6miJK1nZmjLtoQg-KJJUMmvLWIsjd49n5EFMdqo-5HsWJN9v-EAkA5r4&__tn__=%2Cg
2022-10-23 20:44:03,Pang Npm,100008557543599,ประกาศของซื้อขาย,"['ส่งต่อ', 'ของใช้', 'มจพ', 'ขาย', 'พัดลม', 'แอร์', 'ล้อเลื่อน', 'hatari', 'เจล', 'เย็น', 'รี', 'โหมด', 'จอ', 'เย็น', 'ใช้งาน', 'ปกติ', '1200', '฿', 'เครื่องปิ้งขนมปัง', '300', '฿', 'imarflex', '2', 'ชิ้น', 'ลด', '1500', '฿', '1300', '฿', 'ลด', 'บริการ', 'จัดส่ง', 'ระ', 'แวก', 'ซอย', 'วงศ์', 'สว่าง', '11', 'พื้นที่', 'ห่างไกล', 'จัดส่ง', 'บวก', '50', '฿']",https://m.facebook.com/photo/view_full_size/?fbid=2983825161912706&ref_component=mbasic_photo_permalink&ref_page=%2Fwap%2Fphoto.php&refid=13&__tn__=%2Cg
