text,post_type


"['อนุญาติ', 'ขาย', 'Macbook', 'pro', '13', 'inch', '2017', '4', 'thunderbolt', '3', 'port', 'Core', '5', '8', 'GB', 'สภาพ', 'ดี', 'ติด', 'ฟิลม์', 'อุปกรณ์', 'งาน', 'ปกติ', 'นัด', 'กรุงเทพ', '22000', 'บาท']",1
"['ทำ', 'หาย', 'ติดต่อ']",0
"['อนุญาต', 'หา', 'แมว', 'น้อง', 'ชื่อ', 'บัมกิ้น', 'แมว', 'ส้ม', 'อ้วน', 'หาง', 'คด', 'ขี้กลัว', 'หาย', 'หอ', 'parks', 'ซอย', 'ป่า', 'กล้วยใคร', 'พบเห็น', 'รบกวน', 'ติดต่อ', 'เป็นห่วง', 'ข้าว', 'น้อง', 'กิน', 'เจอ', 'น้อง', 'ขอบคุณ', 'คน']",0
"['อนุญาต', 'รบกวน', 'รับผิดชอบ', 'คน', 'ทำ', 'โต๊ะ', 'พัง', 'ร้าน', 'ข้าว', 'ไข่', 'เจียว', 'ตลาดชิลชิล', 'ทำ', 'พัง', 'หนี', 'หาย', 'ทำมาหากิน', 'คน', 'ทำ', 'งาน', 'ขาย', 'ดี', 'กิน', 'เหล้า', 'เมา', 'ทำ', 'พัง', 'เดิน', 'หนี', 'หาย', 'ภาพ', 'กล้อง', 'วงจรปิด', 'เหตุการณ์', 'เวลา', 'ตี', '2', '30', 'รบกวน', 'ขอบคุณ', 'ร้าน', 'โต๊ะ', 'พัง', 'สงสาร']",3
"['สอบถาม', 'ผม', 'ทำ', 'บัตร', 'ศึกษา', 'หาย', 'ผม', 'ทำ', 'เรื่อง', 'ทำ', 'บัตร']",3
"['บัตร', 'นศ', 'หาย', 'ติดต่อ', 'ห้อง', 'วิชาเทคโนโลยี', 'วิศวกรรม', 'ไฟฟ้า', 'ตึก', '63', 'ชั้น', '2']",0
"['แมว', 'หาย', 'รบกวน', 'เพื่อน', 'ข่วย', 'แชร์', 'เจอ', 'ตัว', 'สี', 'ดำ', 'เพื่อน', 'น้อง', 'โดน', 'หมาไล่', 'หา', 'สอง', 'ตัว', 'สี', 'ขาว', 'เพศ', 'เมีย', 'สี', 'น้ำตาล', 'ขาว', 'แมว', 'ไทย', 'ตัว', 'อ้วน', 'หนา', 'เจอ', 'รบกวน', 'ติดต่อ', 'เบอร์', '08979', '23649', 'น้อง', 'หลุด', 'สะเพร่า', 'คน', 'ห้อง', 'ตั้งใจ', 'ปล่อย', 'น้องก้ตาม', 'ขอบคุณ', 'แขร์', 'หา', 'พระคุณ']",0
"['ทำ', 'หาย', 'วิน', 'วัด', 'ฝาง', 'น้ะ']",0
"['เว็บ', 'ล่ม', 'ประเมิน', 'อาจารย์', 'ปกติ', 'รอ', 'หาย', 'ล่ม']",3
"['อนุญาต', 'บ้าน', 'เช่า', 'ปล่อย', 'เช่า', '2', 'ชั้น', 'หมู่', 'บ้านศิริลักษณ์', 'ร้าน', 'อาหาร', 'มอ', 'เดิน', 'เรียน', 'จร้า', '2', 'ห้อง', 'นอน', '2', 'ห้องน้ำ', 'บ้าน', 'ห้อง', 'เติม', 'ระเบียง', 'ครัว', 'สำหรับ', 'น้อง', 'ศึกษา', '68', 'คน', 'เช่า', 'ล่วงหน้า', '1', 'เดือน', '12000', 'บาท', 'ประกัน', 'เสียหาย', '20000', 'บาท', 'จ่าย', '32000', 'บาท', 'สนใจ', 'ติดต่อ', '0994141890', 'พี่ลูกหว้า']",1
"['ทำ', 'บัตร', 'ศึกษา', 'หาย', 'ทำบัตร', 'ทำ']",3
"['แถว', 'มมี', 'ร้าน', 'นวด', 'แผน', 'ไทย', 'ดี', 'เส้น', 'ละหาย', 'ปวด', 'ไหม']",3
"['ผม', 'ทำ', 'บัตร', 'ศึกษา', 'หาย', 'แจ้ง']",3
"['บัตร', 'ศึกษา', 'หาย', 'สอบแทน', 'กลัว', 'ทำ']",3
"['บัตร', 'นศ', 'หาย', 'แจ้ง', 'เพจ', 'ตึก', 'TGGS']",3
"['ประกาศ', 'หาย', 'ถุง', 'ซิ', 'ปล็อคใส', 'ขนาด', 'หล่น', 'ตึก', 'คณะ', 'ประยุกต์', 'ชั้น', '2', 'เรียญ', 'สิบ', 'บาท', 'เหรียญ', 'เจอ', 'ติดต่อ', 'ตัง', 'รถเมย์', 'TTTT']",0
"['เจอ', 'คีย์', 'การ์ด', 'ตก', 'หาย', 'ไหม']",0
"['มอเรา', 'ห่วย', 'เรื่อง', 'ออนไลน์', 'ระบบ', 'แย่', 'จารย์', 'คน', 'เด็ก', 'ตัว', 'ตัว', 'สะดวก', 'ผม', 'ตัวอย่าง', 'เจอ', 'จาร', 'ห้อง', 'ผม', 'เค้า', 'เช็ค', 'ชื่อ', 'ผม', 'ได้ยิน', 'ชื่อ', 'ผม', 'ตอน', 'ตอน', '905', 'เช็ค', 'ชื่อ', 'ผม', 'ถาม', 'จาร', 'เช็ค', 'ชื่อ', 'ผม', 'เค้า', 'รู้', 'ตอน', 'ครู', 'ขาน', 'อยู่หน้า', 'สติ', 'ผม', 'ห้อง', 'รู้', 'หรอก', 'กล้อง', 'หน้า', 'เอ้า', 'ชิบ', 'หาย', 'ผม', 'ชื่อ', 'ผม', 'คน', 'ไทย', 'ไหม', 'คน', 'ไทย', 'ฟัง', 'ฟัง', 'เรื่อง', 'กล้อง', 'สำหรับ', 'ผม', 'แม่ง', 'โครต', 'ห่วย', 'สิทธิ', 'บุคคล', 'คน', 'สะดวก', 'คน', 'สะดวก', 'คน', 'ชอบ', 'กล้อง', 'กล้อง', 'ทำ', 'เรียน', 'ดี', 'เรียน', 'เก่ง', 'หรอ', 'กล้อง', 'ทำ', 'เช็ค', 'ชื่อ', 'ไว', 'ป่าว', 'เช็ค', 'หรอ', 'ชื่อ', 'รู้', 'ชื่อ', 'คน', 'คน', 'สะดวก', 'เหมือน', 'คน', 'เน็ต', 'อุปกรณ์', 'ผม', 'ถาม', 'เหมือน', 'คน', 'เค้า', 'ทำ', 'ซื้อ', 'หรอ', 'คน', 'เค้า', 'ผม', 'ยุค', 'มอ', 'ยื่นมือ', 'ป่าว', 'กฎเกณฑ์', 'เรียน', 'ออนไลน์', 'ยุ่งยาก', 'สำรวจ', 'สอบถาม', 'ไหม', 'เด็ก', 'คน', 'บ้าน', 'เงิน', 'เหมือน', 'มอ', 'แทบ', 'ซัพพอร์ต', 'เรื่อง', 'เทอม', '50', 'โครต', 'เรื่อง', 'ผม', 'เหมา', 'อาจารย์', 'ดี', 'เด็ก', 'ผม', 'เคารพ']",3
"['สอบถาม', 'กรณี', 'บัตร', 'ศึกษา', 'หาย', 'ดำเนิน', 'ห้อง', 'สอบ', 'สอบ', 'จันทร์']",3
"['อนุญาต', 'แมว', 'เพื่อน', 'หาย', 'หาย', 'บ้าน', 'เที่ยง', 'บ่าย', 'สอง', 'โมง', '14', 'กย', '64', 'พันธุ์', 'เปอร์เซีย', '3', 'สี', 'ชื่อ', 'น้องเบบี้', 'อายุ', '4', 'เดือน', 'เพศ', 'เมีย', 'พิกัด', 'บ้าน', 'ซอยวงศ์สว่าง', '11', 'แถว', 'วัด', 'ข้างหอยูไลฟ์', 'พบเห็น', 'กรุณา', 'ติดต่อ', '0880889574', 'ตั๊ก', 'ขอบคุณ']",0
"['ลูก', 'แมว', 'หาย', 'หอยูไลฟ์', 'ตึก', '6', 'เจอ', 'ติดต่อ', 'น้อง', 'รัก', 'สงสาร', 'แม่', 'กกก', 'ร้อง', 'หา', 'ลูก', 'หยุด']",0
"['หญิง', 'ชื่อ', 'สนุ๊ก', 'บุคคล', 'อันตราย', 'ตี', 'สนิท', 'สอง', 'ตัว', 'โทรศัพท์', 'บัตร', 'ประชน', 'กระเป๋า', 'เงิน', 'หาย', 'ยืม', 'เงิน', 'เดี๋ยว', 'น้องโอน', 'คืน', 'น้อง', 'รู้', 'ตัวตน', 'เปล่า', 'ตอน', 'คน', 'โดน', 'คน', 'เจอ', 'แถว', 'ร้าน', 'เหล้า', 'มอ', 'ตัว', 'หอ', 'แถว', 'ริม', 'น้ำ', 'หอคน', 'ตัว', 'หอ', 'หา', 'คน', 'เกาะ', 'คน', 'เก่ง', 'ดู', 'Update', 'ตอน', 'ดูแล', 'ครอบครัว', 'พ่อ', 'ตัว', 'ตำรวจ', 'โอกาส', 'หนี', 'ทำ', 'เดิม', 'ท่าที', 'สำนึก', 'เจอ', 'แนะนำ', 'เลี่ยง', 'พูดคุย', 'ช่วยเหลือ', 'Edit', 'ลบ', 'ข้อมูล', 'ตัว', 'เบลอ', 'หน้า', 'โดน', 'พรบ', 'คอม', 'คดี', 'ทำ', 'ข้อมูล', 'แจ้ง', 'inbox']",3
"['แมว', 'หาย', 'ไหม', 'หมู่', 'บ้านสิรินพาร์ค', '2']",0
"['บัตร', 'ศึกษา', 'หาย', 'ทำ']",3
"['สอบถาม', 'บัตร', 'ศึกษา', 'หาย', 'ทำ', 'ไหม']",3
"['ศึกษา', 'ท่าน', 'เนื่อง', '16', 'กค', 'ชำระ', 'เทอม', 'สุดท้าย', 'ศึกษา', 'ชำระ', 'เทอม', 'ชื่อ', 'หาย', 'ระบบ', 'ชื่อ', 'ศึกษา', 'หาย', 'ตอน', 'เรียน', 'ทะเบียน', 'แนะนำ', 'ศึกษา์', 'ท่าน', 'ตรวจสอบ', 'ชื่อ', 'อาจารย์', 'สอน', 'รายวิชา', 'ทำ', 'อาจารย์', 'เข้าเรียน', 'ทะเบียน', 'สำเร็จ', 'ชำระ', 'เทอม', 'ศึกษา', 'ชำระ', 'เทอม', 'ทำ', 'เรื่อง', 'ผ่อนผัน', 'เทอม', 'กองบริการ', 'ศึกษา', 'เอกสาร', 'ศึกษา', 'อาจารย์', 'ที่ปรึกษา', 'มนาม', 'สอน', 'รายวิชา', 'ทำ', 'เรื่อง', 'ระบบ', 'OPS', 'ยื่น', 'เรื่อง', 'แจ้ง', 'สอน', 'รายวิชา', 'ชั้น', 'เรียน', 'วิชา', 'อนุมัติ', 'ร้อง', 'ระวัง', 'สอบถาม', 'โทรจิก', 'อาจารย์', 'ท่าน', 'หน้าที่', 'นั่ง', 'รอ', 'ตอบ', 'OPS', 'เวลา', 'เวลา', 'อาจารย์', 'ปกติ', 'วิชา', 'อนุญาต', 'ศึกษา', 'เรียน', 'ชำระ', 'เทอม', 'สมบูรณ์', 'ชำระ', 'เทอม', 'ปลาย', 'ศึกษา', 'ชื่อ', 'ชื่อ', 'ห้อง', 'สอบ', 'ติดต่อ', 'สอน', 'สอน', 'ทำ', 'remarks', 'ห่วงใย', 'เติม', 'เพชร', 'สุข', 'คณาภิบาล', 'ปล', 'ผม', 'แนะนำ', 'ผม', 'ทำ', 'ผม', 'ทะเบียน']",3
"['กระเป๋า', 'ตังค์', 'หาย', 'บัตร', 'นศ', 'รบกวน', 'ถาม', 'ทำ', 'บัตร', 'นศ', 'ทำ']",3
"['บัตร', 'หาย', 'ฝาก', 'หน้า', 'ล็อบบี้', 'ตึก', 'ครอินทร์']",0
"['สอบถาม', 'ถอน', 'วิชา', 'เรียน', 'วิชา', 'นึง', 'ตาราง', 'เรียน', 'วิชา', 'หาย', 'วิชา', 'โผล่', 'เลข', 'นั่ง', 'สอบ', 'ทำ']",3
"['ทราบ', 'ร้าน', 'บะหมี่', 'ตรงข้าม', 'The', 'Grove', 'หาย']",3
"['ร้าน', 'ทำ', 'กุญแจ', 'รถ', 'เครื่อง', 'มะคับ', 'แถว', 'มพอดี', 'กุญแจ', 'รถ', 'หาย']",3
"['ขาย', 'สัญญา', 'หอ', 'The', 'Grove', 'Residence', 'หอ', 'สว่าง', '11', 'เดือน', 'พฤษภาคม', 'เดือน', 'เมษายน', 'ขาย', 'สัญญา', '16000', '฿', 'ราคา', 'เต็ม', '19700', '฿', 'มัดจำคีย์การ์ด', 'คืน', 'ตอน', 'เสียหาย', 'ราคา', 'คุย', 'สัญญา', '3', 'เดือน', 'เดือน', 'กค', '62', 'สัญญา', 'ฟรี', 'ทำ', 'สัญญา', '1000', '฿', 'ราคา', 'เช่า', 'เดือน', '7200', '฿', 'ไฟ', 'หน่วย', '8', 'บาท', 'น้ำ', 'หน่วย', '21', 'บาท', 'ห้องไซส์', 'L', 'ขนาด', '32', 'ตรม', 'ห้อง', 'ระเบียง', 'ห้องน้ำ', 'ชั้น', '8', 'มีลิฟท์', 'ทำ', 'สัญญา', 'หญิง', 'ฟรี', 'wifi', '1', 'user', '2', 'เครื่อง', 'Key', 'card', '2', 'ใบ', 'ใบ', '200', '฿', 'ดูแล', 'หอ', 'ช่าง', 'ซ่อมรปภ', '24', 'ชม', 'ห้อง', 'ทิ้ง', 'ขยะ', 'ประจำ', 'ชั้น', 'แม่บ้าน', 'ทำ', 'สะอาด', 'จอด', 'รถ', 'มอเตอร์ไซค์', 'ฟรี', 'จอด', 'รถ', 'ยนต์', '500', '฿', 'เดือน', 'ร้าน', 'ค้า', 'ร้าน', 'อาหาร', 'หอ', 'มีเซเว่น', 'เฟอร์นิเจอร์', 'Builtin', 'ตู้', 'เสื้อผ้า', 'เตียง', 'นอน', '5', 'ฟุต', 'โต๊ะ', 'หัว', 'เตียง', '2', 'ตัว', 'โต๊ะ', 'กิน', 'ข้าว', 'โต๊ะ', 'ทำ', 'งาน', 'สำหรับ', '23', 'นั่ง', 'เก้าอี้', '3', 'ตัว', 'ตู้', 'รองเท้า', 'ชั้น', 'วาง', 'ทีวี', 'เครื่อง', 'ไฟฟ้า', 'แอร์', '1', 'ตัว', 'ทีวี', '1', 'เครื่อง', 'เครื่อง', 'ทำ', 'น้ำ', 'อุ่น', 'ตู้', 'เย็น', 'ไมโครเวฟ', 'เครื่อง', 'ดูด', 'อากาศ', 'ห้องน้ำ', 'ปล', 'ภาพ', 'ห้อง', 'ตัวอย่าง', 'สนใจ', 'ทัก']",1
"['บัตร', 'ประขา', 'ชน', 'หาย', 'ร้าน', 'ต้น', 'เอกโทร', '0847348218']",0
"['ประกาศ', 'ทำ', 'บัตร', 'นศ', 'หาย', 'ไหม', 'รบกวน', 'โทร', 'ติดต่อ', 'คน', 'เจอ', 'บัตร', 'คุณนิด', 'เบอร์โทร', 'รูป', 'ล่าง']",0
"['ขอโทษ', 'เรื่อง', 'เสียง', 'หอเดอะนอร์ท', 'โรค', 'ซึมเศร้า', 'เวลา', 'เครียด', 'เศร้า', 'กรี๊ด', 'เสียง', 'ร้องไห้', 'เสียง', 'ทำ', 'คน', 'หอ', 'เสียง', 'ผี', 'ขอโทษ', 'ตอน', 'ย้าย', 'หอ', 'ห้อง', '104', 'ห้อง', 'ริม', 'ขอโทษ', '—', 'The', 'North']",3
"['ขอโทษ', 'เรื่อง', 'เสียง', 'หอเดอะนอร์ท', 'โรค', 'ซึมเศร้า', 'เวลา', 'เครียด', 'เศร้า', 'กรี๊ด', 'เสียง', 'ร้องไห้', 'เสียง', 'ทำ', 'คน', 'หอ', 'เสียง', 'ผี', 'ขอโทษ', 'ตอน', 'ย้าย', 'หอ', 'ห้อง', '104', 'ห้อง', 'ริม', 'ขอโทษ', '—', 'The', 'North']",3
"['หา', 'น้อง', 'แมว', 'ภาพ', 'บ', 'หาย', 'บริเวณ', 'บ้าน', 'หน้า', 'ร้าน', 'subscribe', 'พบเห็น', 'ติดต่อ', 'เบอร์', '0971', '234303', 'ขอบคุณ', 'หาย', 'วาน', 'คาด', 'น้อง', 'เที่ยว', 'เตร่']",0
"['หา', 'นาฬิกา', 'casio', 'หาย', 'ตึก', '98', 'ชั้น', '2', 'สนาม', 'แบตวัน', 'อังคาร', 'เย็น', '5', 'โมง']",0
"['อนุญาต', 'บ้าน', 'เช่า', 'ปล่อย', 'เช่า', '2', 'ชั้น', 'หมู่', 'บ้านศิริลักษณ์', 'ร้าน', 'อาหาร', '23', 'ห้อง', 'นอน', '2', 'ห้องน้ำ', 'บ้าน', 'ห้อง', 'เติม', 'ระเบียง', 'ครัว', 'มอเตอร์ไซค์', 'เวฟ', '1', 'คัน', 'สำหรับ', 'น้อง', 'ศึกษา', '68', 'คน', 'เช่า', 'ล่วงหน้า', '1', 'เดือน', '12000', 'บาท', 'ประกัน', 'เสียหาย', '20000', 'บาท', 'จ่าย', '32000', 'บาท', 'สนใจ', 'ติดต่อ', '0994141890', 'พี่ลูกหว้า']",1
"['อนุญาต', 'สอบถาม', 'ทำ', 'สูญหาย', 'มสามารถ', 'คืน', 'เหรอ', 'คาด', 'ลืม', 'ตึก', 'สถาปัตย์', 'วาน']",3
"['เรื่อง', 'สอบถาม', 'นิดนึง', '1', 'ม', 'ร้าน', 'แว่น', 'ไหม', 'อะไหล่', 'แว่น', 'น็อต', 'แว่น', 'หลุด', 'หาย', '2', 'ร้าน', 'แว่น', 'ม', 'ไหม']",3
"['ทำ', 'บัตร', 'ศึกษา', 'หาย', 'บัตร', 'แถว', 'ตู้', 'ATM', 'ธนาคารกรุงเทพ', 'ชื่อ', 'เบญญาภา', 'ใจกว้าง', 'เจอ', 'ทัก', 'ขอบคุณ']",0
"['ทำ', 'เงินหาย', 'เจอ', 'บริเวณ', 'ม', 'เงิน', 'จำนวน', 'ติดต่อ']",0
"['สถานการณ์', 'อาจารย์', 'สอบ', 'แก้', 'มหาลัย', 'คน', 'สมควร', 'สมควร', 'เนื่อง', 'ตอน', 'ติดi', 'วิชา', 'นึง', 'อาจารย์', 'ต้องการ', 'สอบ', 'แก้', 'มอ', 'คน', '67', 'คน', 'สอบ', 'ตึก', 'สอบ', 'หน้าตึก', 'พื้นที่', 'โล่ง', 'ลด', 'ติด', 'เชื้อ', 'สมควร', 'หรอ', 'ปล', 'อาจารย์', 'สอบ', 'ออนไลน์', 'อาจารย์', 'แจ้ง', 'ลอก', 'ลอก', 'ต้องการ', 'สอบ', 'มอ', 'ปล', '2', 'งาน', 'คะแนน', 'แยก', 'คะแนน', 'เพาเวอร์', 'พ้อย', 'เอาเปรียบ', 'คน', 'คะแนน', '10', 'คะแนน', 'เฉียด', 'ฉิว']",3
"['ร้าน', 'ทำ', 'กุญแจ', 'ซอยวงศ์', 'สว่าง', '11', 'ไหม', 'ผม', 'ทำ', 'กุญแจ', 'ห้อง', 'หล่น', 'หาย']",3
"['โทรศัพท์', 'หล่น', 'หาย', 'รบกวน', 'ติดต่อ', 'รับคืน', 'สำนักงานรุ่งนภาแมนชั่น', 'โทร', '0625093172']",0
"['ต้องการ', 'ทำ', 'เรื่อง', 'ลา', 'ทำ', 'ที่ม', 'ระบบ', 'ออนไลน์', 'ตอน', 'ขอบคุณ']",3
"['แมว', 'หาย', 'ไหม', 'น้องแมว', 'สี', 'ส้ม', 'ตาย', 'บ้าน', 'รู้', 'ทัก', 'น้ะ', 'เจ้าของ', 'น้อง']",0
"['หา', 'แมว', 'ชื่อ', 'วูสเตอร์', 'อายุ', '5', 'เดือน', 'กรง', 'หลุด', 'หาย', 'ตอน', 'พิกัด', 'ป่า', 'หออารียา', 'เจอ', 'แจ้ง', 'ต้า', 'เป็นห่วง', 'แมวกลัว', 'คน', 'แปลกหน้า', '0951459697']",0
"['รีวิว', 'อาจารย์', 'คน', 'คอมโปรวทอ']",3
"['พบเห็น', 'หู', 'ฟัง', 'airpod', 'gen', '2', 'ซ้าย', 'ไหม', 'หาย', 'ตอน', 'บ่าย', '1', 'พย', 'บริเวณ', 'ตึก', '81', 'เดิน', 'มอ', 'รู้', 'ตัว', 'หาย']",0
"['เก็บบัตร', 'mrt', 'สี', 'ชมพู', 'ไหม', 'ทำ', 'หาย', 'บริเวณ', 'มอ', 'คณะวิศวะ']",0
"['เตือน', 'ภัย', 'มอ', 'โจร', 'ขโมย', 'อาทิตย์', '25', 'กันยายน', 'เวลา', '2300', 'บุคคล', 'ภาพ', 'อายุ', 'วัย', 'กลาง', 'คน', 'ขโมย', 'รองเท้า', 'ชั้น', 'วาง', 'หอ', 'พัก', 'บ้าน', 'ประพันธ์พัฒน์', 'หอ', 'รอง', 'เท้า', 'วาง', 'ชั้น', 'ห้อง', 'ฝาก', 'เตือน', 'คน', 'ล็อค', 'ห้อง', 'ดี', 'โจร', 'เบาะแส', 'พบเห็น', 'เสียหาย', 'แจ้ง', 'สน', 'ประชาชื่น', '11']",3
"['เบสโดน', 'ขโมย', 'รุ่น', 'สี', 'ขาว', 'ตำหนิ', 'ลูกบิด', 'สาย', '5', 'ก้านลูกบิก', 'งอ', 'หาย', 'ห้อง', 'พัก', 'เสรีนนท์', '2815', 'ซอยวงศ์สว่าง', '13', 'เขต', 'บางซื่อ', 'โดน', 'ปล่อย', 'รบกวน', 'หาที', 'ติดต่อ', '0623647618', 'ตอน', 'ช่วยเหลือ', 'เจ้าของ', 'หอ']",0
"['โทรศัพท์', 'ผม', 'ปัญหา', 'ข้อมูล', 'ผม', 'หาย', 'เมล', 'มอ', 'เชื่อม', 'แอปนี้', 'ก้', 'เชื่อม', 'ผม', 'ทำ']",3
"['ฝาก', 'คน', 'รู้จัก', 'นศเบญจา', 'ทำ', 'กระเป๋า', 'ตัง', 'หล่น', 'หาย', 'ผม', 'ฝาก', 'ประชาสัมพันธ์', 'ศูนย์บริการ', 'ศึกษา', 'โรง', 'อาหาร']",0
"['สั่ง', 'หนังสือ', 'อังกฤษ', 'หมายเลข', 'ติดตาม', 'พัสดุ', 'โอน', 'หาย', 'เงียบ', 'อาทิตย์']",3
"['บัตร', 'ประชาชน', 'หาย', 'ทราบ', 'แหล่ง', 'ทำ', 'ไหม']",3
"['เจอ', 'กุญแจ', 'รถ', 'มาสด้า', 'กุญแจ', 'หอ', 'สี', 'เหลือง', 'ติด', 'หาย', 'เวลา', '2130', '2210', 'บริเวณ', 'หาย', 'หอเคิฟเซเว่น', '3', 'แยก', 'เจอ', 'รบกวน', 'ib', 'ขอบคุณ']",0
"['ทำ', 'กุญแจ', 'หาย', 'บริเวณ', 'สวนปาล์ม', 'ติดต่อ']",0
"['ทำ', 'หล่น', 'หาย', 'คับ', 'เจอ', 'ลาน', 'จอด', 'รถ', 'มอไซต์']",0
"['บัตร', 'นศ', 'ตก', '3', 'แยก', 'สิรินปาร์ค', '3', 'น้อง', 'คน', 'ทำ', 'บัตร', 'หาย', 'ติดต่อ', 'พี่']",0
"['อนุญาต', 'น้องแมว', 'หาย', 'ชื่อ', '”', 'จิ๊กโก๋', '”', 'อายุ', '5', 'เดือน', 'พันธุ์', 'ขาว', 'มณี', 'ตัว', 'สี', 'ขาว', 'ลาย', 'น้ำตาล', 'หัว', 'ตา', 'สี', 'เพศ', 'น้อง', 'หาย', 'ห้อง', 'คาด', '1', 'ทุ่ม', 'ครึ่ง', '190364', 'ระแวก', 'หอRS', 'น้อง', 'ใส่', 'ปลอก', 'คอ', 'ใส่', 'พบเห็น', 'รบกวน', 'ติดต่อ', 'เบอร์', '0943456730', 'แพร', 'ทักเฟส', 'ฝาก', 'BossBoso', 'Apisak']",0
"['Sound', 'peace', 'h', '1', 'ซ้าย', 'หาย', 'สถานที่', 'มอ', 'เจอ', 'รบกวน', 'ทัก', 'ขอบคุณ']",0
"['สอบถาม', 'ตอน', 'ผม', 'ติด', 'ละที', 'อาจารยแก้', 'เว็บ', 'เรียน', 'สภาพ', 'ปกติ']",3
"['กระเป๋า', 'สตางค์', 'หล่น', 'หาย', 'ค้าบ', 'บัตร', 'ประชาชน', 'พูล', 'ศึกษา', 'ใบ', 'ขับขี่', 'บัตร', 'atm', 'ใบ', 'หนี้สิน', 'กระเป๋า', 'หนัง', 'สี', 'น้ำตาล', 'ฮะ', 'ตัว', 'กระเป๋า', 'แนว', 'รูปแบบ', 'รูปฮะ', 'เยิน', 'รบกวน', 'พบเห็น', 'ติดต่อ', 'เฟส', '0804237373', 'ภูมิ', 'ค้าบ', 'รบกวน', 'ฮะ', 'ชัวร์', 'หล่น', 'แถว', 'โรง', 'อาหาร', 'ลาน', 'จอด', 'มอไซต์', 'บริเวณ', 'สะพาน', 'เขียว', 'ฮะ', 'ขอบคุณ']",0
"['สอบถาม', 'เรียน', 'com', 'sci', 'ทราบ', 'เรียน', 'เสาร์', 'อาทิตย์', 'เทอม', 'ผม', 'รู้', 'ตัดสินใจ', 'ขอบคุณ']",3
"['สอบถาม', 'ดรอปเทอม', 'เทอม', 'เหมือน', 'เดิม', 'ดำเนิน', 'ไหร่', 'ทราบ', 'เทอม', 'หน้า']",3
"['ทำ', 'ปากกา', 'ipad', 'gen', '2', 'ตก', 'หาย', 'บริเวณ', 'จอด', 'รถ', 'มอไซต์', 'ตึก', 'วิศวะ', 'ตึก', '72', 'ห้อง', '405', 'ใด', 'พบเห็น', 'โปรด', 'กราบ', 'บบบ', 'เดือน']",0
"['สอบถาม', 'จบ', 'ปี', '4', 'ปี', 'ปริญญา', 'ทำ', 'เรื่อง', 'สำเร็จ', 'ศึกษา', 'ปี', '6', 'ตกค้าง', 'ดำเนินการ', 'รู้สึก', 'โควิด', 'เดิน', 'เรื่อง', 'ออนไลน์']",3
"['เงิน', 'เพื่อน', 'หาย', 'จำนวณ', 'จำนวณ', 'รำรง', 'ชีวิต', 'เดือน', 'เต็ม', 'บริเวณ', 'หอพักเพชร', 'สว่าง', 'หน้า', 'ปาก', 'ซอย', 'พบเห็น', 'อินบร็อค', 'หาย', 'เมือคืน', '2', '4', 'ทุ่ม', 'โทร', 'เบอร์', '0956', '603283', 'รางวัล', 'คืน']",0
"['หา', 'แมว', 'หาย', 'น้อง', 'ชื่อ', 'ฮาเลย์', 'ขี้', 'กลัว', 'ขี้', 'ตกใจ', 'พิกัด', 'หาย', 'หมู่', 'บ้านศิรินปาร์ค', '2', 'ตอน', 'หาย', 'ใส่', 'ปลอก', 'คอ', 'เจอ', 'รบกวน', 'ติดต่อ']",0
"['เจอ', 'หู', 'ฟัง', 'airpod', 'gen', '2', 'ซ้าย', 'หาย', 'มืด', 'คืน', '31', 'ธันวาคม', 'โลเคชั่น', 'เจอ', 'find', 'หอ', 'เรือน', 'ไม้', 'น้ำ', 'เจอ', 'รบกวน', 'ติดต่อ']",0
"['ปรึกษา', 'คน', 'รู้', 'เส้นทาง', 'เรียน', 'เดินทาง', 'บ้าน', 'มอ', 'เขต', 'ทุ่งครุ', 'สมุทรปราการ', 'หา', 'วิธี', 'เดินทาง', 'เรียน', 'แนะนำ', 'เรื่อง', 'BTS', 'วิธี', 'ใช้จ่าย']",3
"['กระเป๋า', 'หายหน้า', 'หอok', 'ร้าน', 'กาแฟ', 'ลุงเปี๊ยก']",0
"['ทำ', 'บัตร', 'ศึกษา', 'หาย', 'ตอน', '1242', 'ลืม', 'หยิบ', 'ตู้', 'บ', 'พิกัด', 'ตึก', 'วิทยาศาสตร์', 'ประยุกต์', '78', '¶', '∆', '¶']",0
"['เจอ', 'กุญแจ', 'ห้อง', 'ตก', 'ตก', 'สะพาน', 'สะพาน', 'วัดน้อย', 'หาย', 'ติดต่อ']",0
"['บัตร', 'หอ', 'ตก', 'หาย', 'u', 'life', 'ติดต่อ', 'ร้าน', 'กาแฟ', 'หน้า', 'หอ', 'พัก', 'ชาย', 'สมาร์ท', 'ติดต่อ', 'ผม']",0
"['อนุญาต', 'แอดมิน', 'งับ', 'มีatk', 'นัด', 'ม', 'เทส', '37', '฿', 'สอบถาม', 'สั่ง', 'ซื้อ', 'ทักib', 'ณัฐพล', 'สายเสม', 'งับ']",1
"['หาย', 'ติดต่อ', 'ผม']",0
"['ขปล่อย', 'สัญญา', '220166', 'สัญญา', '1', 'ปี', 'เช่า', '5900', 'บาท', 'เดือน', 'กลาง', 'ไฟ', 'ไฟฟ้า', 'น้ำ', 'จอด', 'รถ', '1', 'คัน', 'จอด', 'รถ', 'ยนต์', '300', 'บาท', 'เดือน', 'มอเตอร์ไซค์', '50', 'บาท', 'เดือน', 'ขนาด', 'ห้อง', '23', 'ตรม', 'ชั้น', '7', 'ตึก', 'A', 'ห้อง', 'วิว', 'โล่ง', '1', 'ห้อง', 'นอน', '1', 'ห้องน้ำ', 'แอร์', '1', 'ทีวี', 'ตู้', 'เย็น', 'ตู้', 'เสื้อผ้า', 'โซฟา', 'เตียง', 'นอน', 'พื้นที่', 'กลาง', 'อำนวย', 'สะดวก', 'สระ', 'ว่าย', 'น้ำ', 'ฟิตเนส', 'สวน', 'พักผ่อน', 'สนามบาส', 'ห้อง', 'สัน', 'ทนาการ', 'เด็ก', 'ห้อง', 'สมุด', 'รปภ', '24', 'ชั่วโมง', 'จอด', 'รถ', 'ระบบ', 'คีย์การ์ด', 'กล้อง', 'วงจรปิด', 'ร้าน', 'สะดวก', 'ซื้อ', '711', 'เครื่อง', 'ซัก', 'ผ้า', 'ตู้', 'กด', 'น้ำ', 'หยอด', 'เหรียญ', 'รถ', 'ตู้', 'หน้า', 'พระจอมเกล้าพระนครเหนือ', 'สถานที่', 'ใกล้เคียง', 'บิ๊กซีติวานนท์', 'ออนติวานนท์', 'สุกี้', 'ตี๋', 'รถ', 'ไฟฟ้า', 'สาย', 'สี', 'ม่วง', 'สถานีแยกติวานนท์', 'เงื่อนไข', 'เช่า', 'เช่า', '5900', 'บเดือน', 'ประกัน', '2', 'เดือน', 'สัญญา', 'คืน', 'ล่วงหน้า', '1', 'เดือน', 'สัญญา', '1', 'ปี', 'ติดต่อ', 'ดู', 'ห้อง', 'เบอร์', '0945497774', 'visawapor', '28', 'INBOX']",1
"['หอ', 'พักซัลชา', 'ขาย', 'สัญญา', 'หอ', 'สัญญา', '1', 'ปี', '4', 'เดือน', 'สัญญา', '12500', 'บาท', 'รอง', 'ล่วงหน้า', '1', 'เดือน', 'เดือน', 'สุดท้าย', 'สัญญา', 'เงิน', 'คืน', '10000', 'บาท', 'คีย์', 'การ์ด', 'กุญแจ', '2', 'ชุด', 'อัตรา', 'ห้อง', 'พัก', 'เดือน', '5500', 'บาท', 'เดือน', 'กลาง', 'ฟรีอินเตอร์เน็ต', 'ห้อง', 'เฟอร์นิเจอร์บิ้วท์อิน', 'ตู้', 'เสื้อผ้า', 'เตียง', 'โต๊ะ', 'ทำ', 'งาน', 'เครื่อง', 'อาการ', 'เครื่อง', 'ทำ', 'น้ำ', 'อุ่น', 'ไฟ', 'หน่วย', '8', 'บาท', 'น้ำ', 'หน่วย', '18', 'บาท', 'สนใจ', 'ติดต่อ', '0863488684', 'ทัก', 'ติดต่อ', 'สอบถาม', 'รายละเอียด']",1
"['สำหรับ', 'คน', 'หา', 'ห้อง', 'ราคา', 'ประหยัด', 'แอร์', 'อินเตอร์เน็ต', 'แรง', 'ฟรี', 'เช่า', '3500', 'บาท', 'น้ำ', 'จ่าย', 'ไฟ', '8', 'บาท', 'หน่วย', 'บ้านสะอาด', 'ปลอด', 'ภัย', 'คน', 'บ้าน', 'วุ่นวาย', 'สนใจ', 'ติดต่อ', '0925849171', 'facebook', 'เดิน', 'หมู่', 'บ้าน']",1
"['แนะนำ', 'หอ', 'พัก', 'ราคา', '4500', 'สิรีนปาร์ค', '2', 'ไฟ', 'หน่วย', '7', 'บาท', 'น้ำ', 'หน่วย', '17', 'บาท', 'ประกัน', '4500', 'ห้อง', 'ล่วงหน้า', '1', 'เดือน', 'ห่าง', 'ประตู', 'มอ', '500', 'เมตร', 'สอบถาม', 'รายละเอียด', '0897405665', 'คุณหลี', 'ทักib']",1
"['ร้าน', 'ฝาก', 'ร้าน', 'ร้าน', 'ปัง', 'ปิ้ง', 'ขนม', 'ปัง', 'ปิ้ง', 'ราคา', '2', 'แผ่น', '20', 'บาท', 'เนย', 'นม', 'เนย', 'น้ำตาล', 'เนย', 'นม', 'น้ำตาล', 'แยมสตอเบอร์รี่', 'สังขยา', 'คัสตาร์ด', 'วานิลา', 'ราคา', '2', 'แผ่น', '25', 'บาท', 'เนยนมไมโล', 'เนยนมโกโก้', 'เนย', 'นมhoney', 'stars', 'ราคา', '2', 'แผ่น', '30', 'นูเทลล่า', 'โอวัลตินครั้นช์', 'ซอยวงศ์', 'สว่าง', '11', 'ต่ำ', '40', 'บาท', 'ต่ำ', '40', 'คิดค่า', '10', 'บาท']",1
"['ขาย', 'สัญญา', 'หอ', 'พัก', 'บ้าน', 'ร่มเย็น', 'สุข', '9000', 'บาท', 'ปกติ', '10000', 'ซอย', '171', 'ติด', 'ซอย', '19', 'มหาลัย', 'รถ', 'พี่วิน', 'เต็ม', 'หน้า', 'ซอย', '19', 'พี่', 'วิน', '20', 'บาท', 'ม', 'โพสขาย', 'ล่วงหน้า', 'ผม', 'หอ', '18', 'พฤศจิกายน', 'สนใจ', 'inbox', 'หอ', 'เดือน', '5000', 'บาท']",1
"['ขาย', 'สัญญา', 'หอ', 'พัก', 'W', 'place', 'MRT', 'แยกติวานนท์', 'ราคา', '4000', 'บาท', 'ลด', '3500', 'บาท', 'สัญญา', '6', 'เดือน', '5', 'ธันวาคม', '2565', 'เช่า', 'เดือน', '4000', 'บาท', 'ไฟ', 'หน่วย', '8', 'บาท', 'น้ำ', 'หน่วย', '18', 'บาท', 'ต่ำ', '100', 'บาท', 'ห้อง', 'ชั้น', '3', 'ริม', 'ฟิสเนต', '24', 'ชั่วโมง', 'เตียง', '5', 'ฟุต', 'โต๊ะ', 'เตียง', '2', 'โต๊ะ', 'ทำ', 'งาน', '1', 'เก้าอี้', '1', 'โต๊ะ', 'กิน', 'ข้าว', '1', 'เก้าอี้', '2', 'ตู้', 'เสื้อผ้า', 'ขนาด', '1', 'แอร์', 'เครื่อง', 'ทำ', 'น้ำ', 'อุ่น', 'รปภ', '24', 'ชั่วโมง', 'คีย์การ์ด', 'ร้าน', 'ซัก', 'รีด', 'ร้าน', 'ขาย', 'ชำ', 'เครื่อง', 'ซัก', 'ผ้า', 'หยอด', 'เหรีญ', 'ตู้', 'กด', 'น้ำ', 'หยอด', 'เหรียญ', 'สนใจ', 'ทัก', 'สอบถาม', 'ต่อรอง']",1
"['หอ', 'พัก', 'หญิง', 'บ้าน', 'ตั้งใจ', 'รายละเอียด', 'ใช้จ่าย', 'สัญญา', 'ประกัน', 'ห้อง', '10000', 'บาท', 'ห้อง', 'เดือน', '5200', 'บาท', '15200', 'บาท', 'สัญญา', '1', 'ปี', 'รายละเอียด', 'ห้อง', 'ห้อง', 'เดือน', '5', '200', 'บาท', 'น้ำ', '8', 'บาท', 'ต่ำ', '50', 'บาท', 'เดือน', 'ไฟ', '18', 'บาท', 'กลาง', 'กุญแจ', 'พร้อมคีย์การ์ด', '1', 'ชุด', 'ฟรี', 'FREE', 'WIFI', 'เครื่อง', 'ไฟฟ้า', 'เฟอร์นิเจอร์', 'ห้อง', 'แอร์', 'ตู้', 'เสื้อผ้า', 'เครื่อง', 'ทำ', 'น้ำ', 'อุ่น', 'เตียง', '5', 'ฟุต', 'โต๊ะ', '1', 'ตัว', 'เก้าอี้', '2', 'ตัว', 'ระเบียง', 'ราว', 'ตาก', 'ผ้า', 'เครื่อง', 'ซัก', 'ผ้า', 'หยอด', 'เหรียญ', 'หอ', 'พัก', 'ติดเซ', 'เว่น', 'หา', 'กิน', 'สนใจ', 'ib', 'สอบถาม', 'ทักไลน์', 'หา', 'พี่พลอย', '0945195646']",1
"['ขาย', 'สัญญา', 'หอ', 'Ulife', 'Apartment', 'ราคา', '10000', 'บาท', 'ห้อง', 'เดือน', '5000', 'บาท', 'ห้อง', 'เครื่อง', 'ทำ', 'น้ำ', 'อุ่น', 'ตู้', 'เย็น', 'ทีวี', 'ไฟ', 'หน่วย', '75', 'บาท', 'น้ำ', 'หน่วย', '18', 'บาท', 'ปอง', 'ศาลา', 'อ่าน', 'หนังสือ', 'ตู้', 'กด', 'น้ำ', 'ตู้', 'เซเว่น', 'ซอย', '1911', 'ระบบ', 'รักษา', 'ปลอด', 'ภัย', '24', 'ชั่วโมง', 'ระบบ', 'คีย์การ์ด', 'ห้อง', 'หอ', 'ขนาด', 'เตียง', '5', 'ฟุต', 'ระเบียง', 'ห้อง', 'เดือน', 'สิงหาคม', 'สนใจ', 'ทัก', 'สอบถาม', 'รายละเอียด']",1
"['ขาย', 'สัญญา', 'หอ', 'atom', 'place', 'สัญญา', 'ห้อง', 'เดือน', 'สุดท้าย', 'จ่าย', '15000', 'บาท', 'สัญญา', 'เดิม', '16000', 'บาท', 'คืน', '10000', 'บาท', 'เดือน', 'ธันวาคม', 'ห้อง', '26', 'ตรม', 'ชั้น', '4', 'วิว', 'หน้า', 'ห้อง', 'เดือน', '6000', 'บาท', 'น้ำหน่วย', '18', 'บาท', 'ไฟ', 'หน่วย', '8', 'บาท', 'เฟอร์นิเจอร์บิ้วท์', 'อิน', 'ตู้', 'เย็น', 'ทีวี', '42', 'นิ้ว', 'ลิฟต์', 'เครื่อง', 'ทำ', 'น้ำ', 'อุ่น', 'นอน', '6', 'ฟุต', 'นอน', 'internet', 'wifi', '4', 'user', 'ฟรี', 'เครื่อง', 'ทำ', 'อุ่น', 'ห้องน้ำ', 'แยก', 'โซน', 'เปียก', 'แห้ง', 'ปลั้ก', 'ห้อง', 'ลิฟต์', 'ประตู', 'เข้าหอคีย์การ์ด', 'กุญแจ', '2', 'ดอก', '2', 'ใบ', 'เงิน', 'ตู้', 'ซัก', 'ผ้า', 'หยอด', 'เหรียญ', 'ตู้', 'กด', 'น้ำ', 'ชั้น', '6', 'กลาง', 'นั่ง', 'อ่าน', 'หนังสือ', 'ติด', 'ซุ่มคาเฟ', 'สะดวก', 'เวลา', 'อ่าน', 'หนังสือ', '711', 'เลี้ยง', 'แมว', 'สนใจ', 'ห้อง', 'inbox']",1
"['อนุญาต', 'แอดมิน', 'โปรแรง', 'ล้าง', 'รถ', 'คัน', '80', 'บาท', 'รุ่น', 'cc', 'เดือน', 'พฤษภาคม', '2565', 'ล้าง', '10', 'ฟรี', '1', 'พิกัด', 'ซอยวงศ์สว่าง', '11']",1
"['ขาย', 'สัญญา', 'หอ', 'THE', 'CURVE', 'ชั้น', '4', 'เฟอร์นิเจอบิ้ว', 'อินครบ', 'ระเบียง', 'เตียง', '5', 'ฟุต', 'น้ำ', 'อุ่นแอร์', 'โต๊ะ', '2', 'ตัว', 'ตู้', 'เสื้อผ้า', 'ผ้า', 'ปู', 'ปลอก', 'หมอน', '1', 'ชุด', 'ไฟ', '8', 'บาท', 'น้ำ', '20', 'บาท', 'ขาย', '10000', 'บาท', 'เดือน', '5500']",1
"['ขาย', 'สัญญา', 'หอ', 'พัก', 'ศึกษา', 'หญิง', '11000', 'บาท', '5', 'กันยายน', 'ชั้น', '4', 'หอ', 'พักปิ่นสุข', 'หอ', 'หญิง', 'หอ', 'ติด', 'มจพ', 'คะเดิน', 'เรียน', 'จ่าย', 'วินมอไซ์', 'สำหรับ', 'หอ', 'หญิง', 'หอ', 'พัก', 'เงียบ', 'สงบ', 'ปลอด', 'ภัย', 'มีคีย์การ์ด', 'แม่บ้าน', 'รักษา', 'เรียบร้อย', 'อำนวย', 'สะดวก', 'ห้อง', 'แอร์', '1', 'ตัว', 'โต๊ะ', 'ทำ', 'งาน', 'เก้าอี้', 'เตียง', '5', 'ฟุต', 'ตู้', 'เสื้อผ้า', 'ฟรี', 'ไวไฟ', 'ห้อง', '4000', 'เดือน', 'ไฟฟ้า', '8', 'บาท', 'น้ำ', '18', 'บาท', 'วินมอไซต์', 'หน้า', 'หอ', 'เครื่อง', 'ซัก', 'ผ้า', 'บริการ', 'ชั้น', 'ล่าง', 'ห้อง', 'แอร์', 'เฟอร์นิเจอร์', 'กลาง', 'เปอร์เซ็นต์', 'สนใจ', 'ติดต่อ', 'สอบถาม', '0955', '432206', '0963312683', 'เครดิต', 'ภาพ', 'เจ้าของ', 'หอ']",1
"['ขาย', 'สัญญา', 'เช่า', 'ด่วน', 'ขาย', 'สัญญา', '18000', 'บาท', 'ล่วงหน้า', '1', 'เดือน', 'ประกัน', '2', 'เดือน', 'ราคา', 'เช่า', '6000', 'เดือน', 'เครื่อง', 'ไฟฟ้า', 'ทีวี', 'ตู้', 'เย็น', 'ตู้', 'เย็น', '2', 'ประตู', 'รูป', 'แอร์', 'เครื่อง', 'ซัก', 'ผ้า', 'ห้อง', '1', 'ห้อง', 'นอน', '1', 'ห้องน้ำ', 'แยกโซน', 'ชัดเจน', 'ห้อง', 'ฝั่ง', 'แม่น้ำเจ้าพระยา', 'ชั้น', '17', 'วิว', 'สวย', 'รายละเอียด', 'สอบถาม', 'ตัว', 'มหาวิทยาลัยเทคโนโลยีพระจอมเกล้าพระนครเหนือ', 'ID', 'sicewonderful', '0962216008']",1
"['ขาย', 'ชุด', 'set', 'สี', 'ขาว', 'ขา', 'จอ', 'ขา', 'วาง', 'notebook', 'รูป', 'ขวา', '1300', 'บาท', 'ขาย', 'ขา', 'ตั้งจอ', 'สี', 'ดำ', '700', 'บาท', 'ขาย', 'จอ', 'samsung', 'Odyssey', 'G', '3', '24', 'นิ้ว', '144', 'Hz', 'IPS', '3000', 'บาท', 'ประกัน', 'JIB', 'ทัก', 'ลายละเอียด', 'ตอบ', 'ไว', 'นัด', 'แถว', 'มจพ', 'ขาย']",1
"['หอ', 'พัก', 'บ้าน', 'ร่มเย็น', 'ว่าง', 'ขนาด', 'ห้อง', '25', 'ตรม', 'เดือน', '5000', 'บาท', 'ไฟ', '5', 'บาท', 'ยูนิต', 'น้ำ', '16', 'บาท', 'ยูนิต', 'กลาง', '150', 'เดือน', 'ห้อง', 'ซอยวงศ์', 'สว่าง', '171', 'เบอร์โทร', 'ติดต่อ', '08958', '45558', 'สนใจ']",1
"['ขาย', 'บัตร', 'พี่เสกพน', '220', 'บาท', 'คับบ', 'สนใจ', 'DM', 'ย', 'โดน', 'เพื่อน', 'บิด', 'นัด']",1
"['ขาย', '550', 'บาท', 'ซื้อ', '700', 'บาท', 'ขาย', 'แม่', 'ซื้อ', 'เหมือน', 'นัด', 'มได้']",1
"['อนุญาต', 'ขาย', 'ตู้', 'เย็น', 'Midea', '17', 'q', '1000', 'บาท', 'เครื่อง', 'ซัก', 'ผ้า', '4', 'kg', '200', 'บาท', 'หอดุษฎีมาศ', '2', 'บ']",1
"['ตู้', 'เย็น', '52', 'คิว', 'ว่าง', 'เช่า', 'เดือน', '300', 'บาท', 'สนใจ', 'inbox', 'สอบถาม']",1
"['ขาย', 'สัญญา', 'หอเบส', 'ห้อง', 'ชั้น', '1', 'ห้อง', 'เดือน', '5900', 'บาท', 'มัด', '17500', 'บาท', 'ผม', 'ลด', '11000', 'บาท', 'ย้าย', 'เงิน', 'ประกัน', 'คืน', 'ตอน', 'สัญญา', 'เดือน', 'สุดท้าย', 'ฟรี', 'ไฟ', 'หน่วย', '8', 'บาท', 'น้ำเหมา', '100', 'บาท', 'สระ', 'ว่าย', 'น้ำ', 'ตัว', 'หอ', 'ร้าน', 'ซัก', 'รีด', 'หอ', 'อำนวย', 'รูปแบบ', 'หอ', 'ปลอด', 'ภัย', 'ยาม', 'เฝ้า', 'ระบบ', 'สแกน', 'หน้า', 'เดิน', 'มอ', 'ขยัน', 'ขี้', 'เกียจ', 'นั่ง']",1
"['ขาย', 'สัญญา', 'หอเบส', 'ห้อง', 'ชั้น', '1', 'ห้อง', 'เดือน', '5900', 'บาท', 'มัด', '17500', 'บาท', 'ผม', 'ลด', '11000', 'บาท', 'ย้าย', 'เงิน', 'ประกัน', 'คืน', 'ตอน', 'สัญญา', 'เดือน', 'สุดท้าย', 'ฟรี', 'ไฟ', 'หน่วย', '8', 'บาท', 'น้ำเหมา', '100', 'บาท', 'สระ', 'ว่าย', 'น้ำ', 'ตัว', 'หอ', 'ร้าน', 'ซัก', 'รีด', 'หอ', 'อำนวย', 'รูปแบบ', 'หอ', 'ปลอด', 'ภัย', 'ยาม', 'เฝ้า', 'ระบบ', 'สแกน', 'หน้า', 'เดิน', 'มอ', 'ขยัน', 'ขี้', 'เกียจ', 'นั่ง']",1
"['ขายหมัด', 'พัก', 'ชั้น', '4', '6000', 'บาท', '1', 'กันยายน', 'อินบล็อก', 'ทัก', 'ถาม']",1
"['ขาย', 'สัญญา', 'หอ', 'สัญญา', '10900', 'เดือน', '5800', '16900', 'ตอน', 'สัญญา', 'คืน', '10900', 'สัญญา', 'มิถุนายน', '2566', 'ห้อง', 'เดือน', '5800', 'น้ำ', 'หน่วย', '20', '฿', 'ไฟ', 'หน่วย', '8', '฿', 'ตู้', 'เย็น', 'เครื่อง', 'ทำ', 'น้ำ', 'อุ่น', 'แอร์', 'ชั้น', '5', 'ตึก', '1']",1
"['ขาย', 'สัญญา', 'หอ', 'พัก', 'Time', 'mansion', 'ต้น', 'เดือน', 'ธันวา', 'สัญญา', '10000', 'บาท', 'ห้อง', 'เดือน', '4600', 'จ่าย', 'ต้น', 'เดือน', 'ถัด', '•', 'น้ำ', '4', 'หน่วย', '100', '฿', 'หน่วย', '17', 'ไฟ', '7', 'สแกน', 'ลาย', 'นิ้ว', 'มือ', '50', 'บาท', '•', 'แอร์', 'เครื่อง', 'ทำ', 'น้ำ', 'อุ่น', 'ตู้', 'เสื้อผ้า', '3', 'ประตู', '•', 'wifi', 'ฟรี', 'ซื้อ', 'เราท์เตอร์', '1000', 'จ่าย', 'จบ', '•', 'หอ', 'ร้าน', 'ตัด', 'ผม', 'ร้าน', 'กิน', 'แถว', '•', 'ใกล้เซเว่น', 'วิน', 'มอไซด์', 'สอบถาม', 'Linerrttyy', '1234', 'Tel0612845668', 'สนใจ', 'inbox', 'ขาย', 'สัญญาหอ', 'พัก']",1
"['ขาย', 'สัญญา', 'หอ', 'พัก', 'U', 'life', 'Prime', 'เช่า', 'หอ', 'เดือน', '5900', '฿', 'สัญญา', '10000', '฿', 'ตึก', '3', 'ชั้น', '4', 'ระบบ', 'ปลอด', 'ภัย', 'ดี', 'คีย์การ์ด', 'เตียง', '35', 'ฟุต', '2', 'เตียง', 'ตู้', 'เสื้อผ้า', 'โต๊ะ', 'ชั้น', 'วาง', 'ตู้', 'เย็น', 'ซิ๊งค์', 'ล้าง', 'จาน', 'แอร์', 'เครื่อง', 'ทำ', 'น้ำ', 'อุ่น', 'จอด', 'รถ', 'ยนต์', 'จอด', 'มอไซค์', 'ฟิตเนส', 'ไฟ', '8', '฿', 'น้ำ', '17', '฿', '711', 'ล่าง', 'หอ', 'ร้าน', 'คาเฟ่', 'ทัก', 'สอบถาม', 'ดู', 'รูป']",1
"['ขาย', 'สัญญา', 'Atomplace', '16000', '฿', 'จ่าย', 'ห้อง', 'เดือน', 'สุดท้าย', 'เงิน', 'คืน', 'ตอน', '10000', '฿', 'ต้น', 'เดือน', 'ตุลาคม', 'สัญญา', 'เดือน', 'ธันวาคม', '2565', '•', 'เดือน', '6000', '฿', '•', 'ไฟ', '7', 'น้ำ', '18', '•', 'ทีวี', 'ตู้', 'เย็น', 'แอร์', 'เตียง', '6', 'ฟุต', 'เครื่อง', 'ทำ', 'น้ำ', 'อุ่น', 'ซิงค์', 'ร้าน', 'จาน', 'เครื่อง', 'ซัก', 'ผ้า', 'หอ', 'ลิฟต์', '•', 'wifi', 'ฟรี']",1
"['ขาย', 'ตู้', 'เย็น', 'Midea', 'ขนาด', '17', 'Q', 'ตำหนิ', 'ฝา', 'ช่อง', 'ทำ', 'น้ำ', 'แข็ง', 'ขอบ', 'ยาง', 'แตก', 'งาน', 'ขาย', 'ราคา', '1200', 'ซอยวงศ์', 'สว่าง', '13']",1
"['ขาย', 'สัญญา', 'หอรองเท้า', 'หน้า', 'สิรินปาร์ค', '2', 'ชั้น', '3', 'ชั้น', 'ยอด', 'ฮิต', 'วิว', 'ฝั่ง', 'หมู่', 'บ้าน', 'ย้าย', '4500', '฿', 'ตอด', 'รถ', 'ยนต์', 'มอไซ', 'ล่าง', 'หอ', 'ร้าน', 'ข้าวเยอะ', 'ใกล้เซเว่น', 'เดิน', '2', 'นาที', 'สนใจ', 'ทัก', 'รูป', 'ตอน', 'ตู้', 'เย็น', 'เช่า', 'เช่า', 'หอ', '500', '฿', 'เช่า', '300', '฿', 'สนใจ', 'ทักไลน์', 'idmean', '4499']",1
"['ขาย', 'สัญญา', 'หอ', 'Ulife', 'Apartment', 'ราคา', '10000', 'บาท', 'ห้อง', 'เดือน', '5000', 'บาท', 'ห้อง', 'เครื่อง', 'ทำ', 'น้ำ', 'อุ่น', 'ตู้', 'เย็น', 'ทีวี', 'ไฟ', 'หน่วย', '75', 'บาท', 'น้ำ', 'หน่วย', '18', 'บาท', 'ปอง', 'ศาลา', 'อ่าน', 'หนังสือ', 'ตู้', 'กด', 'น้ำ', 'ตู้', 'เซเว่น', 'ซอย', '1911', 'ระบบ', 'รักษา', 'ปลอด', 'ภัย', '24', 'ชั่วโมง', 'ระบบ', 'คีย์การ์ด', 'ห้อง', 'หอ', 'ขนาด', 'เตียง', '5', 'ฟุต', 'ระเบียง', 'ห้อง', 'เดือน', 'สิงหาคม', 'สนใจ', 'ทัก', 'สอบถาม', 'รายละเอียด']",1
"['ขาย', 'สัญญา', 'หอ', 'พักหญิง', 'AK', 'หอ', 'ประตู', 'มมา', 'กก', 'เดิน', 'นาที', 'ห้อง', 'พัก', 'สะอาด', 'เจ้าของ', 'หอใจดี', '1', 'ธค', '65', 'ขาย', '7000', 'บาท', 'สัญญา', 'พค', '66', 'เงิน', 'คืน', '8000', 'ห้อง', '4800', 'เดือน', 'น้ำ', '18', 'ไฟ', '8', 'บริการ', 'หอ', 'รักษา', 'ปลอด', 'ภัย', 'ระบบ', 'Wifi', 'เตียง', '35', 'ฟุต', 'เตียง', 'โต๊ะ', 'เก้าอี้', 'ทำ', 'งาน', 'ตู้', 'เสื้อผ้า', 'เครื่อง', 'ทำ', 'น้ำ', 'อุ่น', 'แอร์', 'ไมโครเวฟ', 'เครื่อง', 'ต้ม', 'น้ำ', 'ร้อน', 'ฟรี', 'กลาง', 'เครื่อง', 'ซัก', 'ผ้า', 'ตู้', 'กด', 'น้ำ', 'หยอด', 'เหรียญ', 'พื้นที่', 'หน้าหอ', 'นั่ง', 'ทำ', 'งาน', 'สอบถาม', 'รายละเอียด', 'น้า']",1
"['ขาย', 'สัญญา', 'หอวินเทจอินเฮ้า', 'หมู่บ้านสิรินปาร์ค', '2', 'ระเบียง', 'ห้อง', '4', 'เมตร', 'วิวดี', 'พระอาทิต', 'ตก', 'ตอน', 'เย็น', 'แสง', 'สวย', 'สาย', 'ไฟ', 'รบกวน', 'สวยตา', 'หอ', '5500', '฿', 'น้ำ', '17', 'ไฟ', '7', 'ห้อง', 'ระเบียง', 'เตียง', '6', 'ฟุต', '1', 'ตู้', 'เสื้อผ้า', 'ขนาด', '1', 'โต๊ะ', 'เครื่อง', 'แป้ง', '1', 'ตู้', 'เย็น', '1', 'เครื่อง', 'ทำ', 'น้ำ', 'อุ่น', 'ห้องน้ำ', 'แยก', 'โซน', 'เปียก', 'แห้ง', 'กล้อง', 'วงจรปิด', 'รอบ', 'อาคาร', 'จอด', 'มอเตอร์ไซค์', 'ฟรี', 'ตอด', 'รถ', 'ยนต์', '300', '฿', 'เดือน', 'เดินทาง', 'หอ', 'มหาลัย', '510', 'นาที', 'กิน', 'บริเวญ', 'หอ', 'พัก', 'ขาย', 'สัญญา', '15000', 'ผ่อน', 'ทัก', 'line', 'mean', '4499']",1
"['ขาย', 'สัญญา', 'หอ', 'ห้อง', '3500', '1', 'ห้อง', 'ห้อง', '4000', '1', 'ห้อง', 'ติด', 'มอ', 'เดิน', 'เรียน', 'ทัก', 'ดู', 'ถาม', 'ตอน', 'ตั้งใจ', 'เหตุการณ์', 'ทำ', 'ย้าย', 'จังหวัด', 'เสียดาย', 'หออรอ', 'นงค์การ์เด้น', '1', 'ห้อง', 'ชั้น', '1', 'ห้อง', 'แอร์', 'จ่าย', 'ประกัน', '1', 'เดือน', '3500', 'บาท', 'ลด', 'จ่าย', 'ประกัน', 'หอ', '1', 'เดือน', '3500', 'บาท', 'หอเดือน', 'พฤษภาคม', '3500', 'บาท', 'หอทัสคานี', '1', 'ห้อง', 'ชั้น', '1', 'ห้อง', 'แอร์', 'จ่าย', 'ประกัน', '1', 'เดือน', '4000', 'บาท', 'จ่าย', 'ประกัน', 'หอ', '1', 'เดือน', '4000', 'บาท', 'หอเดือน', 'พฤษภาคม', '4000', 'บาท', 'ติดต่อ', 'สอบถาม', 'ลด', 'จอง', 'หอ', 'ซอยวงศ์', 'สว่าง', '11', 'มอ', 'เดิน', 'มหาลัย', 'ตัว', 'เสียดาย', 'ค้อง', 'เงิน', 'จอง', 'หา', 'หอ', 'จังหวัด', 'หอ', 'ทักหา', 'ห้อง', 'หร้อม']",1
"['ขาย', 'สัญญา', 'หอ', 'พักสุนทรีย์แมนชั่น', '5000', '4000', 'ห้อง', '3700', 'น้ำ', '185', 'ไฟ', '6', 'สนใจ', 'IB']",1
"['ปล่อย', 'เช่า', 'ขาย', 'อาคาร', '3', 'ชั้น', '8', 'แขวงวงศ์สว่าง', 'เขตบางซื่อ', 'ห้อง', 'สตูดิโอ', 'ขนาด', '255', 'ตรม', 'ระเบียง', 'เฟอร์', 'เตียง', 'ตู้', 'เสื้อผ้า', '4', 'บาน', 'โต๊ะ', 'เครื่อง', 'แป้ง', 'ตู้', 'เย็น', 'เครื่อง', 'ซัก', 'ผ้า', 'พัดลม', 'ติด', 'ผนัง', 'แอร์', 'ล้าง', 'จาน', 'เช่า', 'เดือน', '4700', '฿', 'กลาง', 'น้ำ', 'จ่าย', 'นิติ', 'เดือน', '200', '฿', 'ไฟ', 'อัตรา', 'ไฟนครหลวง', 'โรงบาลเกษมราษฏร์', 'ประชาชื่น', 'MRTบาง', 'ซ่อนวงศ์', 'สว่าง', 'บิ๊กซีวงศ์สว่าง', 'ใต้คอนโด', '711', 'รปภ24', 'ชม', 'คอน', 'โด', 'ย่าน', 'ซื่อ', 'สนใจสอบถาม', '0929', '291546']",1
"['ขาย', 'ห้อง', 'ราคา', '3500', 'แอร์', 'หออรอ', 'นงค์การ์เด้น', 'หอ', 'ซอยวงศ์', 'สว่าง', '11', 'เดิน', 'เรียน', 'จอง', 'อยู่แล้ว', 'เสียดาย', 'สนใจ', 'ติดต่อ', 'สอบถาม']",1
"['หา', 'หอพัก', 'บ้างง', 'ขาย', 'สัญญา', 'อพาร์ทเมนต์ศรีสันติธรรม', 'ลด', 'ราคา', '28', 'คุ้ม', 'อยู่ซวงศ์สว่าง', '7', 'ทะลุ', 'สะพาน', 'วัดน้อยซ', '11', 'ห่าง', 'ประตู', 'มอ', '700', 'เมตร', 'อาคารศรีสันติธรรม', '2', 'อาคาร', 'ห้อง', 'ชั้น', '7', 'เช่า', '4500', '฿', 'เดือน', 'ปกติ', '13850', '฿', 'ลด', '10000', '฿', 'เดือน', 'เดือน', 'สุดท้าย', 'ฟรี', 'รายละเอียด', 'ห้อง', 'ชั้น', 'วาง', 'รองเท้า', 'เตียง', 'ขนาด', '6', 'ฟุต', 'ตู้', 'เสื้อผ้า', 'โต๊ะ', 'ทำ', 'งาน', 'ไม้', 'หินอ่อน', 'เก้าอี้', 'โคม', 'ไฟ', 'เครื่อง', 'ทำ', 'น้ำ', 'อุ่น', 'แอร์ขนาด', '13000', 'BTU', 'กั้น', 'ห้อง', 'ประตู', 'กระจก', 'บาน', 'เลื่อน', 'กั้น', 'อะลูมิเนียม', 'ตก', 'ราว', 'ตาก', 'ผ้า', 'ห้อง', 'ชั้น', 'วาง', 'ห้องน้ำ', 'น้ำ', '5', 'หน่วย', '100', '฿', 'หน่วย', '15', '฿', 'ไฟ', 'หน่วย', '5', '฿', 'กลาง', 'หน่วย', '3', '฿', 'หน่วย', 'ไฟ', 'อำนวย', 'สะดวก', 'ลิฟท์', '1', 'ตัว', 'กล้อง', 'วงจรปิด', 'ระบบ', 'รักษา', 'ปลอด', 'ภัย', 'สแกน', 'นิ้ว', '2', 'ชั้น', 'รปภ', '18000600', 'น', 'ร้าน', 'ค้า', 'มินิมาร์ท', 'เครื่อง', 'ซัก', 'ผ้า', 'หยอด', 'เหรียญ', 'ตู้', 'กด', 'น้ำ', 'อินเตอร์เน็ต', 'WifiLan', 'จอด', 'รถ', 'ยนต์', '600', '฿', 'เดือน', 'จอด', 'รถ', 'มอเตอร์ไซค์', 'ฟรี', 'เช่า', '200', '฿', 'เดือน', 'จอด', 'รถ', 'จักรยาน', 'ยนต์', 'ฟรี', 'ติดต่อ', 'สอบถาม', 'นัด', 'ดู', 'ห้อง', 'FB', 'Piimz', 'Kanokwan']",1
"['ขาย', 'สัญญา', 'เช่า', 'ศีลพิทักษ์', 'อพาร์ทเมนต์', 'ประตู', 'ม', 'เดิน', 'สัญญา', 'สิ้นสุด', '31', 'กรกฎาคม', '2566', 'ปี', 'หน้า', 'มัด', '10000', 'ราคา', 'เต็ม', '11000', 'ห้อง', '5500', 'เดือน', 'ไฟ', '5', 'น้ำ', '19', 'โต๊ะ', 'เตียง', 'ตู้', 'สนใจ', 'สอบถาม', 'นัด', 'ดู', 'ห้อง']",1
"['ขาย', 'KIN', 'HOUSE', 'สัญญา', 'ห้อง', 'เดือน', 'สุดท้าย', '13000', 'บาท', 'ตอน', 'สัญญา', 'คืน', '8000', 'บาท', 'จ่าย', 'ห้อง', 'เดือน', 'สุดท้าย', 'ห้อง', 'สไตล์', 'LOFT', 'ผนัง', 'นึง', 'สี', 'ชมพู', 'Edit', 'ระเบียง', 'ห้อง', 'หัน', 'ทิศ', 'โดน', 'แดด', 'เงา', 'ตึก', 'ห้อง', 'เดือน', '5900', '฿', 'หอ', 'ลด', 'เดือน', '1000', 'น้ำ', '8', '฿', 'ไฟ', '18', '฿', 'ต่ำ', 'กลาง', 'กุญแจ', 'คีย์การ์ด', '2', 'ชุด', 'เงิน', 'ระบบ', 'รักษา', 'ปลอด', 'ภัย', 'keycard', 'รปภหน้า', 'หอ', 'เวลา', 'กลาง', 'คืน', 'บันได', 'หนี', 'ไฟ', 'กลาง', 'หอ', 'ชั้น', 'Free', 'WIFI', '1', 'user', '4', 'เครื่อง', 'เครื่อง', 'ซัก', 'ผ้า', 'ชั้น', 'เครื่อง', 'กรอง', 'น้ำ', 'ฟรี', 'ชั้น', '1', 'จ่าย', 'เช่า', 'น้ำ', 'ขวด', 'ฟรี', '1', 'แพค', 'ที่นั่ง', 'กลาง', 'โต๊ะ', 'กิน', 'ข้าว', 'โต๊ะหน้า', 'หอ', 'โต๊ะ', 'สวน', 'โซฟา', 'เครื่อง', 'ไฟฟ้า', 'ห้อง', 'แอร์', 'เครื่อง', 'ทำ', 'น้ำ', 'อุ่น', 'ทีวี', 'LED', 'ตู้', 'เย็น', 'เฟอร์นิเจอร์', 'เตียง', '35', 'ฟุต', '2', 'เตียง', 'โซฟา', '2', 'นั่ง', 'โต๊ะ', 'หนังสือ', 'เก้าอี้', '2', 'ที่นั่ง', 'ตู้', 'เสื้อผ้า', 'บิ้ว', 'อิน', '2', 'ฝั่ง', 'อ่าง', 'ล้าง', 'จาน', 'ชั้น', 'วาง', 'ระเบียง', 'ราว', 'ตาก', 'ผ้า', 'ตัว', 'ห้องน้ำ', 'แบ่ง', 'โซน', 'เปียก', 'โซน', 'แห้ง', 'วาง', 'สำหรับ', 'อาบ', 'น้ำ', 'สนใจ', 'inbox', 'รูป', 'สอบถาม']",1
"['ขาย', 'สัญญา', 'คอนโด', 'Parkland', 'วงศ์สว่าง', 'ตรงข้าม', 'บิ๊กซีวงศ์สว่าง', 'มหาวิทยาลัยเทคโนโลยีพระจอมเกล้าพระนครเหนือ', 'ชั้น', '33', 'เดือน', '7500', 'บาท', 'ค้าบ', 'ครัว', 'ไมโครเวฟ', 'เครื่อง', 'ซัก', 'ผ้า', 'ทีวี', 'โซฟา', 'ตู้', 'เย็น', 'เครื่อง', 'ทำ', 'น้ำ', 'อุ่น', 'สระ', 'ว่าย', 'น้ำ', 'ซาวน์', 'หน้า', 'ฟิตเนส', 'ระเบียง', 'ขาย', 'สัญญา', '16900', 'ลด', 'สัญญา', 'ตุลาคม']",1
"['ขาย', 'สัญญา', 'หอ', '10000', 'คืน', '11000', 'สัญญา', 'เดือน', 'มกราคม', '2566', 'เดือน', '5500', 'ไฟ', '8', 'น้ำ', '18', 'มีทีวี', 'ตู้', 'เสื้อผ้า', 'ขนาด', 'เตียง', '6', 'ฟุต', 'แอร์', 'เครื่อง', 'ซัก', 'ผ้า', 'หอ', 'ลิฟต์', 'wifi', 'แยก', 'เราท์เตอร์', 'ห้อง', 'แรง', 'มีเซเว่น', 'หอ', 'ห้องน้ำ', 'จอด', 'รถ', 'ล็อค', 'มีคีย์การ์ด', '2', 'ใบ', 'สนใจ', 'ทัก', 'สอบถาม']",1
"['ขาย', 'สัญญา', 'หอ', 'พัก', 'mentor', 'สัญญา', 'เดือน', 'มิถุนายน', 'จอด', 'มอเตอร์ไซค์', 'หอ', 'จอด', 'รถ', 'ยนต์', 'ริม', 'คลอง']",1
"['ขาย', 'สัญญา', 'หอ', 'Ulife', 'prime', 'ห้อง', '34', 'คน', 'ห้อง', 'ริม', 'ชั้น', '6', 'ห้อง', '10500', 'บาท', 'เดือน', 'เดือน', 'ธันวาคม', 'รายละเอียด', '1', 'ประกัน', 'สัญญา', '14000', 'สัญญา', '1', 'ปี', '2', 'ห้อง', 'เดือน', 'รายละเอียด', 'หอ', 'น้ำ', '19', 'หน่วย', 'มิเตอร์', 'ไฟ', '8', 'หน่วย', 'มิเตอร์', 'จอด', 'รถ', 'ยนต์', 'ฟรี', 'จอด', 'รถ', 'มอเตอร์ไซค์', 'กลาง', 'ฟรีคีย์', 'การ์ด', '4', 'ใบ', 'ฟรีฟิตเนส', 'บริการ', 'ฟรี', 'ล้าง', 'แอร์', '6', 'เดือน', 'อำนวย', 'สะดวก', 'เครื่อง', 'ปริ้นเตอร์', 'หอ', 'พัก', 'บริการ', '24', 'ชม', 'ตู้', 'เซเว่น', 'บริการ', '24', 'ชม', 'คาเฟ่', 'เครื่อง', 'ดื่ม', 'ตึก', 'บริการ', 'คาเฟ่', 'ขาย', 'เครื่อง', 'ดื่ม', 'แอลกอฮอร์', 'ตู้', 'บริการ', 'พัสดุ', '24', 'ชม', 'สอบถาม', 'รายละเอียด', 'ทัก', 'แชท']",1
"['ขาย', 'ตู้', 'เย็น', 'Hisense', '34', 'คิว', 'งาน', 'ปกติ', 'ซื้อ', 'ปี', 'งาน', 'แช่', 'น้ำ', 'เปล่า', 'ประกัน', '3', 'ปี', 'ราคา', '2700', 'บาท', 'คน', 'ซวงศ์', 'สว่าง', '13', 'สนใจ', 'สอบถาม']",1
"['ขาย', 'สัญญา', 'บ้าน', 'เช่า', 'สิรีนพาร์ค', '2', 'สัญญา', '30', 'มิถุนายน', '2566', 'ทาว', 'เฮาส์', '2', 'ชั้น', 'เช่า', '14000', 'บาท', 'เดือน', 'เดือน', 'มิถุนายน', '2565', 'เช่า', 'ล่วงหน้า', '1', 'เดือน', 'ประกัน', '2', 'เดือน', 'ชั้น', '2', '•', '2', 'ห้อง', 'นอน', 'แอร์', 'ห้อง', '•', '1', 'ห้องน้ำ', 'ชั้น', '1', '•', '1', 'ห้องน้ำ', '•', '1', 'โถง', 'ตกแต่ง', 'มุ้ง', 'ลวด', 'เหล็ก', 'ดัด', 'หลังคา', 'หน้า', 'บ้าน', 'บ้าน', 'เตียง', 'นอน', 'เครื่อง', 'ทำ', 'น้ำ', 'อุ่น', 'ซิงค์', 'ล้าง', 'จาน', 'ติดต่อ', 'ดู', 'บ้าน', 'Nuttnisa', '0924847678']",1
"['ขาย', 'สัญญา', 'หอ', 'SPApartment', 'ราคา', '7000', 'เช่า', 'เดือน', '5500', 'ไฟฟ้า', 'ยูนิตละ', '8', 'บาท', 'น้ำ', 'ประปา', 'ลูกบาศก์', 'เมตร', '18', 'บาท', 'เตอร์', 'แยก', 'ห้อง', 'เฟอร์นิเจอร์', 'เตียง', 'ฟูก', 'นอน', 'ตู้', 'เสื้อผ้า', 'ชั้น', 'วาง', 'ทีวี', 'android', 'box', 'แอร์']",1
"['ประกาศ', 'ขาย', 'สัญญา', 'หอ', 'ST', 'Place', 'สัญญา', 'ห้อง', 'เดือน', 'สุดท้าย', 'จ่าย', '13000', 'บาท', 'ต่อรอง', 'สัญญา', 'เดิม', '16500', 'บาท', 'เดือน', 'ธันวาคม', 'ห้อง', '26', 'ตรม', 'ชั้น', '3', 'ห้อง', 'เดือน', '6500', 'บาท', 'น้ำหน่วย', '18', 'บาท', 'ไฟ', 'หน่วย', '7', 'บาท', 'เฟอร์นิเจอร์บิ้วท์', 'อิน', 'ตู้', 'เย็น', 'ทีวี', '42', 'นิ้ว', 'นอน', '6', 'ฟุต', 'นอน', 'internet', 'wifi', '4', 'user', 'ฟรี', 'ตู้', 'เสื้อผ้า', 'โซฟา', 'โต๊ะ', 'กิน', 'ข้าว', 'โต๊ะ', 'อ่าน', 'หนังสือ', 'เก้าอี้', 'นุ่ม', 'เครื่อง', 'ทำ', 'อุ่น', 'ห้องน้ำ', 'แยก', 'โซน', 'เปียก', 'แห้ง', 'ระเบียง', 'ราว', 'ตาก', 'ผ้า', 'ปลั้ก', 'ห้อง', 'ลิฟต์', 'ประตู', 'เข้าหอคีย์การ์ด', 'กุญแจ', '2', 'ดอก', '2', 'ใบ', 'เงิน', 'ตู้', 'ซัก', 'ผ้า', 'หยอด', 'เหรียญ', 'ตู้', 'กด', 'น้ำ', 'ฟิตเนส', 'ชั้น', '6', 'ล่าง', 'ร้าน', 'กาแฟ', 'ร้าน', 'อาหาร', 'ระเบียง', 'ติด', 'ฝั่ง', 'ซุ่มคาเฟ่', 'ติด', 'ซุ่มคาเฟ', 'สะดวก', 'เวลา', 'อ่าน', 'หนังสือ', '711', 'หอ', 'หน้า', 'หอ', 'วิน', 'มอเตอร์ไซต์', 'เดิน', 'เลี้ยง', 'สัตว์', 'สนใจ', 'ห้อง', 'ติดต่อ', 'FBนี้', 'เบอร์', '08505179960973567517']",1
"['ขาย', 'สัญญา', 'หออรอ', 'นงค์', 'ตึก', 'เฟอร์นิเจอร์', 'ย้าย', 'ขาย', 'สัญญา', '4000', 'บาท', 'Inbox', 'คุย', 'ราคา', 'ย้าย', 'เพื่อน']",1
"['ขาย', 'สัญญา', 'หอ', 'พัก', 'บ้าน', 'ร่มเย็น', 'สุข', '9000', 'บาท', 'ปกติ', '10000', 'ซอย', '171', 'ติด', 'ซอย', '19', 'มหาลัย', 'รถ', 'พี่วิน', 'เต็ม', 'หน้า', 'ซอย', '19', 'พี่', 'วิน', '20', 'บาท', 'ม', 'โพสขาย', 'ล่วงหน้า', 'ผม', 'หอ', '18', 'พฤศจิกายน', 'สนใจ', 'inbox', 'หอ', 'เดือน', '5000', 'บาท']",1
"['ญาต', 'ฝาก', 'ขาย', 'ตู้', 'เย็น', 'สภาพ', 'นางฟ้า', 'แช่', 'เบียร์', 'น้ำ', 'ราคา', '3200', 'บาท', 'พัดลม', 'มิสซู', '16', 'นิ้ว', '500', 'บาท', 'ขาย', 'ย้าย', 'คอนโด']",1
"['ขาย', 'สัญญาหอ', 'RS', '5000', 'บาท', 'ตึก', 'C', 'ชั้น', '3', 'ห้อง', 'แอร์', 'ห้อง', 'เดือน', '4500', 'มัด', '5000', 'สัญญา', 'คืน', 'เดือน', 'สุดท้าย', 'จ่าย', 'ห้อง', 'สัญญา', 'เดือน', 'กรกฎา', '64', 'ไฟ', '5', 'หน่วย', 'น้ำ', '25', 'หน่วย', 'ใกล้เซเว่น', '300150', 'เดือน', '421', 'บาท', 'แอร์', 'พัดลม', 'เตียง', '5', 'ฟุต', 'ตู้', 'เสื้อผ้า', 'โต๊ะ', 'เก้าอี้', 'ชั้น', 'วาง', 'ซิงค์', 'ล้าง', 'จาน', 'ตู้', 'เย็น', 'สัญญา', 'สนใจ', 'รูป', 'ทัก', 'โทร', '0922489977', 'ดู', 'ห้อง']",1
