date_time,username,user_id,text,post_type,image
2020-05-10 16:38:42,F'teen Flukey'p,100008420610299,"['อัพเดท', '01082022', 'แผนที่', 'เดิม', 'ลอง', 'ทำ', 'แผนที่', 'หอพัก', 'มจพกรุงเทพ', 'แนวทาง', 'น้อง', 'หอ', 'พัก', 'น้อง', 'คน', 'หา', 'หอ', 'พัก', 'ติดต่อ', 'หอ', 'พัก', '…', 'โหลด', 'แผนที่', 'ชัดเจน', 'ภาพ', 'แตก', 'ลิงค์']",mumu,['https://m.facebook.com/photo/view_full_size/?fbid=3087346924889298&ref_component=mbasic_photo_permalink&ref_page=%2Fwap%2Fphoto.php&refid=13&_ft_=encrypted_tracking_data.0AY_OW5KOaFyHwm14tJUq_Jmp_ZDW1WngcgXHvt2rpxWliv0jnKnuWfaoSupjrCK-dUlENRYPin0tbNaUyFXwILAqkICk0gR0aV519gEljQYGGh7lRx3dVbN-5uTGqivm0phUXTVWN0lNPHzLS3iLkTR-KwdkDQbDiCH1RvYvP5CYmjEfD8SewEOJJi7JklXuHATH7jtoLJ130_YmzXyFeTYLNfZ0GUlmhoiPS16lwQ5vlQt49_4FE55DQlo8eTaCQ4M5lLr6j_UQIFjfllrjMjRbpAy0Bo-W9ZRUYIGM4vaNt2mTyHsX4fMK7QJO4vK259wvYFw0aWz71Xr-\\-\\uo4fHGlrp31ikxEEGXKbk9qGYzYH21f8NFh849E7U226Uv55pWcI6GpZ6aQ9R2d-aX2PvcWdcgxSx_fQML_0p78GAXRXhuLUu9yw2KX2r5MX9658qQeRaBGUaiwuQ3YmsJt9Y_jgCmNr5-iErurezVU6U-gz9QO_af9IRgx-vG0_DPtjm4yvFuciO5XUzDD700aO3WjTxwjZBpc7XyNtvO0jyCbXj-PtJS1M2KCD92xNXDkSt18RwC1Y_bzeF0Fi74Hl8Rpyp4hU1nn8PsG-P2QN2wvOexYVjs2TLbulyXlt4RffWv05703iiH1F6x3ew4BATLDs2Y9oDHCGIcwEwtWmu7VuTbc5V3QNTm8rpNIQHXrOHzpVzTrkqBxGQUtdxTfFihwoW4OGiNEHxEThX7YRMq5f31PZJNn3YgJTnVZEso97fAzcgtcJ7DO_-dnHpQgwrwgRgTgvaWVS2zyxkjX5hlVeX24_bEZWzBC5Ykv7EtjZQxqlnEMD1qRqye4TJkn7VoIyfNKJT7Zm8ZKLNqMvGq3UCU9M2_5dAmHeSpi77Cn6354MLB08fDW5N3LxnP2rV_oJnlCt0e4fxk&__tn__=%2Cg']
2023-02-06 21:48:36,กฤติยาภร ณ์,100015853530652,"['สอบถาม', 'เกี่ยว', 'หอ', 'มจพ', 'รี', 'วิว', 'ฟัง']",mumu,[]
2023-02-11 18:53:39,K'maneerat Wiyasing,100008269022126,"['หา', 'ร', 'ถ', 'กระบะ', 'ขน', 'ย้าย', 'หอ', 'ซอย', '11', 'เสาร์', '25']",mumu,[]
2023-02-11 14:27:05,Wanwisa Poonprasert,100015438124566,"['หา', 'เพื่อน', 'กลุ่มไลน์']",mumu,['https://m.facebook.com/photo/view_full_size/?fbid=1515763855614871&ref_component=mbasic_photo_permalink&ref_page=%2Fwap%2Fphoto.php&refid=13&_ft_=encrypted_tracking_data.0AY9Fe22PiFewEjD1kC7I-0JJZRVXzXPS_Zllyo3z9w9B9QWg9c3Oa811MluZH6gt0AQselXJtO4SIrfFGPwhMUqyN4z3ILcQ61uFzSN_8hKaG37bQ2ibd5bRhcjOBdBrshgg3z_Ch8DBZCA3yBm__SVlx1vyZi-WDfU37oOLkqZbkdrnW1kdPFXis0TAJGS20kEKjGI2V74LXlD-8q7yGWDE7RBCFTsexDzUVw2yG5cRKxkbT5giVed6NQsQC9XhLVkqcRD2OXPfZbyFNkMsiUMwNCHC1owQePf7M2CPHwQdF7V6fD6Lu1mvGau387s-NrGWzgesApWlvB0eSYReC75-cLpJSP3JBufYyHb8uSBzc5yDXVnSU51MOA_VaUAuaxxtdkJVzDTACQilksJxsqi9BHLxfa2T0o3OEbGjRMOjFpjpjK3TV3SJgqWHnu5cZ9Uo6S3IUXHdwEWY8o7ul8ztz1MdnpqesDd3LponWcPSlYFINxCOUxGxQgJNWwmqOyfPeG_7Z51rU7G7n29anLaomlDWVUeWeVnMfZSZdBm8h6_hZMjR-\\-\\1DcXthUJq8TjeeqHk4ccnDt5Ix6wJXyOi5HIVfBuheqgvu4jWe54rEQE7rYXFcc5yW4v61bEU3ggkPA803pX-tHQ-Ma9gknTHs_DzLGFSoGQSwQS1tWnCb0XZDkKvt7z_ZzuDAdhqFTZPuBux0xZf3Hru15DmRI3d7KFEZzMXcKzjCYvSIyqB0BGh0t0Wl12CJfljinf0WvCgD5K1csCZQOJl6EoVnz4QWMbPIQtkIYJYBTRD_FfBzDey16oT1rJKN4IYlCWtEAP2vw5oJ6R8ZaXVaP3r6283RAxgH9rSGisXi8YWcUOuFa5r5K0airLWvQz0oKgVo9DLCQ8Lh4G9QGhwTUWFVZL8yo1_iex1JOxTGqP6SrHYlulvBi4sVF76ozDNQ7hglFcFshGI_P7mGlPfn5czxDuOlExjeHtRxufOEEhKqs8I46-jfcU0py1Yx1M1Fk7MT9CrFbGcfUQf4iGI_92174k56nicSEskAuHV5vkC-MBJLAm3-NuXRO4Qzif0Tcq-06b8Fc6ZEW1s3XQy9p6qxJrWiAKbZXKla6bT_nnyuM28&__tn__=%2Cg']
2023-02-11 18:16:14,Perth Ketnipha,100069571185244,"['ขาย', 'สัญญา', 'ไหม', 'หา', 'หอ', 'หาหอจริง', 'เมษา', 'มิถุนา', '555555', 'sp', 's', '9', 'salcha', 'mira', 'คอนโดแอสปาย', 'ลุมพินี', 'ขอบคุณ', 'ล่วงหน้า']",mumu,[]
2023-02-11 12:44:01,Wawy Wawy,100006431964446,"['เจอ', 'กระเป๋า', 'ตัง', 'สี', 'น้ำเงิน', 'รูป', 'หาย', 'ตึก', '40', 'ชั้น', '3', 'แข่ง', 'วอลเลย์']",mumu,['https://m.facebook.com/photo/view_full_size/?fbid=4121675111390180&ref_component=mbasic_photo_permalink&ref_page=%2Fwap%2Fphoto.php&refid=13&_ft_=encrypted_tracking_data.0AY__Np1gRQ6OmsIaI-9R5qfWtP3AtmGCCmUNJy3AS8TLeAbHr53wuqXJwSjkhVvRQntHj99u7IUrv0PreHSA9iiS6iMd9B1Yu95MszqXtQYymPIjH6SZuPfKXywUPWhXwkinYgR4sqEbY1TkSkVrXSO-vuUk5xpbGB5FVyAs3vSijzCXfhRTZ9JzT09OC-5Zsih0XG_nGLzp_HdVu6DMrnJ86rZARYvUwEbVCOroZNNZ8hLMBgnH73Y3f2OE0EZRRIFfEYN7T9HY-Rwi3t2N2gdd4JgCP70V2dZAzXWv_q_2Q3SWxMZ8y-Yd9I8bjbV0oivcgGh5WXwbKOZN0Twv-ly7_gMLzABUJQgp9cpqznjOI6UpfpX5t3WQOiqUE-kIKyygKp4SBhME0nFEvXlT9oIkGGTzrjfwxFUMZw_fHkaO3J__aNXrETJHkbPzZ8dsTzg0szFmnkmUMPfA_LUPk0S36j2wUgaAnov9NAe3AscvoEx64iU4lqLT2vINasy94Ur_BrBFH1Lhs9VYKZY9CXcSigYp9sPCSAgeZ1CgomqDAARsCBmQWwyvbKOFfRNsUfYv2atzMN-56ex8Vl1FPDHC7Fa2mceQPIyGbCZdCfmo2TTB-MLnax0JpZcJTrw0cGda5mC_duJCp5z_jhfxfSQOvoca_B4D12mUG0yfrLhePLrqmX-vLd6pzQq9P2TbmmwovfLR44nHmhjHdTU0fm1oZ39hedAO5PgJBzQaTH6KX7zd00-G2_YAuQJbToSKMunMzP-mfAzLqo30NhvMLg8MaK5Tes7eNawSOuACCjnWdqmpYMbBCoT1wDpFt5XEF9LyHSg3UnvxP6mb-K3xqW40hzh-d2OQS3xVaARqhVD-p_AGi7ZvDIzvywThdLyJYucSPp_AkzrVO9rH9l69p3kESgKGalV85uwv3RQizOr0-WR_LBUoi66PLfSSiJqMZYNXu9AGPYEmFZtRc5mbWy4c7fJV5Ta2McvtpAaD9n-_cv9vXPLCJ-3LR13pNn2vRdkul3Ec3mf9hn5ruqrsY5crtbQ-6zqu_xo2a4EERCvdMAJ4bRZZCce37pRmixoXFpVIQoweZk26z4Vdx3GKQVtSixQeEtvwaODfoxs3CYQ&__tn__=%2Cg']
2023-02-11 16:46:37,Santa Pkt,100070714001202,"['ปล่อย', '1500', '฿', 'pencil', 'gen', '1', 'มือ', '2', 'หัว', 'ปากกาแถม', 'กล่อง', 'งาน', 'ปี', 'นึง', 'สภาพ', 'ดี', 'ดู', 'รูป', 'ขาย', 'ไอ', 'แพด', 'นัด', 'หอหลัง', 'มอ']",ประกาศซื้อขาย,"['https://m.facebook.com/photo/view_full_size/?fbid=233125825721216&ref_component=mbasic_photo_permalink&ref_page=%2Fwap%2Fphoto.php&refid=13&__tn__=%2Cg', 'https://m.facebook.com/photo/view_full_size/?fbid=233125835721215&ref_component=mbasic_photo_permalink&ref_page=%2Fwap%2Fphoto.php&refid=13&__tn__=%2Cg']"
2023-02-11 16:55:35,KMUTNB Community,1000243901362193,"['หา', 'หอพัก', 'งบ', '30003500', 'บวก', 'ลบ', 'ติด', 'สัญญา', 'สอบ', 'final']",mumu,[]
2023-02-10 20:31:31,KMUTNB Community,917113689670432,"['คณะ', 'วิชา', 'ไหม', 'เวลา', 'คะแนน', 'สอบ', 'Midterm', 'Final', 'วิชา', 'คะแนน', 'ศึกษา', 'โชว์', 'หน้า', 'จอ', 'ไลน์', 'ชื่อ', 'ศึกษา', 'เพื่อน', 'คณะ', 'ไหม', 'ระบบ', 'คน', 'ผม', 'ตัวอย่าง']",mumu,[]
2023-02-11 13:42:44,KMUTNB Community,733117521715353,"['สอบถาม', 'พี่', 'ชื่อ', 'โครงการ', 'กีฬา', 'ประกาศ', 'ตอน', 'หรอ', 'เว็บ', 'ประกาศ', '10', 'กุมภา', '66']",mumu,['https://scontent.fbkk29-6.fna.fbcdn.net/v/t39.30808-6/330299853_872177930664839_8065098135760678536_n.jpg?stp=cp1_dst-jpg_e15_fr_q65&_nc_cat=109&ccb=1-7&_nc_sid=5bac3a&_nc_ohc=Sa5w4LW-UkwAX8nniKH&_nc_ht=scontent.fbkk29-6.fna&oh=00_AfA04c_nBl53_yz4sjoSs-adTGc54FggmAm3z20F92aahA&oe=63ECF250']
2023-02-10 21:13:55,Panida Limamapar,100000157073018,"['เช่า', 'บ้าน', 'หมู่บ้านสิรีนพาร์ค', '2', 'พื้นที่', 'ใช้สอย', '200', 'ตรม', '4', 'ห้อง', 'นอน', '2', 'ห้องน้ำ', 'บ้าน', 'หน้า', '6', 'เมตร', 'จอด', 'รถ', 'คัน', 'สนใจ', 'โทร', '0813335375']",ประกาศซื้อขาย,"['https://m.facebook.com/photo/view_full_size/?fbid=6665092150172621&ref_component=mbasic_photo_permalink&ref_page=%2Fwap%2Fphoto.php&refid=13&__tn__=%2Cg', 'https://m.facebook.com/photo/view_full_size/?fbid=6665092366839266&ref_component=mbasic_photo_permalink&ref_page=%2Fwap%2Fphoto.php&refid=13&__tn__=%2Cg', 'https://m.facebook.com/photo/view_full_size/?fbid=6665092266839276&ref_component=mbasic_photo_permalink&ref_page=%2Fwap%2Fphoto.php&refid=13&__tn__=%2Cg', 'https://m.facebook.com/photo/view_full_size/?fbid=6665092156839287&ref_component=mbasic_photo_permalink&ref_page=%2Fwap%2Fphoto.php&refid=13&__tn__=%2Cg', 'https://m.facebook.com/photo/view_full_size/?fbid=6665092256839277&ref_component=mbasic_photo_permalink&ref_page=%2Fwap%2Fphoto.php&refid=13&__tn__=%2Cg', 'https://m.facebook.com/photo/view_full_size/?fbid=6665092333505936&ref_component=mbasic_photo_permalink&ref_page=%2Fwap%2Fphoto.php&refid=13&__tn__=%2Cg', 'https://m.facebook.com/photo/view_full_size/?fbid=6665092440172592&ref_component=mbasic_photo_permalink&ref_page=%2Fwap%2Fphoto.php&refid=13&__tn__=%2Cg', 'https://m.facebook.com/photo/view_full_size/?fbid=6665092453505924&ref_component=mbasic_photo_permalink&ref_page=%2Fwap%2Fphoto.php&refid=13&__tn__=%2Cg']"
2023-02-11 01:47:26,KMUTNB Community,1925043577895400,"['หาสัญญา', 'หอ', 'U', 'Life', 'Prime']",ประกาศซื้อขาย,[]
2023-02-11 13:58:19,Poppy Poppy,100004569853199,"['ขาย', 'โต๊ะดราฟมือ', 'สอง', 'ขนาด', 'A', '0', 'สภาพ', 'งาน', 'ปกติ', 'รอย', 'แตก', 'ตำหนิ', 'เวลา', 'งาน', 'ไฟ', 'ติด', '3', 'ดวง', 'แถม', 'Tslide', '3500', '฿', '3200', '฿', 'ขอบคุณ']",ประกาศซื้อขาย,"['https://m.facebook.com/photo/view_full_size/?fbid=2480386108790360&ref_component=mbasic_photo_permalink&ref_page=%2Fwap%2Fphoto.php&refid=13&__tn__=%2Cg', 'https://m.facebook.com/photo/view_full_size/?fbid=2480386208790350&ref_component=mbasic_photo_permalink&ref_page=%2Fwap%2Fphoto.php&refid=13&__tn__=%2Cg', 'https://m.facebook.com/photo/view_full_size/?fbid=2480386148790356&ref_component=mbasic_photo_permalink&ref_page=%2Fwap%2Fphoto.php&refid=13&__tn__=%2Cg', 'https://m.facebook.com/photo/view_full_size/?fbid=2480386128790358&ref_component=mbasic_photo_permalink&ref_page=%2Fwap%2Fphoto.php&refid=13&__tn__=%2Cg', 'https://m.facebook.com/photo/view_full_size/?fbid=2480386168790354&ref_component=mbasic_photo_permalink&ref_page=%2Fwap%2Fphoto.php&refid=13&__tn__=%2Cg', 'https://m.facebook.com/photo/view_full_size/?fbid=2480386188790352&ref_component=mbasic_photo_permalink&ref_page=%2Fwap%2Fphoto.php&refid=13&__tn__=%2Cg', 'https://m.facebook.com/photo/view_full_size/?fbid=2480386255457012&ref_component=mbasic_photo_permalink&ref_page=%2Fwap%2Fphoto.php&refid=13&__tn__=%2Cg', 'https://m.facebook.com/photo/view_full_size/?fbid=2480386242123680&ref_component=mbasic_photo_permalink&ref_page=%2Fwap%2Fphoto.php&refid=13&__tn__=%2Cg']"
2022-11-06 21:56:55,Saksorn Chaloemphanaphan,100009883326150,"['ค้า', 'บบ', 'พี่', 'น้องๆ', 'คน', 'ปริ้น', 'เอกสาร', 'เล่ม', 'รายงาน', 'ใบ', 'งาน', 'บริการ', 'น้า', 'ทัก', 'บ']",mumu,['https://m.facebook.com/photo/view_full_size/?fbid=1823250508014376&ref_component=mbasic_photo_permalink&ref_page=%2Fwap%2Fphoto.php&refid=13&_ft_=encrypted_tracking_data.0AY-vm-qeqJt_KCeI2jYHVBLE36QMxJRVHKYcA1kz59ssAfNxuP2GGmDSl0HHvn5pXMu-dWAjE6GRK2FhmE06l3FfJ1PLm3FKFjb1Y_TQcTjlsi9sMTSm1_Y98ALdTdw_je2EEl8a9N6sCsqA7WqqsazpLH7BDy-0OQO2UH__JVaGtk1S6DCwgMafobEDnGbZKshARG6WW14JuzIPtOM-SgwmdkGITHY1-JMjkw4zRM6hsSK6GHsRFVEDiTuaW2yTOFdoewvyY35LYiSoZMXeClj5I1Y678vVMULrPlOSWETFtvnnRbOvAmj605nlQNW7pNSjOscc_OjG5nOQB2wDH4xC7dcs7snQmDoUaU4syd3L8LKRCFBT7HGnZesuZJnN_nj9gkVUeKZ_Fa0ynytMIQszzh2XfdJCNY0Iv-ujX_Mwzusib5g9z1mXrg99caXRI4DidVWk_m_7ya8Q64KcxsiA-0WVdUugAmyhb71O8uU4XNWrAqd3PcZOfX0UUh8a6Cxsp-OVGhcl2_mQAqalB-Tl8K7FeaDEzqYJznIJS42Gei6tP15dM6wQJDbdHh_dJvx3lWzX9Tvj74C7xgduGfQKNrfgLX0SeJkhnItTu2nDfoMh4Glnc3TThGJ8c2HMBZUzPtZCOJussTUz1x6kvVVytHyVsAfUHQWli30eVD7kB7iIshfCIfZwW8W-A1zlWclCyWaTsoR2QU5XzU3jQAZ-SBYm1e3qC_KU2HxujAImtOkk51y7e9MQvzwxV7ppkZsiJTo4leQ5ntkO93pFtel9P6cv6DLGvnGpoUh8kA7tnGZ5ddISOglDRtFGYpDIJBbF3LDzBPeMi7xlGD-IqPPKymIpqCiYuZA4s5aiRTv9oZgdOaDdnnhnr9Xv8XsbN1cUwsaEGB1ftmJxHObBhia3RGWVFeLRtNrO38p-kfgLW8r4co_hWBs6VmLOm6nuxHX_ieogvB34TLOCA2oFXoJpGy6aIz5bSGLYWX8LEA0oAVN-Z4LjEBz3XWxPliYAdATEysxvFUkbiTV2pUlD5nu8Kul4W8cMRpW8PNbnzRv8Vu3i3L0W-HI7sw_au7EH5bCLLSrhTiie9iue780agxZI1RmLLe1gjyba3g99imA&__tn__=%2Cg']
2023-02-07 14:02:22,Chitsanupong Hamkrathrok,100013091863004,"['หา', 'เพื่อน', 'คั้บ', 'บบ']",mumu,['https://m.facebook.com/photo/view_full_size/?fbid=1658399427939770&ref_component=mbasic_photo_permalink&ref_page=%2Fwap%2Fphoto.php&refid=13&_ft_=encrypted_tracking_data.0AY-dDe10WGAXYFiPAv6yr5eBAfoZITKWk06yV3CgrXV2lDoGBrxQ-aafq-NHTz1Iah3BzvU8duen2F_CbY16fSe7l3l555z5RKGEtD7CBoISRydqQ3ETW425ersLsgBaoxgTAni50vp_GZUkJ0B8LOofVWILW0DWyFmjY-xRn-r1tWVuhcpS-NmB44k3pjdSWwq3YHTrFTQBYNJWctGMAjjeTQSgu7ZVNZZiFsZtV1HryZelW9UPZb6TaMQgr68nE2znPJ27PtGsKTqiEY61VMqU0JpXQy9bIXlv_00-5xWPEvQ0CVy7KIhWOieVHcUeXs6opMqQlwAkCQT0AEbPjQEmqbsJqsZQoQlbawHuLnOmD3JifFLLzwQyJ4TEti-G9mKdmBri8abeEx2QOukgDtqhLJzXy5OEqdK7_uAX6wkE67G7p2Hv-Ofk7n9vXdrmzcOSks5OGc_0b3p-NvaL51LSsA-SMTqFgi_3-Kk1WnqL3kdPMqEFdkVSMNQmuRaqbcfg9xWLrU-sEWvvvpan4ngZfxzWtLawWkHrSfh6Jp1IFG8CQEKAq4FEqbl00Z0HSL3jVt8-VAAVz229m9GPf4XkZHDEbvupMqoUl-ebwHT0l_zepJR0YpAQncynUMdLavsVD_nDg7V7R0ISMs1P3vRbxwN2s_5QgNEsVmF4nEMfmhiTklBaWIIBW-QVfeflT_-CFECV9N5t-D5DZdqbGQxNuM_UGa_DP06k2fUQs_8Cr3PRCK4NBV6l6wGSaAViIK479zvpHZJ8daKBXZIufnb5PK7IcD0eyBE1Vuun3SM68Vwbi_CfBEDNkcM4R8_2liipR7YKt7K1OclSbsbhoRijUzbPOwkwoXaYFgCYzuLlcD99bOwLqKbLQ9sF5wcGmz6IaZFm_0dMr8sO7lyWTQl5ARiB8DSd4GbACQg5MxXVW6x2KOaTbWuw8TPmSZpxe69ZGfqZ9To_6sgW4gxrGH-vQ7SzO-k2wk-a7g35uMO1CDzMkEVkmLXq1p1Jl_JE0v7riGv_hQL5Ru3hqRVn4Ls2n-WxZc072sjk81QiOOtWyIcVJJGjLlqCDx3a2R-_K6oxaO-0MFggtufoN5P1UAVSsGHwCVfVKQphQuSbI44&__tn__=%2Cg']
2023-02-11 13:30:47,Pongsakorn Fang-am,100006337050078,"['หา', 'สัญญา', 'หอ', 'atom', 's', '9', 'ต้']",mumu,[]
2023-02-10 00:06:32,Nantasak Seubsin,100006403063716,"['ขาย', 'เครื่อง', 'ปริ้นEPSON', 'L', '3210ecotank', 'ประหยัด', 'น้ำ', 'หมึก', 'ปริ้น', 'สแกน', 'ถ่าย', 'เอกสาร', 'ประกัน', '1', 'ปี', 'เต็ม', 'ศูนย์', 'ประเทศ', 'หมึก', 'เต็ม', 'สีสด', 'สวย', 'งาน', 'ขาย', '2800', '฿', 'รอง', 'นัด', 'มครับ']",ประกาศซื้อขาย,"['https://m.facebook.com/photo/view_full_size/?fbid=3560219330868134&ref_component=mbasic_photo_permalink&ref_page=%2Fwap%2Fphoto.php&refid=13&__tn__=%2Cg', 'https://m.facebook.com/photo/view_full_size/?fbid=3560219444201456&ref_component=mbasic_photo_permalink&ref_page=%2Fwap%2Fphoto.php&refid=13&__tn__=%2Cg', 'https://m.facebook.com/photo/view_full_size/?fbid=3560219357534798&ref_component=mbasic_photo_permalink&ref_page=%2Fwap%2Fphoto.php&refid=13&__tn__=%2Cg', 'https://m.facebook.com/photo/view_full_size/?fbid=3560219414201459&ref_component=mbasic_photo_permalink&ref_page=%2Fwap%2Fphoto.php&refid=13&__tn__=%2Cg', 'https://m.facebook.com/photo/view_full_size/?fbid=3560219397534794&ref_component=mbasic_photo_permalink&ref_page=%2Fwap%2Fphoto.php&refid=13&__tn__=%2Cg']"
2023-02-10 14:59:55,Pleng Patsawee,100007149105224,"['อนุญาต', 'สอบถาม', 'เกี่ยว', 'สาขา', 'In', 'AER', 'เทียบโอน', 'แนะนำ', 'สำหรับ', 'สาขา', 'เรื่อง', 'เรียน', 'แนะนำ', 'ขอบคุณค่า']",mumu,[]
2023-02-11 13:44:42,KMUTNB Community,717876916444880,"['หา', 'ร้าน', 'ขาย', 'ไดฟุกุสตอเบอรี่', 'ตอน', 'งาน', 'ดนตรี', 'ลาน', 'สวนปาล์ม', 'อร่อย', 'กกก', 'กิน']",mumu,[]
2023-02-11 13:34:11,KMUTNB Community,1193177104962287,"['หาคอนโด', 'Aspire', 'ราคา', 'ศึกษา']",mumu,[]
2023-02-10 18:17:57,ก็แค่เด็กน้อยที่เป็น สาววาย,100001749898606,"['ทำ', 'บัตร', 'ศึกษา', 'หาย', 'ชื่อ', 'พุ่มดารา', 'ความทรงจำ', 'นึก', 'กด', 'เงิน', 'ตู้', 'บัวหลวง', 'ไปรษณีย์', 'มอ', '8', 'กพ', 'เวลา', '1532', 'น', 'ขอบ', 'พระคุณ', 'แวะ', 'อ่าน', 'หา']",mumu,[]
2023-02-11 13:12:34,PorPleumx,100002287077610,"['แนะนำ', 'ร้าน', 'ซ่อม', 'รองเท้า', 'มอ']",mumu,[]
2023-02-11 11:25:16,KMUTNB Community,512527831004540,"['ประกาศ', 'คัด', 'กีฬา', 'ประกาศ', '10']",mumu,[]
2023-02-10 17:21:44,Tanyarat Lertsukkeerat,100021588618719,"['อนุญาต', 'แอดมิน', 'CON', 'หา', 'ศึกษา', 'คณะ', 'สถาปัตยกรรมศาสตร์', 'ชั้น', 'ปี', '24', 'สนใจ', 'ฝึกฝีมือ', 'หา', 'เสริม', '1', 'ตึก', 'อพาร์ตเมนต์', '58', 'ชั้น', 'จิตนาการ', 'โปรแกรม', 'ถนัด', 'ต้องการ', 'รูป', 'Perspective', '23', 'มุม', '2', 'แปลน', 'พื้น', '1', 'ชั้น', 'คร่าว', '3', 'ตอบแทน', '30005000', '฿', '1', 'งาน', 'งาน', 'ดี', 'บริษัท', 'พิจารณา', 'งาน', 'Portfolio', 'ตัวอย่าง', 'งาน', 'TanyaratLertgmailcom']",ประกาศซื้อขาย,[]
2023-02-09 22:21:54,KMUTNB Community,2057608184445202,"['สมัคร', 'กฎกติกา', 'อ่าน', 'ฟอร์ม', 'ด่าน', 'ล่าง']",mumu,['https://scontent.fbkk29-6.fna.fbcdn.net/v/t39.30808-6/329146474_716315246538588_767908361007405112_n.jpg?stp=cp0_dst-jpg_e15_fr_q65&_nc_cat=103&ccb=1-7&_nc_sid=5bac3a&_nc_ohc=w0V4mzBOmcYAX-31KKb&_nc_ht=scontent.fbkk29-6.fna&oh=00_AfC7btxzhE7v7Ooh5N7HjlT7crC3isSR4qDzFiS4Jy42CQ&oe=63ED043A']
2023-02-10 18:52:28,KMUTNB Community,2195825057272405,"['สาขา', 'IMI', 'Line', 'group', 'สำหรับ', 'dek', '66']",mumu,[]
2023-02-10 23:50:58,Kong Satayu,100006716850516,"['หา', 'หอคอนโด', 'เช่า', 'ราคา', '40006500']",mumu,[]
2022-12-24 11:51:42,Few Juntadee,100012872106625,"['หาหอพักงบ', '3500', 'ต้น', 'เดือน', 'มกรา']",ประกาศซื้อขาย,[]
2023-02-11 10:22:58,KMUTNB Community,382009740731397,"['รับสอน', 'วิชา', 'theory', 'structures', 'ce']",mumu,[]
2023-02-07 21:45:03,Fai Khoosamrit,100008088792448,"['หา', 'เพื่อน']",mumu,['https://m.facebook.com/photo/view_full_size/?fbid=3380036572275936&ref_component=mbasic_photo_permalink&ref_page=%2Fwap%2Fphoto.php&refid=13&_ft_=encrypted_tracking_data.0AY8kcPkRllEhqlF0XqbbkzeTpL22VnPdpOIIPvW9johZL9Y03hRF0Xggy2BNsDY5-9QDSTNvEOMiLjT2oi7x-CCW_Lxc1swlLhrZd7I5wjRzIIk8_rq8bB-vrEExmwzky1u5MJHpIbV6HPneQU_mjQl-qrIaosweYyFURuKUNqMN-ESBBGqwBHMNgJEYv4cxBKb_T8g_lwPnEmazeon6hIgChri0qfJecclO9vBtFGLyqroduGRwy7w6fo8Zs67MgRo35knvM9Rw5qKDTxXuwKT_7qm7xERQRGqtu9a9ccpFuXPbqIyx-iBva8D5Wr3wgOVY2903Z5vvoFwL3uH2KE1ZUlkvIa3xNWYG_tzUDuMGPGPoso0GOOdShW2y4cLSoy63N7L3vn-8Ml1VBnlvmmdaWDzLWiK1vpLUeodg7u2O2lfiFsTWMyC_-4T1RjvwgVdW8INTk9C37vf4F7DggYFkEjTpsS3aj5zRMop2Geyzxi339QqZ308_PsyZuWDokvfF7LVCQZ1hXAWxGeXOjUH1AIlvHETtUCZOVQOlUqByiF77znpvJSyAorsED8OvrHk2ncZSAXPak9sGdReq57HWs9Yz9SlAGdAgDl-9evnLCt3xKV5i6W2dUpHPGNaUX4dYy8LJR57kVh0xxCVDhS6kHnrKCSpP_PiuOH5lWyVM2oI-2w3mog_TSJQq2oy0fJQ9IrHLqaJlEXejKl43r5tQGVo9r_yFHoHVMZhS4VnDi2zC-1lSUKpf3i4LDkNlEEKAGYJOBwvsd7TiZZFcPR2rjdNGN6I6kXXL9IUN9ldVjUenKgpNA5MtxTPMsSntNtJq-VsmEy0yOSJGCxm7sysmUOJXFMeVTryvVz2bBg0ffk7yx_7UEIVLcqUkFv3xf2jUFm1zxUfMercB6ncJIQCxCC_idmHYe2qzl0Zg-5fFXhUBpXPf_28d9rrTR9ZYCW5OatBa9dBsZ8r9Qor8nEVTA5NxuvVX0wFZxq6g7kWoUdtZYWZsH7IzFxCrRAKjkexvj3nkMHmPdM5QLyPWTzFBS59TAWDe4uSM3vYO-4jGePhbcXXQZBrqaZijsXWNQIF1Ti-5sfwtxcGIchPNcQcpFxMDx9Ut9biPa9rrqlM&__tn__=%2Cg']
2023-02-09 13:35:12,Veerathep Keeratipitayanusarn,100013568110021,"['พี่วิน', 'มอ', 'ขับ', 'รถ', 'ตึงจัง', 'คับ', 'นึก', 'แทรค']",mumu,[]
2023-02-10 12:20:37,Chayud Parachatree,100007117357458,"['ขาย', 'สัญญา', 'หอ', 'mentor', 'dormitory', 'ห้อง', 'ชั้น', '2', 'เช่า', 'หอ', 'เดือน', '5700', 'บาท', '5200', 'เดือน', 'มิถุนา', 'สัญญา', '10000', 'ตอน', 'ย้าย', 'คืน', 'ระบบ', 'ปลอด', 'ภัย', 'ดี', 'คีย์กร์ด', 'ม', 'จพ', 'เดิน', 'เรียน', 'ล่าง', 'หอ', 'พัก', 'ร้าน', 'อาหาร', 'ร้าน', 'สะดวก', 'ซื้อ', 'เครื่อง', 'ซัก', 'ผ้า', 'อุปกรณ์', 'ตู้', 'เย็น', 'เครื่อง', 'ทำ', 'น้ำ', 'อุ่น', 'แอร์', 'wifi', 'เตียง', 'นอน', '5', 'ฟุต', 'ตู้', 'เสื้อผ้า', 'โต๊ะ', '120', 'cm', 'เก้าอี้', '2', 'ตัว', 'ไฟ', 'หัว', 'เตียง', 'ผ้า', 'ม่าน', 'ราว', 'ตาก', 'ผ้า', 'ย้าย', 'ต้น', 'เดือน', 'มีนาคม', '2566', 'สนใจ', 'ทัก', 'สอบถาม']",ประกาศซื้อขาย,"['https://m.facebook.com/photo/view_full_size/?fbid=3403968866516992&ref_component=mbasic_photo_permalink&ref_page=%2Fwap%2Fphoto.php&refid=13&__tn__=%2Cg', 'https://m.facebook.com/photo/view_full_size/?fbid=3403968859850326&ref_component=mbasic_photo_permalink&ref_page=%2Fwap%2Fphoto.php&refid=13&__tn__=%2Cg', 'https://m.facebook.com/photo/view_full_size/?fbid=3403968929850319&ref_component=mbasic_photo_permalink&ref_page=%2Fwap%2Fphoto.php&refid=13&__tn__=%2Cg', 'https://m.facebook.com/photo/view_full_size/?fbid=3403968953183650&ref_component=mbasic_photo_permalink&ref_page=%2Fwap%2Fphoto.php&refid=13&__tn__=%2Cg', 'https://m.facebook.com/photo/view_full_size/?fbid=3403968903183655&ref_component=mbasic_photo_permalink&ref_page=%2Fwap%2Fphoto.php&refid=13&__tn__=%2Cg']"
2023-02-09 21:17:07,Chanakiat Pansuwan,100009199375231,"['เจอ', 'เดิน', 'เรียง', 'หน้า', 'กระดาน', 'ตอน', 'เจอ', 'ตอน', 'อัพเวลซะ', 'เดิน', 'ข้าม', 'ถนน', 'เดิน', 'ข้าม', 'สาม', 'แยก', 'กระชั้นชิด', 'สน', 'รถ', 'ดู', 'รถ', 'ข้าม', 'ข้าม', 'แถม', 'เบรค', 'หัน', 'หน้า', 'ตึง', 'ใส่', 'เบรค', 'ชน', 'ขา', 'หัก', 'แขน', 'หัก', 'อย่า', 'โอดโอย', 'เด้อ', 'วัยรุ่น']",mumu,[]
2023-02-08 20:47:43,Chanantida Sakulsri,100014850302533,"['หาหอ', 'พัก', 'คอนโด', 'เรทราคา', '45005500', 'เดือน', 'เฟอร์', 'ปลอด', 'ภัย', 'ดี', 'เดินทาง', 'มอ', 'สะดวก']",ประกาศซื้อขาย,[]
2023-02-06 09:25:50,นิว พงศธร รว.,100003728944122,"['น้องๆ', 'CEE', 'ปี', '66', 'รบกวน', 'สาขา', 'ค้าบ', 'ครุศาสตร์', 'โยธา', '66']",mumu,['https://m.facebook.com/photo/view_full_size/?fbid=2804832456317692&ref_component=mbasic_photo_permalink&ref_page=%2Fwap%2Fphoto.php&refid=13&_ft_=encrypted_tracking_data.0AY85H1JDnVe3_Ba9sj8qJbbzGAhaBGb0Mfp-QdKsn2Jr60h370LJIGnY88zWcUAU2uS-njC9yddKxDcATkaoW3BqFQ8SR-z6QWk3NvigpcfQSDHiqyIf5Oghc-z1Be47Rt7yiM1xQLWE1WmSQHtLiLY6ZGjCbexQ_ZTaDiaZvy_EPf_6ttG6YFwiWeap6Z7jOlq7QQGoeIZ3a-rCKYnGJT7BpIyPmpdO_i5B3fpgnul0_p3Uu_qMpaS9KOW3JCiMTer2OEjcfMIfc3L5N5D0-XJYncnxEAZPIyJLETFrHhc0zY3ASMVFQN3toVIwXKv7Bz5u9fckedU2SEEC1J5JFtogdAjOQgGrFKN3IGrXXAXb10s0CUZJVc9Bf66s5ggxTtdj4n2DGqnczvK2q6UxEtgcev4nqAgJUbvC_sq4cyzysQCN7Xeefz-AnlANyByr7hew6tpfDhW4yMay4lxKz7mQ16t_wCqpfHWgl_bKODhsbWz-wljwVo6YI8xvPZFy-hYKVvP-AFKfwt82YQ_AIyp9DrZmu_VGb2yIp4CrnewVJJgNDrTiGfZ1Pbt5ezcSABW1GiMDAMmwWVWS96YNnx3TtQDVjQ4rORZNXEK0VSVGEjVM_UBWowDkYqhZhKA-kOtK0mjgjIpC4sPrQQZTpM3pR0xMHV1ha5_PFhVdEMX0-kJS1o1dRcpWdMY16ceV300-q7nTsvWjMcLE30CG1FvqHNBjz6b5CKJdB-esf-Wa3jdF6vGq7qgpT41UdenOPXCHbnil4_WzOEnIbWalyrimQPvZyTZMEJzSCAPCPGl6cfy2H451nEj5JR3DyNx-snhbJrrMh0G90e7H5zEsAZyjKRhb3EtqQPV96ioqc054JJCy6V6TGPdWQkaQ9qc5nr7wIYq_bVDsTnwfBSMcH6P-wy8XMtCBG6BbAVeNv3RSBIaN9PegcdnmhcDl5zy5581SiEP7kp8nfteSr4P1CJlInA30fAmxSiVQVTiEW6PwRkyLHtM0MClNHEemXsQ5dZl_DEyyAfrlTjEa8GR3ImOlW2kcjZmtRjXXyrWqJM-q2K_yJeF7G6341yXYQ1XqxUVA7V3-KkshPrl2RQZKSSv-edE-xeYLZ8mcTRIGoZI&__tn__=%2Cg']
2023-02-09 17:00:49,KMUTNB Community,1262225150988859,"['งาน', 'กีฬาสีวิทยา', 'จบ', 'หรอ']",mumu,[]
2023-02-10 23:36:16,Sxrd Mew,100007956762658,"['เวลา', 'ทำ', 'สอบถาม', 'อาจารย์', 'นิดเดียว', '5', 'วิเสร็จ', 'แน่นอนน']",mumu,[]
2023-02-10 19:11:35,Jiranun Suphanthamat,100009580402983,"['หา', 'บ้านเช่า', 'มอ', 'เพื่อน', 'ราคา', '1000015000']",mumu,[]
2023-02-10 21:10:58,KMUTNB Community,2071737463019240,"['สำหรับ', 'คน', 'หา', 'เมทหาหอ', 'เมษา', 'เมทผม', 'ย้าย', 'หา', 'คน', 'หาร', 'หอ', 'ซอย', '13', 'สนใจ', 'ดู', 'รูป', 'คอมเม้น', 'เดี๋ยว', 'ผม', 'ทัก', 'คุย', 'รายละเอียด']",mumu,[]
2023-02-10 21:58:51,Ja Pan'n,100004119376990,"['Make', 'friend', 'kan', 'kub']",mumu,['https://m.facebook.com/photo/view_full_size/?fbid=2420410428106246&ref_component=mbasic_photo_permalink&ref_page=%2Fwap%2Fphoto.php&refid=13&_ft_=encrypted_tracking_data.0AY8UuU-BUZVGECIQs-qaNehJlCHuRQcMj6o74Vs3GM-zTYOzXEvkeFl4C4bvdoVT6zUf2w-F0HdLiJNBiDCCFIrCizQyI-nc1wovyzxRN5BmwxLsl7xB5hRWLJVMBN5bvkZ6TfAHLs_XuZ8f9CP2owhmn1zllFxwI1YGPfh5vm2JoF_PeQureQG7-hmmekky54vT0AjxA58tcJDi4pENZ0_ejjY347kD6VYYLOiPH-pWTpqqNxmZ2R935bj8CELdtD3Tsy6g-Jeqsu60Y_v9sQWyOgU740_zQ_lna0yynemqgP45-_3yXk4__cElD4JgYLuyDabUDY9kbkrs45N6kO2TXW3ReEaQn_dmhiPEBfCbe6zcPQQKiB2Q8wRx0d31Z0GXlbETYb3HSzhQbVKz8RrvZ4ax0Yei4c5bu8WIf0VxyHjrcJyoz_jZ_UIPgRly_nH_Q2nEWVHEAecTwdlxsWNbRYfAtnrr3IIqWpC19us_UxuK0hHmpa-jdBFB49DeCXUKbwaLqeADtlnKY5yRkT92NrU78UdEI3ULrQeIeloHdTDHu476D8f2EvG5esLMqx1So1DLkhPb-FmfDElTBRHxV0sUj874Caz4RvwpG4qA6024Zr3tJ5TsmxGqqOzDQt0Q7Ma5zFvuPBDo5ZzA1cnJ7ewZ_UnDvSwH8os0ZsWRFR-4CaatrlVai8wsHZ6-lsuv-a4Gklo6vq0r6vKpfAkeY3ogOxv5mNT8mC_K22meDYZdZwO-vm8GKGsVGVMCLhe38QF3g09LQpZaOJhi8E3h9fEFA-wBweYvj2UOj6fSjI2nSF01OrG13EjtM019yToZ8ubWlbrGJKRksY-RDZY7a1e1n2TxAgMV55G9BdCV2qrOyMsGKiFBlqkwF1hjEBa2ggS1HFEReVE5Fvkj9PyZ6Cddk9q2_UQcvKc1pdzcUAbKjWA1BC_jAYv924_UaEYCYM0lJJYmWQl-xP0j0mcHOKwL-jr9ncOBxaTyxBLkFfj49_tNYAUd54ma8QvOE77eYmtHR0aVgpNgfLgp3Xvp9YNiXL3utzZI7U0v7jcADpwjNJs_zmsSse7BLcQFAwl_sJJNDGO4qU7OvLdH2zkA0jFwPGK21vQXYBlaImU&__tn__=%2Cg']
2023-02-10 20:16:34,Perapol Pangbon,100002617310056,"['ประกาศ', 'ชื่อ', 'วง', 'รอบ', 'ชิง', 'ชนะ', 'เลิศ', '16', 'กุมภาพันธ์', '2566', 'เรียง', 'ลำดับ', 'คะแนน', 'ประกาศ', 'คะแนน', 'รวบรวม', 'คณะกรรมการ', '—', '—', '—', '—', '—', '—', '—', '—', '—', '—', '—', '—', '—', '—', '—', '—', '—', '—', '—', '—', '—', '—', '—', '—', '—', 'ปลขอ', 'วง', 'เตรียม', 'ตัว', 'เจอ', 'รอบ', 'ชิง', 'ชนะ', 'เลิศ', 'kmutnbmusicaward24', 'musicclub', 'kmutnb']",ประกาศซื้อขาย,"['https://m.facebook.com/photo/view_full_size/?fbid=569421261894891&ref_component=mbasic_photo_permalink&ref_page=%2Fwap%2Fphoto.php&refid=13&__tn__=%2Cg', 'https://m.facebook.com/photo/view_full_size/?fbid=569421285228222&ref_component=mbasic_photo_permalink&ref_page=%2Fwap%2Fphoto.php&refid=13&__tn__=%2Cg']"
2023-02-09 14:38:18,KMUTNB Community,889538595396413,"['เรื่อง', 'สูบ', 'บุหรี่', 'มอ', 'สวน', 'ปาล์ม', 'สูบ', 'อ่ะ', 'เวลา', 'สูบ', 'สูบ', 'คน', 'สวน', 'ปาล์ม', 'คน', 'นั่ง', 'อ่าน', 'หนังสือ', 'คน', 'ชอบ', 'กลิ่น', 'บุหรี่', 'สูบ', 'มอมัน', 'สูบ', 'อ่ะ', 'สามัญสำนึก', 'คน', 'ควบคุม', 'ตัว']",mumu,[]
2023-02-07 05:07:24,รุ่งทิพย์ มุสิกศิริ,100001680562188,"['ปี', '1', 'หอ', 'หอ', 'ดี', 'รบกวน', 'รี', 'วิว']",mumu,[]
2023-02-10 14:42:01,Brabus Sornram,100007731544238,"['ทำ', 'กุญ', 'คอนโดหาย', 'ฟิตเนสใต้', 'สนาม', 'บอล']",mumu,['https://m.facebook.com/photo/view_full_size/?fbid=3404748119792873&ref_component=mbasic_photo_permalink&ref_page=%2Fwap%2Fphoto.php&refid=13&_ft_=encrypted_tracking_data.0AY8iZZvlYplIEK9z257ZquMIa2u5xA9kUQz4Fykge1kxrNBCvTmBdq7NPDmdoZG-DpakegPk_iyQ364ulTagUOQq3DEcT-8kMvHOYHymwX3RA-f4kfJmg6HgPiaD2PWxw1erqMBeXA2_9vtgGYfVqoN3CGPzD51NSS12b3kPv79u3YFoKwgT-qXE_w0v-3jffiiwvTf400JEInA7Mbee_noLTetz-ieQGFBpAVtvFGvrUkO37BraxI1n6LmLFFlGiUF1QoXYEq8U3M1Sb9vLn1yzRw1j9d5uVpirNeodC0aWpaIU87Bjx2x8vYMHXblwOwUkLASBsdGs82gXJY9qDDKMwdg-QxQMGeiUDD2Xhq9QyQqAcYSUEZXz1pnKZKCVj1Flv38-BAhlUkD2rHTNLjDlk-AfdQcigcSOGiBQfEAQGQktbGB3oO5nRZA6SS7TsdkR5KiQpcyWrIbe_2uiX8xl_2dCEGlz7XgkmASEMJof2WhX25mo3rhmH4Nm8MCt3idptf3TjdjwMUYMLoKTqThTtTK9jo7LGwmqYKb5eyZeJnXcvAPvQcCdv89rJWQUdcvzSpCHHoN3Nnqgyq3P3gstIG24m8gyFnUxZQtHc6bmCt2yX35Bcnl_xpQ2jPuxtzqF-JvX2XsxlB6_X6Fst3tXK9WwW7GM5AgEcEpTcnApAnpvqPSS2Iwdxi1YDfUdyLWLCqp7ZzCOeqriSbAvtOVKmRKruE4LEEr5SegXoRxnO4kbJvWK8bTj62cH-2D8tB_q7DdJpG4y9j-KrDyKCCi3Rml8jKdT525qhG2vJKlMM8pe6kHbVWyrsmTj7JHfU1avCdMlAZWzbz0Z4wb8Ae0gMtNurwCB4N5Hl7c5a1lJcv4ybr_Tt9zTkU4BpL9lTm8sxSAct6Bq4SjTcyWdbqRXYL_ECynt8eQKvAMj8Dif_msvM4h5hIQ8IXTLFRvVfrh1e4va6OOUhkMxnjDQGuB_tuzOA2OPLUOTcFRQalQqFRuPwKcpLe1pfbcRiqofRbtRDMFM1taBLiT7l5_7-izbDF6OaNq0x6SK8etn_AfUOQcTlkYmWgbwBSW65BnF7hMpPWUnU5s3zYZUbaAACfNKblPaVz4Cw5QWcaqqzRA&__tn__=%2Cg']
2023-02-10 16:18:28,นอ' น้ำ,100005007017403,"['สอบถาม', 'กู้กยศ', 'กู้', 'ตอน', 'ปี', '1', 'เทอม', '1', 'เลยม', 'ทำ']",mumu,[]
2023-02-08 20:19:03,KMUTNB Community,843149610328298,"['หางานพาร์ทไทม์', 'ระแวก', 'ใกล้เคียง', 'มอ', 'แนะนำ']",mumu,[]
2023-02-10 04:02:58,KMUTNB Community,5166712650107233,"['เสื้อ', 'ช็อป', 'ใส่', 'กางเกง', 'ขา', 'กระโปรง', 'เอ', 'เรียน', 'ไหม']",mumu,[]
2023-02-09 09:15:51,Atjima Pongsawang,100008319667107,"['รู้', 'ตอน', 'เช้า', 'แถว', 'มอ', 'ขาย', 'น้ำ', 'เต้า', 'หู้']",mumu,[]
2023-02-07 21:45:41,Perth Ketnipha,100069571185244,"['หา', 'สัญญา', 'หอST', 'Sp', 'S9', 'ราคา', 'แปะ', 'ภาพ', 'หนู', 'หอ', 'คีการ์ด']",mumu,[]
2023-02-08 13:14:10,Parit Saenfangam,100004076294396,"['หาน้อง', 'ปี', '66', 'ค้าบ']",mumu,['https://m.facebook.com/photo/view_full_size/?fbid=3002846493194531&ref_component=mbasic_photo_permalink&ref_page=%2Fwap%2Fphoto.php&refid=13&_ft_=encrypted_tracking_data.0AY8u-_HrOK1_Xb1P4MYrH32to_TDjW8tF6HX65xRgDoNgU1NySlv6HCfGzmSkjtSKh-5rucL7bXj3QJCBhNePrc1rTOykoI21pbMCAOyubOTCnZ1raYOmErftAYCg_cSQbQ0dbFil4m2B8P0mocvat7VFbYbaenGh2k1kqgXFRvMxCOXGNAGrmKI5z_vTeoRkhaC7GSXMt6x1MUBbUnWqDQXHBI-aMoe84KjEA-pEk74nFsKVs1BIfvpf84hrvcidwvCEPR51EQ9dN4ZTk3kW1y2OVWWgjoenjrczTnJfds9mc83oHFSga2u7yfXD9BVfHTp3kJPQ213sjsukcTvcb68PL_ev9eo6uuLPBOu7PSE6O8dKQVdyFML9eMXSjmHIfmtawIWm2Ym8hSqls4oplb6oMPkQATaDta475jatrQmt5wN04tXiOBCqj3MNRmOyxmooP7XLAO-DLBkBAIEec1OyQ3Rd7JKrTWXQZgKMvNLXe_V87zobcLNkJh05tzaVLUNU96axtjY1SFPnIfkUs_3UAbJu2SXepDFNDM67ixBAZcDRsfZM0dBE-wHlwLnJ7T4_YqpGrYD-txmDsT59JgPJEq_0wNl3QaFMkOlxGh8u5B-jqwl0AuI9ZvFKU9bsfa-hddZpJ3VFza1hYy97p7TOXK4VKDz0Lo8_PG3PRbvPuJj2-8zpFpCWsSY2AQ1A9resXJ4lg15xIKOEalmxAJWK6Bpu7OiDM9GKKQQ9M-UGXCai8RWRUGFpuGVoGguuiJ_eBUMzFI86Cc8QXRPFZ-\\-\\5fQudHYaIV8QDR8pqzFotFfVby-XDDvTS3SHzfpWXKVARG-nHpEenBQa9Nf0BlnhCWGF_4jZ9mGofHot-h21fEgYifTuh5i9mlzXC_OTy0TIK3ge56ONmVAtm9wUGF-OP3Dib23k3idfbii6bwQCQZmMUcmukwzpIr8IydRxC1wTmMiSObZWDn5cwpNAdKij7rD5osGNwqtA_hT3GvEXakjg47IBvcBseAtMIQdacbXD7zcvfW6g2m_6vJQq0WiJGxatlgbE9xYLOV4ZOnd9klguf0v75n6MI6tzRHw0k53AMNJaR4orOdi4qZ5x2wGKsN-wJagJLmUDdtfRDDM&__tn__=%2Cg']
2023-02-10 14:24:12,Tanawit Chundee,100000987500507,"['น้อง', 'มจพ', 'คน', 'พี่', 'โปรฯ', 'ยิม', 'มอ', 'ฝาก', 'สนใจ', 'ทัก', 'เพจ', 'ยิม', 'ผม', 'Mentor', 'Gym', 'ฟิตเนส', 'พระจอมเกล้าพระนครเหนือ', 'ซวงศ์', 'สว่าง', '11', 'โปรโมชั่น', 'ฉลอง', 'เดือน', 'รัก', '1', 'คู่', 'ราคา', 'สมาชิก', 'ยิม', '1', 'เดือน', 'จ่าย', '999', 'ท่าน', 'ปกติ', '1500', '2', 'คน', 'ราคา', 'สมาชิก', 'ยิม', '2', 'เดือน', 'จ่าย', '1999', 'ปกติ', '3000', 'ตก', '33', 'ซื้อ', 'สิทธิ์', 'อายุ', 'เวลา', 'โปรโมชั่น', '114', 'กพ', '23', 'ติดต่อ', 'สอบถาม', 'Tel', '089', '226', '3435', 'Line', 'mentorgym', 'Mentor', 'gym', 'ฟิตเนส', 'พระจอมเกล้าพระนครเหนือ', 'วงศ์สว่าง', '11', 'IG', 'mentorgymwongsawang', '11']",ประกาศซื้อขาย,['https://m.facebook.com/photo/view_full_size/?fbid=6017308368312020&ref_component=mbasic_photo_permalink&ref_page=%2Fwap%2Fphoto.php&refid=13&_ft_=encrypted_tracking_data.0AY_caceuYBZZxN1tiwjkDxu3VurKr4LFwp3XB5Umt8aQLDnExleJ0MuBNrSL3dZiCDZGXVC7iPrDWHjrZbQvXclfLL7cJQTD6wBYpCHydCKUZa_DtCfNDwpHNYC-6YmcvzyH7pSs69O6FoyeXpim2KOdHvRu2koBjGmNU0C4GE3CQg1B8TmvRBXORVtozc4OEi_JJ1ktR9LiA9_BNx6XvACR-wlh_qbWzcGDQ3cJ5zilF0WzYsiyphmQgGUZkPKSvdGVXbYDgZPMwo8ekMeiSXp-Q0nEIFB7sjfo3o5MLBtmtlJp2bvsA2WukC8a2Cz_dRiZEG7cpVoJ-76thswOXOztIrY_3BXJ9xRxee80-bvje2MucUlryKavq3PE08VZ4GIYQU1daaNnXci6ih0rCrJKSuyxSw5iote0bSEQxflIZgl_qHGa_GpND4D7TU68GWFnN7tn2039v671UMne8xNW1ffoBr2UaEyIU-7JfGjPLwrzzdpj_CQy2fzY9GHhUf6ffqiNohxgj3-Z_4KSUC91-VLJebhCuU4QuCLN5nJdRNbYvGN6Gw79iFNUCOw42NffjO0e5AnuMX-wp9USw1ZULW4gQKaKrwQHgQX9psgUsKAyDqddEnJUzvCoGz9xn6YXjqSNK6M6JDt2RnY9jPeRblmPgkFhtDG9ZHTTfSL_8jH1axQTYrcBPTXFA8ipPvrmH1AOL-7h_s59DZJVhTk6lEkvR06-aAmRX_I_WGUdO8t9jLaI0A-\\-\\-eBpnQjAAlKvNYiMbly79YEbg045WxoepjB1KFjJ6yaRKgbJ4ny70YBlZtK_0Nr0Bj7byvx9YugfcSNADJ8Xki9skFObK9drzFEI4XsqbAWrkEBJccKs-rhVTNAdgj8R6NKj998NYl6Bjtcn17qSyEB66Ci51jO724qvW2VVjymyxULOinpHd1CJ3E_DZiWCiVrUEKL6ju8C6hget2cmsognf3DXJZ9pIBKXhkHcZ5Bcd0Og3-0_XqsdGRbNd3l8bgbBpqmnHncEdhy-1AT4mMrj30vFzPGlLzKBHtNtJPWYVNbEcDbpVyZVW9yvhCKLdxnkr2-Zz9860gwrFhN2-nKRkCkw2b6RKbOHX-tm9Z1g_ce8mDB5_GbjUqfD215-Q7Atzi5xxn71QYQpVmyWPeWL3GKJIOUZ_pjVqC3pCHb0wppXWj76wylBXPPmdirtNkAxQxQCLo8gAvUgGPPPG-1se_AsiQQaWW7GVv1HfEH4rIKuA4yy3gn8kjWYe2ZUN0tNC-MwHwtpa8S4qopApJVP9uhIMadJyF5UGFV0SYbqkBGBDaGiAdtXwCA9YVUWT1abB3kj_sAHjRL49vCenkXugmMgaOOR85meeLwhqiMyGMCNTtmINCpokMUHNMElUYMFSZP4Y4dvwxPA-U6G6KKELkz8U2DDrtuEQlwE4b1JamfcnVzyiRrj89B7764saXdi_trxCN2OgJz2obwGYHLq8fORQ2P2gNr7kakc2VukGcKh8iC1Y-6anZA-MnfNDiK-KvODZcrzYmIBcbTdMLbeb59CfjIDYlt0KW9RdG4NN6V1lJzeFXgkBgyz0mpUtdD-y25HGzgNG8VYolul_bPxeRDcwYuKHH70LpJZlIZ-ml4OoIrIruLaRzrw6gSTXJQcELwkgLagp7Tj2nHgK3HbcT6uu-5vG4qc72kfx8PnAwm-VOPPGfK2XhFCZbAnLWYbQtHerDgwAZDyUiX3vjmtjIIacSv0A3Pb1CQv-YP0HdhYeWNDW1Qzyy8uqPRijFncX4PqnESd68Kn-KHO4DI&__tn__=%2Cg']
2023-02-09 22:03:12,Ta Ruchira,100023681537803,"['แนะนำ', 'หอ', 'ไหม', 'ห่า', 'มอ', 'โลก', '2', 'โล', 'หน้า', 'มอ', 'มอหลัง', 'มอ', 'ห้อง', '4000']",mumu,[]
2023-02-10 17:11:10,KMUTNB Community,1991469221045460,"['หิ้ว', 'กระเป๋า', 'สถาปัตย์', 'รัก', 'ฮะ', 'ด้าย', 'ยยยยยย']",mumu,[]
2023-02-09 14:31:19,KMUTNB Community,701274438161330,"['หา', 'หอพักใกล้', 'มอ', 'เดิน', 'เรท', '20004000']",mumu,[]
2023-02-09 05:45:58,Tuay,100023457019510,"['หา', 'หอหลัง', 'มอ', 'มอ', 'ราคา', '46']",mumu,[]
2023-02-08 11:01:56,KMUTNB Community,624318373029651,"['หาหอ', '35004000']",mumu,[]
2023-02-10 17:05:01,KMUTNB Community,1830030704037630,"['รู้', 'วิธี', 'ทำ', 'เรื่อง', 'เงิน', 'เทอม', 'คืน', 'ไหม']",mumu,[]
2023-02-06 22:45:41,KMUTNB Community,1516952872076126,"['หา', 'หอ', 'คอนโด', '5500']",mumu,[]
2023-02-04 13:51:37,KMUTNB Community,466593785608350,"['หา', 'หอ', 'พัก', 'มอ', 'ราคา', '5500', 'บาท', 'เดือน', 'เดิน', 'เรียน']",mumu,[]
2023-02-09 23:40:55,Saypan Naenbumrung,100006041282126,"['จ้าง', 'ขนข', 'อง', 'หนัก', 'ตู้', 'เย็น', 'ย้าย', 'หอ', 'หอ', 'ห่', '1', 'กม']",ประกาศซื้อขาย,[]
2023-02-10 12:08:26,Krittima Thongyeam,100010753413724,"['เพื่อน', 'น้อง', 'มจพ', 'อนุญาต', 'ประชาสัมพันธ์', 'ชมรมคริสต์เตียน', 'มจพ', 'เชิญชวน', 'คน', 'กิจกรรม', 'พบปะ', 'เพื่อน', 'รัก', 'กิจกรรม', 'คร่าว', 'ร้อง', 'เพลง', 'เล่น', 'ดนตรี', 'แบ่งปัน', 'พูดคุย', 'ทำ', 'รู้จัก', 'เล่น', 'บอร์ด', 'เกม', 'พฤหัสบดี', '1630', 'น', '1900', 'น', 'ห้อง', 'ชมรมคริสต์', 'ตึกโรง', 'อาหาร', '40', 'ชั้น', '6', 'ปล', 'คน', 'คริสเตียน', 'ยินดี', 'ต้อนรับ', 'เพื่อน', 'คน', 'เจอ', 'GOD', 'BLESS', 'YOU', 'ALL']",mumu,['https://m.facebook.com/photo/view_full_size/?fbid=1836645196703910&ref_component=mbasic_photo_permalink&ref_page=%2Fwap%2Fphoto.php&refid=13&_ft_=encrypted_tracking_data.0AY_Omb-sQ4Vf8YxQuh_50pt9eGNIDBc0RtTcM9tbOq4vOzirtJMewdDv9BJjmHCPTZTUO2fTe6f0VrGB7DlV43n-SzfA_Ivr5B_-mYQXNWm8tIBVkc5rQ-IpbXBy6ZlGU02M_DhlTR14uPeChbL5n0IeM050h2q5UaS2UljGJteV5BUCmBkFfrY_jpMkM4jZtfHLLB_FZCglBuiSQxgpyo8qMDmtFAAzCfbOtZVyPNHDlWFUQVK_mirfnVysqMmS2BFc1i6Ox4wdZum7GIs5jGpYD3PfMfggQ6iEvrFhBt6byeuYXRncp563k-uMBii2bMN3w0fmI4OLfqCcyGoFvJz_Z7qaEVwEpnybX9rioCaaVlsXGor0Glm86IlAoSKYPrjQITe1QFNgngWyrvRiEfBgYFIqqtjKlmrk3tpwISU0I5WAtOVlnhsCMT0tSgj790YL6ftrobg7CCsddMeU9PHbBUEc8ZCKt5OLnp-CLmaddOFDXPPc_7Sfqq9e6BXtFHbAtdYfEj_DzE5-YOtt3uBs5MXCXhIXN_NLbRKKaocqdiPiein8ICNdQKysBhN0lWqiDzp9ZC2okQQImU5Bh33g0laks_kKnYYllp6fGNuAoO2_antOHgTX44mQukvnLCeoJqgdnDSGpD042vcwp5ZJ9URSs8pc56cILJv8gmA-1dkYFU_B1_1mn4BfBBpcVZ8wM9tOs8PmIpcCY8OgFG3IjESGf6_xQx6d5Z2iL36K_GCuoSrLB5wfU5ZL2NsLGwIhdvVwg_iA6Aw01nZu6bBG8UQJkJuUIoHHAUpkRtK2HT70cud4pAglcWqFCFCsTgxGPmTFanPFVkOnfkha0FjfarZWZP6mGtP5RvVcCYqcVedAsPXURKQRAQL-1WqHLbqaskTY1znTIHhL8rFjYS1Rmzpfs0OFEkcyOIEwquqvp3MIc5hYFSNZ5zCCIBydzJ3tOipXHLmtO1FzmL_GXjnOXCkLVb2p5LGLgnpv9F5dXnPmiJP978Cc-zKJgmdGg5jFnOdK-ajuJIUIdbJbDY6VumE2S7NAhgr2yo5CWKp26qotwPY-BVJwwHYO9jy2DYpTejZ1AJaWmumd3yMsDtEqyfnUQ7SekSBWh-tGJ3I&__tn__=%2Cg']
