,text,post_type
0,"['อัพเดท', '01082022', 'แผนที่', 'เดิม', 'ลอง', 'ทำ', 'แผนที่', 'หอพัก', 'มจพกรุงเทพ', 'แนวทาง', 'น้อง', 'หอ', 'พัก', 'น้อง', 'คน', 'หา', 'หอ', 'พัก', 'ติดต่อ', 'หอ', 'พัก', '…', 'โหลด', 'แผนที่', 'ชัดเจน', 'ภาพ', 'แตก', 'ลิงค์']",2
1,"['ห้อง', 'ผม', 'ฝาก', 'แชร์', 'ประกาศ', 'เช่า', 'คอนโด', 'Majestic', 'Tower', 'ซอยวัดกำแพง', 'ห้อง', 'ขนาด', '31', 'ตาราง', 'เมตร', 'ชั้น', '12', 'วิว', 'สวย', 'สิทธ์', 'จอด', 'รถ', 'ยนต์', '1', 'คัน', 'คอนโด', 'สถานี', 'รถ', 'ไฟฟ้า', 'แยกติวานนท์', '5', 'นาที', 'คอนโด', 'มพระจอมเกล้าพระนครเหนือ', 'เฟอร์นิเจอร์', 'เครื่อง', 'ไฟฟ้า', 'เตียง', 'นอน', 'โซฟา', 'ทีวี', 'ตู้', 'เย็น', 'ไมโครเวฟ', 'เครื่อง', 'ทำ', 'น้ำ', 'อุ่น', 'เตียง', 'นอน', 'โต๊ะ', 'กิน', 'ข้าว', 'โต๊ะ', 'อ่าน', 'หนังสือ', 'ตู้', 'รองเท้า', 'ตู้', 'เสื้อผ้า', 'โต๊ะ', 'เครื่อง', 'แป้ง', 'อำนวย', 'สะดวก', 'สระ', 'ว่ายน้ำ', 'รปภ', 'กล้อง', 'วงจรปิด', '24', 'ชั่วโมง', 'ร้าน', 'ค้า', 'ร้าน', 'อาหาร', 'ร้าน', 'ซักรีด', 'จอด', 'รถ', 'ยนต์', 'มอเตอร์ไซค์', 'ราคา', '5500', 'บาท', 'เดือน', 'สัญญา', '2', 'ปี', 'สนใจ', 'ติดต่อ', '0853532850', 'เอิร์ท', 'Line', 'id', 'donaldearth', 'ผม', 'เจ้าของ', 'ห้อง', 'ดูแล', 'ดี', 'นายหน้า']",1
2,"['ขาย', 'สาย', 'ชาร์จไอโฟน', 'usb', 'c', 'lightning', 'ไหม']",2
3,"['พบเห็น', 'airpod', 'pro', 'หาย', 'ตึก', '82', 'จอด', 'รถ', 'มอไซค์', 'หาย', 'ขวา', 'เจอ', 'รบกวน', 'ทัก', 'ขอบคุณ']",0
4,"['สอบถาม', 'พี่', 'ติด', 'IEE', 'วิศวะ', 'PnETCT', 'ฝั่ง', 'วทอ', 'พี่', 'สอง', 'คณะ', 'โปรโมท', 'คณะ', 'ตัว', 'ตัดสินใจ', 'อยู๋', 'เลือก', 'เรียน', 'ดี']",2
5,['สมัคร'],2
6,"['รีวิว', 'พี่', 'เรียน', 'คณะ', 'พัฒนา', 'ธุรกิจอุตสาหกรรม', 'BBR']",2
7,"['ขาย', 'สัญญา', 'หอ', 'พัก', 'ขาย', 'สัญญา', 'หอ', 'บ้านสราญสุข', 'ไหม', 'ขาย', 'สัญญา', 'หอ', 'ย้าย', 'เพื่อน']",1
8,"['ขาย', 'เครื่อง', 'คำนวณ', 'ไหม']",2
9,"['สอบถาม', 'ไฟฟ้า', 'สาขา', 'โทรคมนาคม', 'ใบ', 'กวไหม']",2
10,"['วิชา', 'Engineering', 'mechanics', '1', 'ภาษา', 'อังกฤษ', 'เทอม']",2
11,"['พัด', 'ลม', 'โต๊ะ', '12', 'นิ้ว', 'แกะ', 'งาน', '250', 'นัด', '11']",1
12,"['ขาย', 'ลูก', 'ชิ้น', 'งาน', 'วัดพระจอม', 'ชื่อ', 'ร้าน', 'ปั่น']",1
13,"['Contact', 'รุ่น', 'พี่ปี', '1', 'ภาควิชาวิทยา', 'คอมพิวเตอร์', 'CS', 'ผม']",2
14,"['สรุป', 'วิชา', 'MANUFACTURING', 'PROCESSES', 'ไหม']",2
15,"['ปล่อยเครื่', 'อง', 'เลข', 'มั้', 'ยครับ']",2
16,"['เครื่อง', 'ค', 'เลข', 'รา', 'คา', 'เครื่อ', 'งง']",2
17,"['ปล่อย', 'เครื่อง', 'คิดเลข']",2
18,"['ปุกาศ', 'ปุกาศ', 'ร้าน', 'โอโตยะ', 'สาขา', 'เกตเวย์', 'ซื่อ', 'สมัคร', 'งาน', 'พาร์ทไทม์', 'ชม', '50', '฿', 'เดินทาง', '50', '฿', 'ทำ', 'งาน', 'สนุก', 'สนใจ', 'ลอง', 'ทัก', 'สอบถาม', 'รายละเอียด']",2
19,"['หา', 'หอ', 'แถว', 'มอ', 'ใกล้เคียง', 'หอ', 'เฟอร์นิเจอร์', 'แอร์', 'โต๊ะ', 'หนังสือ', 'ตู้', 'เย็น', 'ระเบียง']",2
20,"['Mc', 'คณิตศาสตร์', 'เชิง', 'วิทยาการ', 'คอม', 'เรียน', 'คับ', 'พี่', 'รี', 'วิว', 'คับ']",2
21,"['เรียน', 'จบ', 'ตั้', 'เทอม', 'ตรวจสอบ', 'จบ']",2
22,"['อนุญาต', 'สอบถาม', 'เงิน', 'กยศ', 'เทอม', '165', 'ไหม']",2
23,"['เครื่อง', 'เลข', 'สี', 'ดำ', 'บัตร', 'ศึกษา', 'สอบ', 'เช้า', '900', '1200', 'น', 'ลืม', 'หน้า', 'ห้อง', '703', 'ตึก', '88', 'ตอน', 'ดู', 'หาย', 'เปล่า']",0
24,"['หาหอราคา', 'ราคา', '5000', 'มอ', 'ร้าน', 'ขาย', 'ร้าน', 'ข้าว', 'ดี', 'แนะนำ', 'ขอบคุณ', 'ล่วงหน้า']",2
25,"['ตะ', 'แนะนำ', 'หอ', 'พัก', 'มหาลัย', 'ราคา', '5000']",2
26,"['หา', 'หอ', 'คอนโด', 'แถว', 'ม', 'จพราคา', '5500']",2
27,"['ยื่น', 'กู้', 'กยศ', 'ทำ', 'เอกสาร', 'ดู', 'เพจ', 'งง', 'พี่', 'แนะนำ']",2
28,"['ลืม', 'ห้อง', 'สอบ', 'หน้า', 'ห้องน้ำ', 'ชั้น', '6', 'ตึก', '88']",0
29,"['แนว', 'ข้อ', 'สอบ', 'ฝึกหัด', 'วิชา', 'แมททีเรียล']",2
30,"['พี่', 'เรียน', 'BMS', 'ไหม', 'รี', 'วิว', 'เรียน', 'ดู', 'วิชา', 'เรียน']",2
31,"['พี่', 'คน', 'รี', 'วิว', 'csb', 'ไหม', 'รู้', 'เรียน', 'ไหม']",2
32,"['สอบถาม', 'พี่', 'คณะวิทยาศาสตร์', 'ประยุกต์', 'เคร่ง', 'เรื่อง', 'กฏระเบียบ', 'เครื่อง', 'แต่ง', 'กาย', 'ผม']",2
33,"['รีวิว', 'วิศวกรรม', 'ผลิต', 'PE', 'เรียน', 'เตรียม', 'ตัว', 'สังคม']",2
34,"['สอบถาม', 'พี่', 'หนู', 'ติด', 'วิศวะ', 'มจพ', 'พี่', 'แนะนำ', 'หนู', 'ข้อ', 'ดี', 'ข้อ']",2
35,"['หา', 'ห้อง', 'สอบ', 'วิชา', 'วิทย์ศาสตร์', 'ชีวิต', 'ประจำ', '03', 'PTT', 'อาจารย์', 'กลาง', 'รบกวน']",2
36,"['กระเป๋า', 'สตางค์', 'หาย', 'รถ', 'เมล์', 'แอร์', 'สาย', '97', 'ติดต่อ', 'พี่', 'กระเป๋า', 'รถ', 'เมล์', 'ฝาก', 'คืน']",0
37,"['หอ', '19', 'แยก', '5', '11', 'ใกล้บิ๊กซีวงศ์สว่าง', 'มพระจอมเกล้าพระนครเหนือ', 'สะพาน', 'พระราม7', 'ห้อง', 'พัด', 'ลม', 'ราคา', '2500', 'บาท', 'เดือน', 'ห้อง', 'แอร์ราคา', '3500', 'บาท', 'เดือน', 'อำนวย', 'สะดวก', 'WiFi', 'กล้อง', 'วงจรปิด', 'เครื่อง', 'ซัก', 'ผ้า', 'หยอด', 'เหรียญ', 'ระบบ', 'คีย์การ์ด', 'สะดวก', 'สะอาด', 'ปลอด', 'ภัย', 'สนใจ', 'ติดต่อ', 'โทร', 'Line', '089', '2041336']",1
38,"['แถว', 'มอมี', 'หมึก', 'เครื่อง', 'ปริ้นepson', 'ขาย']",2
39,"['หา', 'ซื้อ', 'ยืม', 'เครื่อง', 'เลข']",2
40,"['IMI', 'ฟิสิกส์', 'ประยุกต์', 'เรียน', 'สังคม', 'พี่', 'แนะนำ']",2
41,"['โดน', 'เรื่อง', 'สี', 'ผม', 'ตอน', 'สอบ', 'ทำ', 'สี', 'ดำ', 'รายงาน', 'ตัว', 'นึง', 'รายงาน', 'ตัว']",2
42,"['หาสเปคหอ', '1', 'ดู', 'ดี', 'กลัว', 'นศเยอะ', '2', 'หิ้ว', 'คน', '3', 'ลิฟต์', 'แอร์', '4', 'ตัว', '5', 'เสียง', 'รบกวน', '6', 'บรรยากาศ', 'รอบ', 'ดี', '730005000', 'ต้น', '8', 'หอ', 'สะดวก', '9', 'เดือน', 'เมษายน', '10', 'ดู', 'โปร่ง', 'สี', 'ห้อง', 'ฉูดฉาด', 'สเปค', 'แนะนำ']",2
43,"['ปล่อย', 'PC', 'ราคา', 'ไหม', 'การ์ดจอ']",1
44,"['หาสเปรย์', 'ผม', 'ดำ', 'คับ', 'พน', 'เช้า', 'ด่วน', 'คับ']",2
45,"['หา', 'เมท', 'ผญ']",2
46,"['สอบถาม', 'รุ่น', 'พี่', 'รี', 'วิว', 'เรียน', 'สาขา', 'C', 'ตัดสิ้นใจ', 'สมัคร', 'เรียน']",2
47,"['หา', 'บ้าน', 'เช่า', 'เดินทาง', 'สะดวก', 'มอ', '45', 'คน', 'งบ', '12000']",2
48,"['ขาย', 'เครื่อง', 'เลข', '300', '฿', 'นัด', 'มอ', 'มอ', 'ค้าบบ', 'บบ', 'sold']",1
49,"['อนุญาต', 'พื้นที่', 'สำหรับ', 'คน', 'ดูด', 'บุหรี่', 'เจตนา', 'กล่าวหา', 'คน', 'ดูด', 'เกรงใจ', 'คน', 'หอเดียว', 'ดูด', 'ระเบียง', 'ห้อง', 'กลิ่น', 'ตัว', 'โรค', 'ภูมิแพ้', 'กระทบ', 'สำหรับ', 'ตัว', 'ผม', 'คน', 'ห้อง', 'ห้อง', 'ดูด', 'ผม', 'เรื่อง', 'เรื่อง', 'พื้นที่', 'พื้นที่', 'เรื่อง', 'ธรรมดา', 'คน', 'วุฒิภาวะ', 'ดูด', 'ดูด', 'ห้อง', 'ล็อค', 'ห้อง', 'กลิ่น', 'คน', 'ลำบาก', 'คน', 'ขอบคุณ', 'เวลา', 'อ่าน']",2
50,[],2
51,"['ผม', 'ยื่น', 'เอกสาร', 'ลา', 'ผม', 'คน', 'เอกสาร', 'แทน']",2
52,"['ขาย', 'กางเกง', 'ศึกษา', 'เอว', '30', 'ซื้อ', 'เช้า', 'ใส่', 'สอบ', 'อายุ', 'งาน', '1', 'ชั่วโมง', 'ตี', 'มือ', '2', 'ซื้อ', '300', 'ขาย', '200', 'คับ', 'นัด', 'มอ', 'นัด', 'มอ', 'นัด', 'มจพ']",1
53,"['ขาย', 'router', 'รูสาย', 'LAN']",1
54,"['ขาย', 'สัญญา', 'U', 'PRIME', 'ตึก', '4', 'ชั้น', '3', '5900', 'เดือน', 'ย้าย', '5', 'มีนาคม', '66', 'สัญญา', 'ธันวาคม', '66', 'มัด', '10000']",1
55,"['เจอ', 'กระเป๋า', 'สี', 'ดำ', 'เหมือน', 'กระเป๋า', 'ตัง', 'ใบ', 'บัตร', 'นศ', 'ปาก', '23', 'แท่ง', 'เจอ', 'ฝาก', 'คอมเม้น', 'เดี๋ยว', 'ทัก', 'หา']",0
56,"['หา', 'บ้าน', 'เช่า', 'เพื่อน', '5', 'คน', 'บริเวณ', 'รอบ', 'มจพ']",2
57,"['อย่า', 'หอ', 'มอเอาเปรียบ', 'โดน', 'คับบ', 'หัก', 'ทา', 'สี', 'ซัก', 'ม่าน', 'แม่บ้าน', 'ตกลง', 'สัญญา', 'คับ', 'ผม', 'ม']",2
58,"['ค้า', 'บบ', 'พี่', 'น้องๆ', 'คน', 'ปริ้น', 'เอกสาร', 'เล่ม', 'รายงาน', 'ใบ', 'งาน', 'บริการ', 'น้า', 'ทัก', 'บ']",2
59,"['หา', 'หอ', 'หญิง', 'ห้อง', 'แอร์', 'โทรม', 'ใกล้ม', 'เดิน', 'งบ', '30004500']",2
60,"['ขาย', 'เข็มขัด', '100', '฿', 'ซื้อ', '2', 'ชม']",1
61,"['มอ', 'ล้าง', 'รถ', 'ไหม', 'บุญ', 'งับ']",2
62,"['สรุป', 'ENG', 'II', 'midterm', 'ค้าบ']",2
63,"['หา', 'หอ', 'พักหลัง', 'มจพ', 'ราคา', '3500', 'คน', 'เดิน', 'เรียน', 'ซิง', 'ล้าง', 'จาน', 'ระเบียง', 'ดี']",2
64,"['สเปย์', 'ผม', 'ดำ', 'ขาย']",1
65,"['31166', 'สอบ', 'ซ้ำซ้อน', 'แมททีเรียล', '63', 'ชั้น', '3', 'ห้อง', 'ปามเพรช', '1300', 'น', '1500', 'น', 'เจอ', 'lpan', 'air', '4', 'เคสสี', 'เทา', 'กระเป๋า', 'ผ้า', 'สี', 'ขาว', 'ไหม', 'ผม', 'ใส่', 'ติว', 'วิชา', 'ค้าบ']",0
66,"['พี่', 'แนะนำ', 'เรียน', 'พิเศษ', 'Engineering', 'Mathematics', 'I', 'Physics', 'I', 'เรียน', 'ออนไลน์']",2
67,"['dictionary', 'ยืม', 'ศุกร์']",2
68,"['ถาม', 'พี่', 'BBR', 'เรียน', 'เกี่ยว']",2
69,"['หา', 'จักรยาน', 'สี', 'ส้ม', 'รูป', 'สอง', 'จอด', 'จักรยาน', 'สี', 'ฟ้า', 'หาย', 'พุธ', '25', 'ตอน', 'เจอ', 'เจอ', 'รบกวน', 'ตอบ', 'โพสต์', 'จอด', 'หน้า', 'ตึก', '86', 'บ้าน', 'เจอ']",0
70,"['แถว', 'วงศ์สว่าง', 'ขาย', 'อุปกรณ์', 'สัตว์', 'เลี้ยง', 'ขอบคุณ']",2
71,"['รถ', 'ไอ', 'ติม', 'ไผ่', 'ทอง', 'มอ']",2
72,"['เจอ', 'กระเป๋า', 'สตางค์', 'ตก', 'แถว', 'ม', '44', 'ฝาก', 'ร้านชาพะยอม', 'ตรงข้าม', 'ม', '44', 'ติดต่อ', 'ร้าน']",0
73,"['ขาย', 'สัญญา', 'หอ', 'Ulife', 'Prime', 'ตึก', '4', 'ชั้น', '8', 'สัญญา', '10000', 'บาท', 'หอ', 'เดือน', '7200', 'บาท', 'สัญญา', 'มิถุนายน', '2566', 'ห้อง', '2', 'เตียง', 'แยก', '23', 'คน', 'ไฟ', '8', 'น้ำ', '19', 'มีคีย์การ์ด', '3', 'ใบ', 'เครื่อง', 'ซัก', 'ผ้า', 'ชั้น', 'ห้อง', 'แอร์', 'เครื่อง', 'ทำ', 'น้ำ', 'อุ่น', 'ตู้', 'เย็น', 'อ่าง', 'ล้าง', 'จาน', 'ห้อง', 'ระเบียง', 'สนใจ', 'สอบถาม']",1
74,"['หา', 'คน', 'ติว', 'แมททิเรียล', 'คืน', 'แจ้ง', 'ราคา', 'อ่าน', 'สมอง']",2
76,"['น้อง', 'คน', 'นั่ง', 'เล่น', 'ชม', 'วิว', 'ชิลล์', 'ติวสอบ', 'เพื่อน', 'ฝาก', 'ร้าน', 'Commu', 'Cafe', 'ค้าบ', 'ร้าน', 'โซน', 'มัลติฟังก์ชั่น', 'นั่ง', 'ชิลล์', 'อ่าน', 'หนังสือ', 'ติว', 'สอบ', 'เล่น', 'บอร์ด', 'เกม', 'แฮงก์', 'เอ้าท์', 'เพื่อน', '…', 'อาหาร', 'เครื่อง', 'ดื่ม', 'Coffee', 'Non', 'Coffee', 'Mocktails', 'Soft', 'drinks', 'ข้าว', 'เฟรนช์', 'ฟรายส์ชีส', 'นักเก็ต', 'Open', 'Everyday', '14002300', 'Grove', 'Residences', 'ชั้น', 'ดาดฟ้า', 'ซื่อ', 'ซอยวง', 'สว่าง', '11', 'มจพ', 'ℹ', 'For', 'details', 'cafebkk', 'cafe', 'มจพ', 'kmutnb', 'คาเฟ่']",2
77,"['รี', 'วิว', 'เรียน', 'พี่', 'BME']",2
78,"['หา', 'หอ', 'พัก', 'ม', 'ราคา', '2500', '3500', 'คน']",2
79,"['หา', 'โต๊ะ', 'พับ', 'ย้าย', 'หอ', 'ปล่อย', 'ทัก', 'หา', 'โต๊ะ', 'ทำ', 'กับข้าว', 'พับ']",2
80,"['รุ่น', 'พี่รีวิวหอ', 'เรียล', 'หนู', 'เลือก', '5555555']",2
81,"['สอบถาม', 'เรียน', 'ซัมเมอร์', 'ปี', '3']",2
82,"['ยินดี', 'ต้อนรับ', 'ค้า', 'บบ', 'cs']",2
83,"['วทอแม่พิมพ์', 'TDET', 'เตรียม', 'ตัว', 'แนะนำ', 'รี', 'วิว']",2
84,"['คน', 'ตึก', '40', 'ชั้น', '12', 'ยิมมวย', 'คน', 'สอน', 'คน', 'เล่น', 'เพื่อน']",2
85,"['หา', 'หอ', 'สอง', 'คน', 'เตียง', '2', 'ตู้', '2', 'ราคา', 'ไหร่']",2
86,"['รีวิว', 'วิศวะ', 'MHE', 'เรียน', 'เตรียม', 'ตัว', 'สังคม']",2
87,"['กระเป๋า', 'ใส่', 'รองเท้า', 'Adidas', 'สี', 'ดำ', 'แดง', 'รองเท้า', 'Vans', 'แถว', 'มอ']",0
88,"['ผม', 'ทะเบียน', 'วิชา', 'จ่าย', 'เทอม', 'เรียน', 'ใส่', 'ชื่อ', 'เรียน', 'ชื่อ', 'ห้อง', 'สอบ', 'ทำ']",2
89,"['หา', 'ร้าน', 'ซ่อม', 'อุปกรณ์', 'อิเล็กโทรนิค']",2
90,"['ชั้น', 'วาง', '70', '฿', 'สาม', 'ชั้น', 'นัด', 'มอ', 'คอนโดลุมพินีพิบูลสงคราม', 'ซอยวัดกำแพง']",1
91,"['ยีราฟ', 'แก้บน', 'ตัว', '55', 'บาท', '2', 'ตัว', '100', 'บาท', 'ราคา', 'พิเศษ', 'สินค้า', 'หอ', 'สนใจ', 'ทักib']",1
186,"['หา', 'หอ', 'พัก', 'มอ', 'ราคา', '5500', 'บาท', 'เดือน', 'เดิน', 'เรียน']",1
187,"['กล่อง', 'ใส่', 'ใส่', 'เครื่อง', 'สำอางค์', '30', 'บาท', 'ติดจอง']",1
188,"['หา', 'คน', 'ติว', 'แมท', '1', 'คับ', 'ดิฟ']",2
189,"['แนะนำ', 'หอ', 'หญิง', 'มอหน่อย']",2
191,"['รู้', 'สังคมใจ', 'มจพ', 'เด็ก', 'สถ', 'สังคม']",2
192,"['หา', 'พัก', 'ม']",2
193,"['รีวิว', 'หอ', 'kin', 'house', 'โอเค']",2
194,"['คน', 'อารมณ์', 'ป่าว', 'ตอน', 'อาจาร์ย', 'สอน', 'โคตร', 'ตอน', 'ข้อ', 'สอบ', 'รู้']",2
195,"['หา', 'คอนโด', 'ม', 'จพ']",2
197,"['เดี๋ยว', 'ฝาก', 'ยาม']",0
198,"['บัตร', 'นศ', 'หาย', 'ฝาก', 'ตึก', 'TGS', 'เป๋า', 'รถ', 'เมล์', 'เจอ', 'ตก', 'รถ', 'เมล์', 'สาย', '543', 'ศุกร์']",0
199,"['หา', 'สัญญา', 'หอไหน']",2
201,"['หา', 'หอ', 'พัก', 'มอ', 'ติด', 'สัญญา']",2
202,"['คืน', '5', 'ทุ่ม', 'ตี', '3', 'กระเป๋า', 'ตัง', 'หล่น', 'ทัก', 'หา', 'ผม', 'ขอบคุณ']",0
203,"['อนุญาต', 'ฝาก', 'ร้าน', 'ก๋วยเตี๋ยว', 'เรือ', 'ร้าน', 'หน้า', 'หอบ้านสราญสุข', 'หมู', 'ตุ๋น', 'เนื้อ', 'ตุ๋น', 'เอ็นแก้ว', 'พริก', 'ดอง', 'น้ำ', 'ส้มพริกป่น', 'ทำ', '•', 'ก๋วยเตี๋ยว', 'เรือ', 'หมูเนื้อ', '2025', '5060', '•', 'เกาเหลา', 'หมู', 'เนื้อ', '5060', '•', 'ข้าว', 'คลุก', 'กะปิ', '70', '•', 'แคปหมู', '10', 'เกี๊ยว', 'หมู', 'ทอด', '20', 'กาก', 'หมู', '20', 'แวะ', 'ทาน']",2
204,"['ผม', 'ติด', 'LE', 'กวอุต', 'ทำ', 'งาน', 'คน', 'จบ', 'IE', 'ไหม', 'ปล', 'ผม', 'ติด', 'IEมศก', 'LEมจพสต', 'อ', 'ทำ', 'งาน', 'โรง', 'งาน', 'เติบโต', 'บริหาร', 'IE', 'ไหม', 'LEม', 'จพ', 'ทำ', 'งาน', 'เหมือน', 'ลังเล', 'บ้าน', 'แถว', 'มจพ', 'connetion', 'แน่น', 'ทำ', 'งาน', 'เหมือน', 'เลือก', 'LEมจพนี้', 'พี่', 'LE', 'IE', 'รู้', 'ผม', 'กลัว', 'เลือก', 'เดิน', 'ขอบคุณ']",2
205,"['มอไซต์', 'มอ', 'บิด', 'ขนาด', 'หู', 'ดับ']",2
206,"['สอบถาม', 'ตา', 'บอด', 'สี', 'เรียน', 'ผม', 'ตา', 'บอด', 'สี', '25', 'ตรวจ', 'สุขภาพ', 'ตรวจ', 'ตา', 'บอด', 'สี', 'เทอม', 'จ่าย']",2
207,"['ทำ', 'แอร์พอด', 'โปร', 'ขวา', 'หาย', 'ล่วง', 'แถว', '3', 'แยก', 'มอ', 'เจอ', 'รบกวน', 'ติดต่อ']",0
208,"['ขาย', 'งาน', 'วัด', 'ทำ']",1
211,"['หา', 'หอราคา', '4500', 'เดินทาง', 'มอง่าย']",2
214,"['แถว', 'มจพ', 'หอ', 'ราคา', '24', 'พัน']",2
215,"['อนุญาติ', 'ฝาก', 'สำหรับ', 'เพื่อน', 'คน', 'สนใจ', 'สมัคร']",2
216,"['ฝาก', 'งาน', 'วิ่ง', 'ม', 'งาน', 'วิ่ง', 'มจพ', 'ปราจีน', 'ราคา', 'นศ', '300', 'บาท', 'น้อง', 'เพื่อน', 'คน', 'สนใจ', 'วิ่ง', 'เรียน', 'เชิญ', 'สมัคร', 'ลิงค์', 'เพจ', 'wwwkmutnbmarathoncom']",2
218,"['สอบถาม', 'เวลา', 'กลาง', 'คืน', 'คน', 'นอน', 'คน', 'นอน', 'เวลา', 'ชีวิต', 'รักษา', 'มารยาท', 'ดี', 'สอบ', 'ทำ', 'งาน', 'อ่าน', 'หนังสือ', 'นอน', 'แหก', 'ปากร้อง', 'เพลง', 'ตะโกน', 'เสียง', 'สงสาร', 'เกรงใจ', 'คน', 'หอ']",2
219,"['ขาย', 'สัญญา', 'หอ', 'พัก', 'ริม', 'น้ำ', 'ราคา', '9000', 'บาท', 'สัญญา', 'เดือน', 'พฤษภาคม', '2566', 'คืน', '9000', 'บาท', 'เช่า', 'เดือน', '4500', 'บาท', 'ซอยวงศ์', 'สว่าง', '11', 'ห่าง', 'มอ', '300', 'เมตร', 'เดิน', 'เรียน', 'สะดวก', 'ห้อง', 'แอร์', 'พัดลม', 'โต๊ะ', 'ตู้', 'เสื้อผ้า', 'เตียง', '5', 'ฟุต', 'ห้อง', 'ริม', 'น้ำ', 'ชั้น', '1', 'จอด', 'รถ', 'มอเตอร์ไซค์', 'รถ', 'ยนต์', 'ห่าง', '711', '200', 'เมตร', 'หอ', 'เงียบ', 'สงบ', '1', 'มีนาคม', '2566', 'รายละเอียด', 'inbox', 'สอบถาม']",1
220,"['สอบถาม', 'วทอ', 'สอบ', 'ไหม']",2
221,"['ขาย', 'สัญญา', 'หอ', 'ห้อง', 'ขนาด', '21', 'ตรม', 'เตียง', 'ขนาด', '5', 'ฟุต', 'ปลั๊ก', 'บิวท์', 'อิน', 'หัว', 'เตียง', 'โต๊ะ', 'เตียง', 'โต๊ะ', 'อ่าน', 'หนังสือ', 'ชั้น', 'วาง', 'หนังสือ', 'ตู้', 'เสื้อผ้า', 'ขนาด', 'กระจก', 'เต็ม', 'ตัว', 'ระเบียง', 'ล้าง', 'จาน', 'ก๊อก', 'น้ำ', 'แยก', 'ปลั๊ก', 'ไฟ', 'รอบ', 'ห้อง', 'ชั้น', 'วาง', 'รองเท้า', 'ห้อง', 'แอร์', 'เครื่อง', 'ทำ', 'น้ำ', 'อุ่น', 'ตู้', 'เย็น', 'อำนวย', 'สะดวก', 'สระ', 'ว่าย', 'น้ำ', 'จอด', 'รถ', 'มอเตอร์ไซค์', 'รถ', 'ยนต์', 'ลุงยาม', 'เฝ้า', 'คืน', 'ลุงใจดี', 'กล้อง', 'วงจรปิด', 'ชั้น', 'เครื่อง', 'ซัก', 'ผ้า', 'หอ', 'ตู้', 'กด', 'ขนม', 'กด', 'เครื่อง', 'ดื่ม', 'wifi', 'ห้อง', '2', 'user', 'ติด', 'ไมโครเวฟ', 'กลาง', 'เข้าหอ', 'สแกน', 'หน้า', 'นิ้ว', 'ห้อง', 'เดือน', '5800', '฿', 'ชั้น', '5', 'สัญญา', '10000', '฿', 'ทัก', 'คุย', 'น้ำ', 'หน่วย', '20', '฿', 'ไฟ', '8', '฿']",1
222,"['หาหอหลัง', 'ม', 'ต้น', 'เดือน', 'มิถุนายน', 'ราคา', '40004500', '2', 'คน', 'ประกัน', 'แพง', 'หอ', 'ปลอด', 'ภัย']",2
223,"['แนะนำ', 'หอ', 'พัก', 'มหาลัย', 'ราคา', '5000']",2
224,"['หา', 'สัญญา', 'หอS', '9', 'แพลน', 'ย้าย', 'คน', 'รู้จัก', 'แพลน', 'ย้าย', 'เมษา', 'นายหน้า']",2
225,"['ปริ้น', 'งาน', 'ค้าบ']",2
228,"['สอบถาม', 'ตรวจ', 'สุขภาพ', '25', 'กพ', 'คณะ', 'ไหม', 'ตรวจ']",2
229,"['ลูกค้า', 'ลืม', 'แวะ', 'ร้าน', 'ตัด', 'ผม', 'หัวโค้ง']",0
230,"['แถว', 'เติม', 'ลมพวก', 'ลูกบาส', 'ลูก', 'บอล', 'มอ', 'มอ']",2
232,"['หาหอเรท', '30004000', 'ใกล้ม', 'สอง', 'คน', 'สเปคหอ', 'หน่วย', 'น้ำ', 'ไฟ', 'แรง', 'ลาน', 'จอด', 'รถ', 'ห้อง', 'รอบ', 'ประสาท', 'กิน', 'เงียบ', 'กิน', 'รอบ', 'ใกล้ม', 'มัด', 'หอ', 'แรง', 'ปลแฟน', 'บรีฟ', 'หอ', 'แถม', 'ผี']",2
234,"['รุ่น', 'พี่', 'คน', 'แนว', 'ข้อ', 'สอบ', 'ข้อ', 'วิศวะ', 'โยธา']",2
235,"['ยื่น', 'โควต้า', 'ศิลปะ', 'วัฒนธรรม', 'หา', 'เพื่อน', '66']",2
236,"['ปล่อย', 'บัตร', 'BTS', 'To', 'Come', 'Cinemas', 'เสาร์', 'กพ', 'รอบ', '1700', '2', 'ใบ', '800', 'บาท', 'ต่อรอง']",1
237,"['ฝาก', 'พี่', 'รี', 'วิว', 'บิน', 'อวกาศ', 'AE', 'จบ', 'ทำ', 'งาน']",2
238,"['อนุญาต', 'โพสต์', 'แก้', 'หา', 'ยีราฟ', 'เชิญ', 'ออเดอร์', 'น้า', 'ยีราฟ', 'ตัว', '75', 'บาท', 'ราคา', 'ราคา', 'โรง', 'ปั้น', 'ตอน', 'ทัก', 'คุย', 'ราคา', 'สมหวัง', 'ยินดี', 'น้า', 'สม', 'หวัง', 'ค้า', 'สนใจ', 'Inbox', 'สอบถาม', 'นัด', 'มจพ', '4', 'กค', 'FBsirirat', 'FBปูน', 'ปั้น', 'ยีราฟ', 'นัด', 'มจพ', 'IGmjpukpikshop']",1
239,['มจพ'],2
241,"['หน่วย', 'กิตเกิน', 'ทำ', 'ทำ']",2
242,"['สอบถาม', 'วิชา', 'เสรี', 'science', 'daily', 'life', 'สอบ', 'กลาง', 'รึป่าว']",2
243,"['วิชา', 'science', 'daily', 'life', 'ดู', 'เลข', 'นั้ง', 'ห้อง', 'สอบ', 'คับ']",2
246,"['ประตู', 'มอปิด', 'กี่', 'โมง', 'ทราบ']",2
248,"['สอบถาม', 'ผม', 'สอบ', 'ติด', 'วิศวะ', 'ซ่อมบำรุง', 'อากาศยาน', '25', 'ตรวจ', 'สุขภาพ', 'ผม', 'ตา', 'บอด', 'สี', 'ครีบ', 'เรียน', 'ไหม']",2
249,"['ฝาก', 'Open', 'chat', 'สำหรับ', 'ซื้อขาย', 'มือ', '12', 'ละแวก', 'มจพหน่อย', 'อำนวย', 'สะดวก', 'สำหรับ', 'ต้องการ', 'ขาย', 'หา', 'สภาพ', 'ดี', 'ราคา', 'เชิญ', 'KMUTNB', 'มือ', '12', 'โปรด', 'แตะลิงก์', 'ล่าง', 'โอเพนแชท']",2
250,"['หา', 'หอ', 'พักหลัง', 'มอ', '2', 'คน', 'ราคา', '4500', 'บาท', 'ตัว', 'ตู้', 'เย็น', 'ติด', 'ตัว', '1', 'เครื่อง']",2
251,"['สอบถาม', 'รุ่น', 'พี่', 'ภาควิชาฟิสิกส์', 'อุตสาหกรรม', 'อุปกรณ์', 'แพทย์']",2
252,"['อนุญาต', 'ดี', 'สอบ', 'รอบ', 'สอง', 'สาขา', 'เครื่อง', 'กล', 'พี่', 'แนะนำ', 'ไหม']",2
253,"['รีวิวสาขา', 'ET']",2
254,"['แบ่ง', 'ขาย', 'หัว', 'ปากกา', 'Apple', 'Pencil', 'หัว', '230', 'บาท', 'นัด', 'มอ']",1
255,"['สอบถาม', 'ใบ', 'ศึกษา', 'ภาษา', 'อังกฤษ']",2
256,"['อนุญาต', 'สอบถาม', 'พี่', 'เพื่อน', 'กรณี', 'สอบ', 'ป่วย', 'กระทันหัน', 'ติดต่อ', 'หรอ']",2
257,"['รู้', 'กิน', 'ขาย', 'ม', 'ขาย', 'คับ']",2
258,"['ดรัมเมเยอร์', 'มอ']",2
259,"['เครื่อง', 'เลข', 'fx', '350', 'ES', 'PLUS', 'กล่อง', 'ราคา', '400', '23', 'นัด', 'มจพ']",1
260,"['สอบถาม', 'วิชา', 'chemistry', 'engineers', 'ซัมเมอร์', 'ไหม']",2
261,"['หา', 'หอรวม', 'เมษายน', 'ราคา', '30004500', 'ซอย', '11', 'เดิน', 'มอ']",2
263,"['วิชา', 'Exercise', 'skill', 'sport', 'สอบ', 'พรุ่ง', '3', 'กพ', '2566', 'เวลา', '1300', '1600', 'ทราบ', 'สอบ', 'ห้องไหน', 'ตึก', 'เช็ค', 'เว็บ', 'ถาม', 'อาจารย์', 'อาจารย์', 'ตอบ']",2
264,"['หา', 'หนังสือ', 'เล่น', 'นัด']",2
267,"['ขาย', 'สัญญาธนภัทรคอร์ท', 'ประตู', 'มอ', 'เดิน', 'เรียน', 'ห้อง', '4000', 'ขาย', 'มัด', '5000', 'สัญญา', 'มิถุนายน', 'ย้าย', 'มิถุนา', '8000']",1
268,"['บริจาค', 'ไฟล์น', 'สscilife', 'หนู', 'อ่าน', 'สอบบ']",2
269,"['สอบถาม', 'แนะนำ', 'วิชา', 'เสรี', 'วิชา', 'ตึง']",2
272,"['ปล่อย', 'บัตร', 'คอนริมผา', '10', 'ใบ', '800', 'บาท', 'ทัก', 'รอง', 'ราคา']",1
273,"['สอบถาม', 'รายละเอียด', 'วิศวะ', 'คอม', 'ฝั่ง', 'คณะ', 'วิศวะ', 'เทคโนโลยี', 'คอมพิวเตอร์', 'ฝั่ง', 'วทอ', 'รบกวน', 'แนะนำ']",2
275,"['เสื้อ', 'หนาว', 'hood', 'ตรา', 'HM', 'สี', 'เทา', 'นั่ง', 'บริเวณ', 'สวนปาลม์', 'ไหม', 'ผม', 'นั่ง', 'ตอน', '9001200', 'เจอ', 'รบกวน', 'ทักแช', 'ท']",0
277,"['กระเป๋า', 'สตางค์', 'หล่น', 'เจ้าของ', 'ติดต่อ', 'ประชาสัมพันธ์', 'วิทยาลัยเทคโนโลยีพงสวัสดิ์']",0
278,"['ทราบ', 'คลินิก', 'หมอ', 'แถว', 'มอ', 'รพ', 'แพง', 'แนะนำ', 'ไหม']",2
279,"['หอ', 'พัก', 'ดี', 'แนะนำ', 'มหาวิทยาลัย', 'ประกาศ', 'เรียน', 'ที่พระจอมเกล้าพระนครเหนือ', 'ไม๊', 'เช้า', 'รถ', 'ติด', 'มหาลัย', 'พี่', 'อนุญาติ', 'แนะนำ', 'หอ', 'พัก', 'ศึกษา', 'หญิง', 'แถว', 'มจพ', 'หอพัก', 'บัณฑิตา', 'หอ', 'ติด', 'ติด', 'รั้ว', 'เดิน', 'เรียน', 'ห่าง', 'ประตู', 'มจพ', '35', 'ก้าว', 'บรรยากาศ', 'ดี', 'วิว', 'โล่ง', 'ราคา', 'แพง', 'เจ้าของ', 'แม่', 'ใจดี', 'กิน', 'เดินทาง', 'สะดวก', 'หอ', 'ดี', 'รีบ', 'จอง', 'เต็ม', 'สอบถาม', 'Line', 'kunlaneec', 'โทร', '0854915395', 'สุดท้าย', 'ขอบคุณ', 'พื้นที่', 'ดี']",2
280,"['หา', 'ห้อง', 'ว่าง', 'คอนโด', 'มาเจสติก']",2
759,"['พี่วิน', 'มอ', 'ขับ', 'รถ', 'ตึงจัง', 'คับ', 'นึก', 'แทรค']",2
760,"['Make', 'friend', 'คน', 'นนน']",2
761,"['อย่า', 'ลืม', 'งาน', 'sathaparak', 'สถาปรัก', 'หน้า', 'ตึก', 'สถาปัตวัน', '10', 'กุมภานี้', 'น้า', 'บูธขาย', 'ดนตรี', 'สด', 'ประกวด', 'ดาว', 'เดือน', 'เพียบ', 'ย', 'อย่า', 'ลืม', 'แวะ', 'ร้าน', 'ตัว', 'มารดา', 'ดื่ม', 'น้ำ', 'อิตาเลี่ยน', 'โซดา', 'ชื่นใจ', 'แวะ', 'บูธ', 'สอย', 'ดาวสอยใจ', 'สนุก', 'รางวัล', 'คุ้ม', 'แน่นอน']",2
762,"['วาน', 'จอง', 'เลออ', 'เลิก', 'ตีฉิ่ง', 'ปิ้ง', 'บาบีคิว', 'เชิญ', 'ท่าน', 'พับ', 'กบ', 'แฮร่', 'ร้าน', 'Barbe', 'ชมรม', 'ดนตรี', 'ไทย', 'มงกุฎวดี', 'Kmutnb', 'เล่น', 'ดนตรี', 'รสชาติ', 'บาบีคิว', 'สอง', 'ลอง', 'ไม้', 'ซะใจ', 'งาน', 'ดนตรี', 'Music', 'Award', '24', '89', 'กุมภาพันธ์', '2566', 'ลาน', 'สวนปาล์ม', 'หน้า', 'ตึก', '40', '1700', 'น', 'ป']",2
763,"['หา', 'เครื่อง', 'เลข', 'มือ', '2', 'ราคา', 'รัก', 'ดี', 'ทำ', 'หาย', 'ตอน', 'สอบ']",0
764,"['หา', 'เพื่อนเมคเฟรน', 'กันค้า', 'บบ']",2
765,"['งาน', 'กีฬาสีวิทยา', 'จบ', 'หรอ']",2
766,"['ฝาก', 'ร้าน', 'ค้าบ', 'น้อง', 'วัย', 'รุ่น', 'มจพ', 'คน', 'สัก', 'ร้าน', 'หน้า', '11', 'เขต', 'บางซื่อ', 'กทม', 'ig', '19', 'inktattoo', 'งาน', 'สัก', 'งาน', 'ศิลป์', 'ชี้', 'วัด', 'คุณภาพ', 'คน']",2
767,"['งาน', 'ตลาด', 'ลาน', 'สวนปาล์ม', 'กี่', 'ทุ่มคะ']",2
768,"['ทำ', 'บัตร', 'นศ', 'หล่น', 'บริเวณ', 'งาน', 'มจพวัน', 'ทัก']",0
769,"['ฮ๊าบ', 'บบบบ', 'หา', 'น', 'นนน', 'ฮ้าบบบบ']",2
770,"['ปล่อย', 'กระทะ', 'ไฟฟ้า', 'anitech', '1200', 'ซื้อ', 'แกะ', '2', 'เครื่อง', 'นัด', 'มอ']",1
771,"['ลืมบัตร', 'ยูไลฟ์', 'หน้า', 'ตึกเคมี', 'ติดต่อ']",0
772,"['เรื่อง', 'สูบ', 'บุหรี่', 'มอ', 'สวน', 'ปาล์ม', 'สูบ', 'อ่ะ', 'เวลา', 'สูบ', 'สูบ', 'คน', 'สวน', 'ปาล์ม', 'คน', 'นั่ง', 'อ่าน', 'หนังสือ', 'คน', 'ชอบ', 'กลิ่น', 'บุหรี่', 'สูบ', 'มอมัน', 'สูบ', 'อ่ะ', 'สามัญสำนึก', 'คน', 'ควบคุม', 'ตัว']",2
773,"['สอบถาม', 'เกี่ยว', 'หอ', 'มจพ', 'รี', 'วิว', 'ฟัง']",2
774,"['มอ', 'ตรวจ', 'ATK', 'ใบ', 'ตรวจ']",2
775,"['แถว', 'มอ', 'ร้าน', 'ขาย', '”', 'สายกีต้า', '”']",2
776,"['ฝีมือ', 'สมาชิก', 'ท่าน', 'ใด']",2
777,"['ทำ', 'หู', 'ฟัง', 'ตก', 'หน้า', 'ตึกวิทยา', 'รับคืน', 'ร้าน', 'ชาบัง']",0
778,"['ลืม', 'บัตร', 'หน้า', 'icit', 'FINN', 'Space', '1700', 'ฝาก', 'พนักงาน', 'เซเว่น', 'ตึกวิทย์']",0
779,"['หา', 'หอพักใกล้', 'มอ', 'เดิน', 'เรท', '20004000']",2
780,"['หา', 'เพื่อน', 'ชะตา', 'กรรม', 'บบ']",2
781,"['อนุญาต', 'สอบถาม', 'สาขา', 'วิชา', 'InAER', 'PNETPE', 'RS', 'สอบขอ', 'ใบ', 'กว', 'ไหม', 'หลักสูตร', 'เทียบ', 'โอน', '3', 'ปี', 'แนะนำ', 'สำหรับ', '2', 'สาขา', 'วิชา', 'ขอบคุณ']",2
782,"['เจอ', 'บัตร', 'นศ', 'ทำ', 'บัตร', 'หาย', 'คอมเม้น']",0
783,"['รู้', 'ไหม', 'วิชา', 'statistics', 'everyday', 'life', '040503001', 'ตัดเกรด', 'A', 'ไหร่']",2
784,"['มาเมคเฟรนกัน', 'นนน']",2
785,"['หลุดจอง', 'เช่า', 'สิรินพาร์ค', '3', 'ม', 'เฟอร์นิเจอร์', 'จอด', 'มอไซต์', 'น้ำ', '4', 'หน่วย', '100', '฿', 'ไฟ', '8', '฿', 'ฟรี', 'WiFi', 'แรง', '5000', '฿', 'เดือน', 'ลด', 'ห้อง', '50', 'เดือน', 'ปล', 'ห้อง', 'รูป', 'นิดนึง', 'สัญญา', '1', 'ปี']",1
786,"['Line', 'open', 'chat', 'เมคเฟรนกัน', 'งับบ']",2
787,"['ปี', '1', 'หอ', 'หอ', 'ดี', 'รบกวน', 'รี', 'วิว']",2
788,"['พน', 'งาน', 'กิน', 'ขาย', 'ด', 'นตรี', 'หน้าตึก', '40', 'สวนปาร์ม']",2
789,"['ผม', 'สิทธิ', 'TCAS', 'อ่าน', 'เอกสาร', 'ย้อนหลัง', 'ทำ', 'มหาลัย', 'ใบ', 'แพทย์', '4', 'กุมภาพันธ์', '66', 'สิทธิ', 'TCAS', '7', '8', 'กพ', '66', 'ผม', 'สมเหตุสมผล', 'ใบ', 'ประกาศ', 'ชื่อ', 'สิทธิ', 'ศึกษา', 'ถาม', 'เพื่อน', 'พี่', 'คณะวิทยาศาสตร์', 'ประยุกค์', '11']",2
790,['เมคเฟรน'],2
791,"['ตู้', 'กด', 'เงิน', 'มกิน', 'บัตร', 'ทำ']",2
792,"['หา', 'หอหลัง', 'มอ', 'มอ', 'ราคา', '46']",2
793,"['หา', 'คน', 'ทำ', 'บัตร', 'หาย', 'ตึก', '81', 'ห้อง', '619']",0
794,"['หาหอ', 'พัก', 'คอนโด', 'เรทราคา', '45005500', 'เดือน', 'เฟอร์', 'ปลอด', 'ภัย', 'ดี', 'เดินทาง', 'มอ', 'สะดวก']",2
795,"['เมคเฟรน', 'คุย', 'เพี้ยน', 'กัด', 'ฉีด', 'ยา', 'igbbkkorn']",2
796,"['นื้เจอ', 'บู๊ท', 'เดิม', 'กุ้ง', 'ม่อน', 'ทะเล', 'ดอง', 'วาน', 'กระแส', 'ตอบ', 'ดี', 'น้ำ', 'จิ้ม', 'แซบ', 'ซี๊ด', 'ทุ่ม', 'ขอบคุณ', 'ลูกค้า', 'คน', 'อุดหนุน', 'เต็ม', 'เดิม', 'สุดท้าย', 'ววว', 'ฝาก', 'อุดหนุน', 'Music', 'Award', '24', 'บู๊ทตรง', 'งาน', 'ดนตรี', 'พระจอม', 'ตลาด', 'นัด', 'หน้า', 'ตึกสวน', 'ปาล์ม', 'ทีม', 'งาน', 'น้ำลาย', 'ยืด']",2
797,"['หวาน', 'เย็น', 'หวาน', 'ใจดี', 'ค้า', 'เชิญ', 'พี่', 'น้อง', 'แวะ', 'หา', 'อุดหนุน', 'ร้าน', 'เจอ', 'กั๊นน', '1630', 'น', 'งาน', 'ดนตรี', 'Music', 'Award', '24', 'ลาน', 'สวน', 'ปาล์ม', 'ตึก', '40']",2
798,"['ลืม', 'airpods', 'ลาน', 'จอด', 'รถ', 'มอไซร์', 'ข', 'ตึก', 'นวมินทร์', 'รับคืน', 'ร้าวริม', 'น้ำ']",0
800,"['ไก่', 'ทอด', 'หน้า', 'โรง', 'เรียน', 'ชมรมวิทยุ', 'อุดหนุน', 'ลาน', 'สวน', 'ปาล์ม', 'ตึก', '40', '8916', 'กุมภาพันธ์', '1630']",2
801,"['สอบถาม', 'พี่', 'สมัคร', 'เรียน', 'ตอน', 'โครงการ', 'โควต้า', 'รอ', 'สอบ', 'ขอบคุณ']",2
802,"['รุ่น', 'พี่', 'คน', 'แนะนำ', 'หอ', 'ดี', 'หนู', 'ปฐมนิเทศ', 'กิจกรรม', 'ทำ', 'เรียน', 'รบกวน']",2
803,"['หา', 'เพื่อน', 'IMI', 'ค้าบ']",2
804,"['หา', 'เพื่อน', 'พี่', 'เมคเฟรน', 'IBIT', 'ค้าบ']",2
805,"['เรียน', '6', 'ตัว', 'ดร้อปไป', '3', 'ตัว', 'ปัญหา', 'ไหม']",2
806,"['รู้', 'ตอน', 'เช้า', 'แถว', 'มอ', 'ขาย', 'น้ำ', 'เต้า', 'หู้']",2
807,"['ขาย', 'ตลาด', 'จันทร์', 'มอ', 'ติดต่อ', 'ไห', 'นคะ']",2
808,"['ก๊อก', 'เพื่อน', 'พี่ๆ', 'น้อง', 'ท่าน', 'ใด', 'สนใจ', 'ร้าน', 'ขาย', 'Creative', 'Market', 'คณะสถาปัตย์', '10', 'กุมภาพันธ์', '2566', 'แสกน', 'คิว', 'อาร์', 'โค้ด', 'ทะเบียน', 'จองบูธ', 'น้า', 'รีบ', 'น้า']",2
809,"['ถาม', 'รู้', 'ปี', '1', 'จ่าย', 'เทอม', 'ตอน', 'ใช้จ่าย', 'รายงาน', 'ตัว', 'ตอน', 'ประกาศ']",2
811,"['หา', 'เพื่อน']",2
812,"['ฟัง', 'รีวิว', 'IMI', 'อุปกรณ์', 'แพทย์', 'พี่', 'เรียน', 'ดี', 'ไหม']",2
813,"['รู้', 'เรื่อง', 'เทียบ', 'โอน', 'ปวสครับ', 'เรียน', 'ไหม']",2
814,"['พัก', 'อพาร์ตเมนต์ศรีสันติธรรม', 'รีวิว', 'สนใจ', 'คน', 'พื้นที่', 'ดู', 'กิน', 'เดินทาง', 'สะดวก']",2
815,"['หา', 'เพื่อน', 'IE', 'ค้า', 'บบ']",2
816,"['หา', 'สัญญา', 'หอ', 'มอ', 'เดือน', 'มิถุนายน', 'งบ', '30004500', 'แนะนำ']",2
817,"['แนะนำ', 'โรง', 'แรม', 'พัก']",2
818,"['ต้องการ', 'เรียน', 'ฤดู', 'ร้อน', 'วิชา', '030513120', 'Signal', 'System', 'ต้องการ', 'เปิดเซคชั่น', 'จำนวน', 'คน', 'ต้องการ', 'ทัก', 'ขอบคุณ']",2
819,"['มจพกรุงเทพ', 'รอบ', '4', 'เปล่า', 'ตัว', 'เรียน', 'สาย', 'อาชีพ']",2
820,"['imi', 'เมคเฟรน', 'กันค้าบ']",2
821,"['ผม', 'สอบถาม', 'เรื่อง', 'หอ', 'พัก', 'หา', 'หอ', 'ม', 'เดิน', 'เท้า', 'เรียน', 'ราคา', 'แพง', 'สภาพ', 'ห้อง', 'พัก', 'บรรยากาศ', 'สมราคา', 'รบกวน', 'พี่', 'แนะนำ']",2
822,"['เพื่อน', 'ฝาก', 'ขาย', 'ค้า', 'บบ', 'ขาย', 'สัญญา', 'คอนโด', 'มาเจสติก', 'ชั้น', '16', 'ห้อง', 'ริม', 'วิว', 'แม่น้ำเจ้าพระยา', 'มัดจำ', '10000', 'บาท', 'ราคา', 'เต็ม', '11000', 'เช่า', 'เดือน', '5500', 'บาท', 'จ่าย', '15500', 'เดือน', 'มีนาคม', '2566', 'ขนาด', 'ห้อง', '31', 'ตรม', 'ห้อง', 'กั้น', 'ห้อง', 'นอน', 'ห้อง', 'นั่ง', 'เล่น', 'ระเบียง', 'สาม', 'รถ', 'วาง', 'ราว', 'ตาก', 'ผ้า', 'เดิน', 'วิน', 'ป้าย', 'รถ', 'เมล์', 'เซเว่น', 'ร้าน', 'ค้า', 'คอนโดน', 'ปากซอย', '200', 'เมตร', 'ซอย', 'ตลาด', 'สด', 'มอไซค์', 'สะดวก', 'ห่าง', 'มอ', '25', 'กม', 'นั่ง', 'รถ', 'เมล์', 'มอ', 'สาย', 'นั่ง', 'มอไซค์', '5', 'นาที', 'รถ', 'ติด', '10', 'นาที', 'น้ำ', 'หน่วย', '17', 'บาท', 'ไฟ', 'หน่วย', '4', 'บาท', 'ห้อง', 'เตียง', '6', 'ฟุต', 'ตู้', 'เสื้อผ้า', 'แอร์', 'ขนาด', '18000', 'BTU', 'ตู้', 'เย็น', '2', 'ประตู', 'โต๊ะ', 'ไม้', 'เก้าอี้', 'ชุด', 'ซิ้ง', 'ล้าง', 'จาน', 'ห้องน้ำ', 'เครื่อง', 'ทำ', 'น้ำ', 'อุ่น', 'พัดลม', 'ดูด', 'อากาศ', 'กระจก', 'อำนวย', 'สะดวก', 'คอนโด', 'จอด', 'รถ', 'จักรยาน', 'ยนต์', '1', 'คัน', 'รถ', 'ยนต์', '1', 'คัน', 'ลิฟต์', '3', 'ตัว', 'สระ', 'ว่าย', 'น้ำ', 'ร้าน', 'สะดวก', 'ซื้อ', 'ชั้น', '1', 'เที่ยง', 'คืน', 'เครื่อง', 'ซัก', 'ผ้า', 'หยอด', 'เหรียญ', '24', 'ชม', 'กล้อง', 'วงจรปิด', 'เจ้าหน้าที่', 'รักษา', 'ปลอด', 'ภัย', '24', 'ชม', 'คีย์การ์ด', 'สัญญา', 'เดือน', 'มิถุนายน', '2566', 'ดู', 'ห้อง', 'ดู', 'ภาพ', 'ติดต่อ', '0621400723', 'คุณมิลค์']",1
823,"['หา', 'เพื่อน', 'คอนแทค', 'ค้าบ']",2
824,"['เมคเฟรนด์', 'ม้ายย']",2
825,"['หาหอ', '35004000']",2
826,"['หางานพาร์ทไทม์', 'ระแวก', 'ใกล้เคียง', 'มอ', 'แนะนำ']",2
827,"['เมรคเฟรน', 'เล่น', 'บาส', 'ดี']",2
828,"['หา', 'หอ', 'พัก', 'ชาย', 'ร', 'วม', 'อยู่ต', 'รั้ว', 'มจพ']",2
829,"['หาหอหลัง', 'ม', 'ราคา', '35004500', 'คับ']",2
830,"['มอ', 'ร้าน', 'ตัด', 'สาย', 'นาฬิกา']",2
831,"['สอบถาม', 'ติด', 'IBIT', 'รู้', 'สาขา', 'โอเค', 'ดี', 'เรียน', 'คณะ', 'รอบ', '3', 'ดี', 'พี่', 'แนะนำ', 'รี', 'วิว', 'ฟัง', 'เมคเฟรน']",2
832,"['แวะ', 'หน้า', 'อาคาร', '40', 'งาน', '5', 'โมง', '5', 'ทุ่ม']",2
833,"['หา', 'เพื่อน', 'IMI']",2
834,"['หา', 'เพื่อน', 'คั้บ']",2
836,"['ปุกาศ', 'ฝาก', 'ร้าน', 'ส้ม', 'ตำ', 'ม', 'จพ', '89', '16', 'กพนี้', 'งาน', 'ประกวด', 'ดนตรี', 'เวลา', '1700', 'น', 'เด้อ', 'อ้าย', 'กิน', 'ข้าว', 'เด้อ']",2
837,"['สาขา', 'กลุ่มไลน์', 'โอเพ่น', 'แชท', 'ไหม']",2
838,"['แนะนำ', 'พี่']",2
840,"['นัด', 'มอ', 'ปล่อย', 'กางเกง', 'ขา', 'สี', 'ขาว', 'เอว', '34', 'ซื้อ', 'ใส่', '199', '฿']",1
841,"['เลิก', 'ตีฉิ่ง', 'ปิ้ง', 'บาบีคิว', 'เชิญ', 'ท่าน', 'พับ', 'กบ', 'แฮร่', 'ร้าน', 'Barbe', 'ชมรม', 'ดนตรี', 'ไทย', 'มงกุฎวดี', 'Kmutnb', 'เล่น', 'ดนตรี', 'รส', 'ชาติ', 'บาบีคิว', 'สอง', 'ลอง', 'ไม้', 'ซะใจ', 'งาน', 'ดนตรี', 'Music', 'Award', '24', '89', 'กุมภาพันธ์', '2566', 'ลาน', 'สวนปาล์ม', 'หน้า', 'ตึก', '40', '1700', 'น', 'ป']",2
842,"['หา', 'เพื่อน', 'เทคโนโลยี', 'ผลิต', 'สารสนเทศIPTM', 'ค้า', 'บบ', 'มาเมคเฟรนกานน']",2
843,"['เข็มขัด', 'ซื้อ', 'ใส่', 'ตอน', 'สอบ', 'ขาย', '100', 'นัด', 'มอ', 'ขาย']",1
844,"['หา', 'Contact', 'เพื่อน', 'รุ่น', 'พี่', 'วิศวกรรม', 'คอมพิวเตอร์', 'CprE', 'ผม']",2
845,"['หาน้อง', 'ปี', '66', 'ค้าบ']",2
846,"['สนใจ', 'ลงเร', 'eng', 'con', 'ซัมเมอร์บ', 'ศึก', 'ษา', 'ปี', '4', 'ศึก', 'ษา', 'ตกค้าง', 'รวบรวม', 'รายชื', 'อาจาร', 'สอน', 'ซัมเมอร์']",2
847,"['ฝาก', 'เนื้อ', 'ฝาก', 'ตัว', 'คั้บบ']",2
848,"['แนะนำ', 'รุ่น', 'พี่', 'ผม', 'เตรียม', 'ตัว', 'ตอน', 'ดี']",2
849,"['บัตร', 'MRT', 'หล่น', 'หน้า', 'หอ', 'บ้านเอื้องฟ้า', 'ติดต่อ', 'รับคืน', 'เจอ', 'ถนน', 'หน้า', 'หอบ้านเอื้องฟ้า']",0
850,"['หา', 'เพื่อน', 'แทบ', 'รู้', 'ข้อมูล', '5555']",2
851,"['สอบถาม', 'ปโทค่า', 'เทอม', 'แบ่ง', 'ชำระ', 'ไหม', 'ทราบ', 'ไหม', 'ถาม', 'เพจ', 'ตอบ']",2
852,"['หา', 'บ้าน', 'เช่า', 'หลังม', 'บริเวณ', 'ใกล้เคียง']",2
854,"['พบเห็น', 'airpod', 'gen', '1', 'เคส', 'รูป', 'หาย', 'บริเวณ', 'หน้า', 'ตึก', '52', 'ติดต่อ', 'ขอบคุณ']",0
855,"['แถว', 'มอ', 'เย็บ', 'พื้น', 'รองเท้า', 'สตั๊ด', 'ดี']",2
856,"['โอเพ่น', 'แชท', 'Pnet', 'วทอ']",2
857,"['หา', 'เพื่อน', 'คั้บ', 'บบ']",2
858,"['ASB', 'หาเมคเฟรน', 'เพื่อน', 'พี่', 'คณะ', 'ค้า', 'บบ']",2
1153,"['หา', 'ร', 'ถ', 'กระบะ', 'ขน', 'ย้าย', 'หอ', 'ซอย', '11', 'เสาร์', '25']",2
1154,"['หา', 'เพื่อน', 'กลุ่มไลน์']",2
1155,"['ขาย', 'สัญญา', 'ไหม', 'หา', 'หอ', 'หาหอจริง', 'เมษา', 'มิถุนา', '555555', 'sp', 's', '9', 'salcha', 'mira', 'คอนโดแอสปาย', 'ลุมพินี', 'ขอบคุณ', 'ล่วงหน้า']",2
1156,"['เจอ', 'กระเป๋า', 'ตัง', 'สี', 'น้ำเงิน', 'รูป', 'หาย', 'ตึก', '40', 'ชั้น', '3', 'แข่ง', 'วอลเลย์']",0
1157,"['ปล่อย', '1500', '฿', 'pencil', 'gen', '1', 'มือ', '2', 'หัว', 'ปากกาแถม', 'กล่อง', 'งาน', 'ปี', 'นึง', 'สภาพ', 'ดี', 'ดู', 'รูป', 'ขาย', 'ไอ', 'แพด', 'นัด', 'หอหลัง', 'มอ']",1
1158,"['หา', 'หอพัก', 'งบ', '30003500', 'บวก', 'ลบ', 'ติด', 'สัญญา', 'สอบ', 'final']",2
1159,"['คณะ', 'วิชา', 'ไหม', 'เวลา', 'คะแนน', 'สอบ', 'Midterm', 'Final', 'วิชา', 'คะแนน', 'ศึกษา', 'โชว์', 'หน้า', 'จอ', 'ไลน์', 'ชื่อ', 'ศึกษา', 'เพื่อน', 'คณะ', 'ไหม', 'ระบบ', 'คน', 'ผม', 'ตัวอย่าง']",2
1160,"['สอบถาม', 'พี่', 'ชื่อ', 'โครงการ', 'กีฬา', 'ประกาศ', 'ตอน', 'หรอ', 'เว็บ', 'ประกาศ', '10', 'กุมภา', '66']",2
1161,"['เช่า', 'บ้าน', 'หมู่บ้านสิรีนพาร์ค', '2', 'พื้นที่', 'ใช้สอย', '200', 'ตรม', '4', 'ห้อง', 'นอน', '2', 'ห้องน้ำ', 'บ้าน', 'หน้า', '6', 'เมตร', 'จอด', 'รถ', 'คัน', 'สนใจ', 'โทร', '0813335375']",1
1162,"['หาสัญญา', 'หอ', 'U', 'Life', 'Prime']",2
1163,"['ขาย', 'โต๊ะดราฟมือ', 'สอง', 'ขนาด', 'A', '0', 'สภาพ', 'งาน', 'ปกติ', 'รอย', 'แตก', 'ตำหนิ', 'เวลา', 'งาน', 'ไฟ', 'ติด', '3', 'ดวง', 'แถม', 'Tslide', '3500', '฿', '3200', '฿', 'ขอบคุณ']",1
1166,"['หา', 'สัญญา', 'หอ', 'atom', 's', '9', 'ต้']",2
1167,"['ขาย', 'เครื่อง', 'ปริ้นEPSON', 'L', '3210ecotank', 'ประหยัด', 'น้ำ', 'หมึก', 'ปริ้น', 'สแกน', 'ถ่าย', 'เอกสาร', 'ประกัน', '1', 'ปี', 'เต็ม', 'ศูนย์', 'ประเทศ', 'หมึก', 'เต็ม', 'สีสด', 'สวย', 'งาน', 'ขาย', '2800', '฿', 'รอง', 'นัด', 'มครับ']",1
1168,"['อนุญาต', 'สอบถาม', 'เกี่ยว', 'สาขา', 'In', 'AER', 'เทียบโอน', 'แนะนำ', 'สำหรับ', 'สาขา', 'เรื่อง', 'เรียน', 'แนะนำ', 'ขอบคุณค่า']",2
1169,"['หา', 'ร้าน', 'ขาย', 'ไดฟุกุสตอเบอรี่', 'ตอน', 'งาน', 'ดนตรี', 'ลาน', 'สวนปาล์ม', 'อร่อย', 'กกก', 'กิน']",2
1170,"['หาคอนโด', 'Aspire', 'ราคา', 'ศึกษา']",2
1171,"['ทำ', 'บัตร', 'ศึกษา', 'หาย', 'ชื่อ', 'พุ่มดารา', 'ความทรงจำ', 'นึก', 'กด', 'เงิน', 'ตู้', 'บัวหลวง', 'ไปรษณีย์', 'มอ', '8', 'กพ', 'เวลา', '1532', 'น', 'ขอบ', 'พระคุณ', 'แวะ', 'อ่าน', 'หา']",0
1172,"['แนะนำ', 'ร้าน', 'ซ่อม', 'รองเท้า', 'มอ']",2
1173,"['ประกาศ', 'คัด', 'กีฬา', 'ประกาศ', '10']",2
1174,"['อนุญาต', 'แอดมิน', 'CON', 'หา', 'ศึกษา', 'คณะ', 'สถาปัตยกรรมศาสตร์', 'ชั้น', 'ปี', '24', 'สนใจ', 'ฝึกฝีมือ', 'หา', 'เสริม', '1', 'ตึก', 'อพาร์ตเมนต์', '58', 'ชั้น', 'จิตนาการ', 'โปรแกรม', 'ถนัด', 'ต้องการ', 'รูป', 'Perspective', '23', 'มุม', '2', 'แปลน', 'พื้น', '1', 'ชั้น', 'คร่าว', '3', 'ตอบแทน', '30005000', '฿', '1', 'งาน', 'งาน', 'ดี', 'บริษัท', 'พิจารณา', 'งาน', 'Portfolio', 'ตัวอย่าง', 'งาน', 'TanyaratLertgmailcom']",2
1175,"['สมัคร', 'กฎกติกา', 'อ่าน', 'ฟอร์ม', 'ด่าน', 'ล่าง']",2
1176,"['สาขา', 'IMI', 'Line', 'group', 'สำหรับ', 'dek', '66']",2
1177,"['หา', 'หอคอนโด', 'เช่า', 'ราคา', '40006500']",2
1178,"['หาหอพักงบ', '3500', 'ต้น', 'เดือน', 'มกรา']",2
1179,"['รับสอน', 'วิชา', 'theory', 'structures', 'ce']",2
1182,"['ขาย', 'สัญญา', 'หอ', 'mentor', 'dormitory', 'ห้อง', 'ชั้น', '2', 'เช่า', 'หอ', 'เดือน', '5700', 'บาท', '5200', 'เดือน', 'มิถุนา', 'สัญญา', '10000', 'ตอน', 'ย้าย', 'คืน', 'ระบบ', 'ปลอด', 'ภัย', 'ดี', 'คีย์กร์ด', 'ม', 'จพ', 'เดิน', 'เรียน', 'ล่าง', 'หอ', 'พัก', 'ร้าน', 'อาหาร', 'ร้าน', 'สะดวก', 'ซื้อ', 'เครื่อง', 'ซัก', 'ผ้า', 'อุปกรณ์', 'ตู้', 'เย็น', 'เครื่อง', 'ทำ', 'น้ำ', 'อุ่น', 'แอร์', 'wifi', 'เตียง', 'นอน', '5', 'ฟุต', 'ตู้', 'เสื้อผ้า', 'โต๊ะ', '120', 'cm', 'เก้าอี้', '2', 'ตัว', 'ไฟ', 'หัว', 'เตียง', 'ผ้า', 'ม่าน', 'ราว', 'ตาก', 'ผ้า', 'ย้าย', 'ต้น', 'เดือน', 'มีนาคม', '2566', 'สนใจ', 'ทัก', 'สอบถาม']",1
1183,"['เจอ', 'เดิน', 'เรียง', 'หน้า', 'กระดาน', 'ตอน', 'เจอ', 'ตอน', 'อัพเวลซะ', 'เดิน', 'ข้าม', 'ถนน', 'เดิน', 'ข้าม', 'สาม', 'แยก', 'กระชั้นชิด', 'สน', 'รถ', 'ดู', 'รถ', 'ข้าม', 'ข้าม', 'แถม', 'เบรค', 'หัน', 'หน้า', 'ตึง', 'ใส่', 'เบรค', 'ชน', 'ขา', 'หัก', 'แขน', 'หัก', 'อย่า', 'โอดโอย', 'เด้อ', 'วัยรุ่น']",2
1185,"['น้องๆ', 'CEE', 'ปี', '66', 'รบกวน', 'สาขา', 'ค้าบ', 'ครุศาสตร์', 'โยธา', '66']",2
1187,"['เวลา', 'ทำ', 'สอบถาม', 'อาจารย์', 'นิดเดียว', '5', 'วิเสร็จ', 'แน่นอนน']",2
1188,"['หา', 'บ้านเช่า', 'มอ', 'เพื่อน', 'ราคา', '1000015000']",2
1189,"['สำหรับ', 'คน', 'หา', 'เมทหาหอ', 'เมษา', 'เมทผม', 'ย้าย', 'หา', 'คน', 'หาร', 'หอ', 'ซอย', '13', 'สนใจ', 'ดู', 'รูป', 'คอมเม้น', 'เดี๋ยว', 'ผม', 'ทัก', 'คุย', 'รายละเอียด']",2
1190,"['Make', 'friend', 'kan', 'kub']",2
1191,"['ประกาศ', 'ชื่อ', 'วง', 'รอบ', 'ชิง', 'ชนะ', 'เลิศ', '16', 'กุมภาพันธ์', '2566', 'เรียง', 'ลำดับ', 'คะแนน', 'ประกาศ', 'คะแนน', 'รวบรวม', 'คณะกรรมการ', '—', '—', '—', '—', '—', '—', '—', '—', '—', '—', '—', '—', '—', '—', '—', '—', '—', '—', '—', '—', '—', '—', '—', '—', '—', 'ปลขอ', 'วง', 'เตรียม', 'ตัว', 'เจอ', 'รอบ', 'ชิง', 'ชนะ', 'เลิศ', 'kmutnbmusicaward24', 'musicclub', 'kmutnb']",2
1194,"['ทำ', 'กุญ', 'คอนโดหาย', 'ฟิตเนสใต้', 'สนาม', 'บอล']",0
1195,"['สอบถาม', 'กู้กยศ', 'กู้', 'ตอน', 'ปี', '1', 'เทอม', '1', 'เลยม', 'ทำ']",2
1197,"['เสื้อ', 'ช็อป', 'ใส่', 'กางเกง', 'ขา', 'กระโปรง', 'เอ', 'เรียน', 'ไหม']",2
1199,"['หา', 'สัญญา', 'หอST', 'Sp', 'S9', 'ราคา', 'แปะ', 'ภาพ', 'หนู', 'หอ', 'คีการ์ด']",2
1201,"['น้อง', 'มจพ', 'คน', 'พี่', 'โปรฯ', 'ยิม', 'มอ', 'ฝาก', 'สนใจ', 'ทัก', 'เพจ', 'ยิม', 'ผม', 'Mentor', 'Gym', 'ฟิตเนส', 'พระจอมเกล้าพระนครเหนือ', 'ซวงศ์', 'สว่าง', '11', 'โปรโมชั่น', 'ฉลอง', 'เดือน', 'รัก', '1', 'คู่', 'ราคา', 'สมาชิก', 'ยิม', '1', 'เดือน', 'จ่าย', '999', 'ท่าน', 'ปกติ', '1500', '2', 'คน', 'ราคา', 'สมาชิก', 'ยิม', '2', 'เดือน', 'จ่าย', '1999', 'ปกติ', '3000', 'ตก', '33', 'ซื้อ', 'สิทธิ์', 'อายุ', 'เวลา', 'โปรโมชั่น', '114', 'กพ', '23', 'ติดต่อ', 'สอบถาม', 'Tel', '089', '226', '3435', 'Line', 'mentorgym', 'Mentor', 'gym', 'ฟิตเนส', 'พระจอมเกล้าพระนครเหนือ', 'วงศ์สว่าง', '11', 'IG', 'mentorgymwongsawang', '11']",1
1202,"['แนะนำ', 'หอ', 'ไหม', 'ห่า', 'มอ', 'โลก', '2', 'โล', 'หน้า', 'มอ', 'มอหลัง', 'มอ', 'ห้อง', '4000']",2
1203,"['หิ้ว', 'กระเป๋า', 'สถาปัตย์', 'รัก', 'ฮะ', 'ด้าย', 'ยยยยยย']",2
1207,"['รู้', 'วิธี', 'ทำ', 'เรื่อง', 'เงิน', 'เทอม', 'คืน', 'ไหม']",2
1208,"['หา', 'หอ', 'คอนโด', '5500']",2
1210,"['จ้าง', 'ขนข', 'อง', 'หนัก', 'ตู้', 'เย็น', 'ย้าย', 'หอ', 'หอ', 'ห่', '1', 'กม']",2
1211,"['เพื่อน', 'น้อง', 'มจพ', 'อนุญาต', 'ประชาสัมพันธ์', 'ชมรมคริสต์เตียน', 'มจพ', 'เชิญชวน', 'คน', 'กิจกรรม', 'พบปะ', 'เพื่อน', 'รัก', 'กิจกรรม', 'คร่าว', 'ร้อง', 'เพลง', 'เล่น', 'ดนตรี', 'แบ่งปัน', 'พูดคุย', 'ทำ', 'รู้จัก', 'เล่น', 'บอร์ด', 'เกม', 'พฤหัสบดี', '1630', 'น', '1900', 'น', 'ห้อง', 'ชมรมคริสต์', 'ตึกโรง', 'อาหาร', '40', 'ชั้น', '6', 'ปล', 'คน', 'คริสเตียน', 'ยินดี', 'ต้อนรับ', 'เพื่อน', 'คน', 'เจอ', 'GOD', 'BLESS', 'YOU', 'ALL']",2
1566,"['รีวิว', 'พี่', 'คน', 'งบ', '5500', 'หอ', 'คุ้มสุด', 'ปล', 'หน้า', 'หนู', 'อย่า', 'รำคาญ', 'พี่', 'ที่พึ่ง']",2
1567,"['พบเห็น', 'apple', 'pencil', 'gen', '2', 'หาย', 'ห้อง', '78316', 'หาย', 'ตอน', 'เรียน', 'เช้า', 'เจอ', 'รบกวน', 'ติดต่อ', 'เบอร์', '09270', '23322']",0
1568,"['หาทีม', 'ตอน', '2', 'คน', 'asอิม', 'เล่น', 'สนุก', 'เล่น', 'ขา', 'ตาย', 'ดี']",2
1569,"['หอ', 'ห้อง', 'คน', '4', 'ปี']",2
1570,"['กระโปรง', 'เพื่อน', 'เค้า', 'ตัว', '80', 'ค้าบ', 'ใส่', '1', 'นัด']",1
1571,"['ใบ', 'ใบ', 'ขับขี่', 'บริเวณ', 'ม', 'ใหนบ', 'ร', 'แรง']",2
1572,"['รบกวน', 'คน', 'คน', 'สังคม', 'เสียง', 'โวยวาย', 'ตอน', 'ดึก', 'นั่ง', 'คุย', 'นั่ง', 'ดื่ม', 'รบกวน', 'บ้าน', 'บ้าน', 'ตัว', 'ระแวก', 'บ้าน', 'เสียง', 'บ้าน', 'คุย', 'หน้า', 'บ้าน', 'บ้าน', 'ตัว', 'อะ', 'คน', 'ด่า', 'ชีวิต', 'กลัว', 'เนอะ', 'คน', 'ด่า', 'คน', 'รู้', 'ตัว', 'สนุก', 'จร๊า', 'หัวเราะ', 'สนุก', 'คืน', 'เตง', 'ชั้น', 'ใส่', 'เสื้อ', 'มอ', 'หวัง', 'โพส', 'ชั้น', 'รู้', 'รู้']",2
1573,"['คน', 'ศาล', 'มอว่า', 'ท่าน', 'ชอบ', 'ยีราฟ', 'คับ', 'ผม', 'ม้า', 'ลาย', 'ผม', 'ติด', 'คับ']",2
1574,"['แนะนำ', 'หอ', 'คอนโด', 'งบ', '7000']",2
1575,"['หา', 'หอ', '5500', 'ต่ำ', 'หอรวม']",2
1576,"['รู้', 'ไหม', 'รถ', 'เมล์', 'สาย', 'สถานีบาง', 'ซื่อมั้ง', 'หน้า', 'ม', 'อะครับ']",2
1577,"['หาหอหลัง', 'มองบ', '60006500', 'ต้องการ', 'หอ', 'ตู้', 'เย็น', 'ไมโครเวฟ', 'แอร์', 'เครื่อง', 'ทำ', 'น้ำ', 'อุ่น', 'โซน', 'ทำ', 'อาหาร', 'กิน', 'ทีวี', 'ไวไฟ', 'ขอบคุณ', 'คอมเมนต์', 'ล่วงหน้า']",1
1578,"['โฮม', 'ซ่อน']",2
1579,"['มอร้าน', 'บริการ', 'ชาน', 'ม', 'ไข่', 'มุก', 'งง']",2
1580,"['พี่บับเบิ้ล', 'ขอบคุณ', 'ลูกค้า', 'รัก', 'พี่', 'คร้าบ', 'รัก', 'ไหว']",2
1581,"['สิทธิ์', 'หนู', 'ทราบ', 'หนู', 'ติด', 'หนู', 'หนู', 'เอกสาร', 'ตรวจ', 'สุขภาพ', 'ทำ', 'เรียน', 'เรียน', 'ปลหนู', 'โทรหา', 'เบอร์', '02', '555', '2000', 'คน', 'แน้ววว']",2
1582,"['ดู', 'คอนเสิร์ต', 'nct', 'dream', 'ศุกร์', '10', 'มีนา', 'หาร', 'รถ']",2
1583,"['สอบถาม', 'ผม', 'สมัคร', 'เรียน', 'จ่าย', 'สมัคร', 'เรียบร้อย', 'ระบบ', 'มหาวิทยาลัย', 'รอ', 'ชำระ', 'เงิน', 'ผม', 'ทำ', 'รู้']",2
1584,"['ปริ้นงาน', 'ปริ้น', 'เอกสาร', 'ปริ้นร้าน']",2
1585,"['ถาม', 'รุ่น', 'พี่', 'ทำ', 'งาน', 'เรียน', 'ไหม', 'หนู', 'ทำ', 'งาน', 'เรียน', 'มัธยม', 'รู้', 'ทำ', 'งาน', 'เรียน', 'มหาลัย', 'เหมือน', 'ไหม', 'หา', 'งาน', 'ขอบคุณ']",2
1586,"['หา', 'บ้าน', 'เช่า', 'หล', 'แรงม', 'อยู', '45', 'คน', 'คับ', 'มีท', 'จอด', 'รถ', 'ปร', 'มาณ', 'เดือน', 'พค', 'ราคา', '1500018', '000', 'บาท']",2
1587,['คัด'],2
1588,"['แถว', 'หอ', 'SP', 'Apartment', 'ร้านปริ้นต์', 'เอกสาร']",2
1589,"['อนุญาต', 'หาหอนอก', 'แอร์พัดลม', 'ราคา', 'แรง', 'ห่าง', 'มอ', 'หอ', 'ซัก', 'เดือน', 'ดี', 'ขอบคุณ']",2
1590,"['มอ', 'ซอย', '11', 'จอด', 'รถ', 'ยนต์']",2
1592,"['ลืม', 'ลาน', 'วทอ']",0
1593,"['ใบ', 'แพทย์', 'ใบ', 'ขับขี่', 'ม', 'แนะนำ', 'ราคาดีย์']",2
1594,"['จันทร์', 'ห้อง', '78308', 'เครื่อง', 'เลข', 'ไหม', 'เก้าอี้']",0
1595,"['อนุญาต', 'หาเคส', 'Airpod', '3', 'ทำ', 'หล่น', 'หาย', 'บริเวณ', 'วินร้าน', 'ซัก', 'ผ้า', 'bubbles', 'เจอ', 'ติดต่อ', 'T', '0800473114', 'ทัก', 'ตัว']",20
1597,"['หา', 'คอนโด']",2
1598,"['หา', 'คอนโด', 'จอด', 'รถ', 'เดินทาง', 'มามหาลัย', 'สะดวก', 'mrt']",2
1599,"['หา', 'คอนโด', 'แถว', 'มอ', 'งบ', '60006500']",2
1600,"['พี่', 'คน', 'แนะนำ', 'เรื่อง', 'อ่าน', 'สอบ']",2
1601,"['ร้าย', 'ขาย', 'ดอก', 'ไม้', 'บริเวณ', 'ซื้อ', 'แฟน', 'พรุ่ง']",2
1602,"['แนะนำ', 'หน่อยค', 'หอ', 'หอนอก', 'ข้อ', 'ดี', 'ข้อ', 'เรทราคา', 'ไหร่']",2
1605,"['พี่', 'คน', 'แนะนำ', 'เรียน', 'พิเศษ', 'ไหม', 'แคล', 'ฟิสิกส์', 'เคมี']",2
1606,"['มอ', 'ร้าน', 'ขนม', 'รัก', 'เกี่ยว', 'วาเลนไทน์', 'ไหม', 'หรอ']",2
1607,"['เดินทาง', 'มหาลัย', 'mrt', 'สถา', 'รถ', 'หร', 'อคะ']",2
1608,"['ย้าย', 'คณะ', 'วิทยา', 'วิศวะ', 'ไหม', 'ทำ', 'เรื่อง', 'หรอ']",2
1609,"['ปล่อย', 'บัตร', 'Musketeers', '150', 'บาท', 'สะดวก']",1
1611,"['เป๋า', 'ตัง', 'ติดต่อ', 'ร้าน', 'นาโนโรตี', '0951910', '445', 'เจอ']",2
1612,"['ฝาก', 'ร้าน', 'HBread', 'HCocoa', 'ขนม', 'ปัง', 'ปิ้ง', 'เนย', 'น้ำตาล', 'สูตร', 'โบราณ', 'โกโก้', 'โรง', 'เรียน', 'school', 'busss', 'ขนม', 'ปัง', 'ปิ้ง', 'ชุด', '20', 'บาท', '2', 'แผ่น', 'สตอเบอรี่', 'นม', 'ข้น', 'โกโก้', 'สูตร', 'รถ', 'โรง', 'เรียน', 'Size', 'M', '25', '฿', '16', 'ออนซ์', 'Size', 'L', '30', '฿', '22', 'ออนซ์', 'ประตู', 'มอ', 'IGร้าน', 'happybreadl', 'happycocooa']",1
1613,"['ดร็อป', 'หรอ']",2
1614,"['csb', 'เมคเฟรน', 'อโลน']",2
1615,"['หอหน้าม', 'เดิน', 'ราคา', '3800', 'บาท', 'จอด', 'มอไซด์', 'เนตฟรี', 'บรรยากาศ', 'ดี', 'น้ำ', 'ไฟ', 'บริเวณ', 'นั่ง', 'อ่าน', 'หนังสือ', 'ทำ', 'กับข้าว', 'โทร', '085', '485', '4058']",1
1616,"['หา', 'ซื้อ', 'คอนแทคเลนส์', 'ม']",2
1617,"['ไอ', 'ร้าน', 'ขนม', 'ตึก', '90', 'ค้าง', 'หรอ', 'ซื้อ', 'กิน', 'กี่', 'ห่อ', 'บ้าน', 'ท้อง', 'ปวด', 'ท้อง']",2
1618,"['Celebration', 'RZero', 'x', 'เวลา', 'คน', 'คู่', 'RZero', 'caf', 'é', 'โปร', 'สั่ง', '2', 'เมนู', '1', 'บิลลด', '10', 'โปรพิเศษ', 'เบเกอรี่', 'เมนู', 'ลด', '20', '14', 'กุมภา', 'เดือน', 'เวลา', 'คู่', 'หวานใจ', 'กิน', 'หวาน', 'แก้', 'เหงา', 'แม่ง', 'IG', 'rzerocafeanddessert', 'ร้าน', 'ตรงข้าม', 'ซอย', 'S', '9', 'หอhyde', 'park', 'เวลา', 'ทำ', '12000000', 'น']",2
1620,"['หา', 'คอนโด', 'แถว', 'มอ', 'งบ', '6000', 'บาท', 'เดือน', 'ปลาย', 'เมษา']",2
1622,"['บัตร', 'นศ', 'หาย', 'คน', 'ขับ', 'วินเบอร์', '52', 'แยก', '711', 'มอ']",0
1623,"['มหาลัย', 'ใก้', 'ล', 'ศึกษา', 'พัก', 'แนะนำ', 'หอ', 'พัก', 'ดรปริญญา', 'ติดต่อ', 'ป้า', 'กัญญา', '0851673189', '02', '9130', '244', 'ราคา', 'แอร์', '2800', 'พัด', 'ลม', '2400']",1
1624,"['ตลาด', 'ตึก', 'หน้า', 'มอ']",2
1625,"['สอบถาม', 'พี่', 'คณะ', 'ครู', 'อุตสาหกรรม', 'ไหม', 'ปี', 'พี่', 'ไอแพด', 'โน๊ต', 'บุ๊ค']",2
2041,"['หา', 'หอราคา', '30004000', 'ราคา', 'มิถุนา', 'เดินทาง', 'มอ', 'สะดวก']",2
2042,"['หอ', 'พัก', 'เดือน', 'หอ', 'มอ', 'เพื่อน', 'จังหวัด', 'หา', 'ห้อง', 'จ่าย']",2
2043,"['เพื่อน', 'พระ', 'จอม', 'เรียน', 'มอ', 'รถ', 'จอด', 'จอด', 'เซเว่น', 'มอ', 'ไหม', 'พนักงาน', 'คลัง', 'ลำบาก', 'จอด', 'สาม', 'แยก', 'แบก', 'โล', 'เดิน', 'ข้าม', 'ถนน', 'อันตราย', 'ทำ', 'รถ', 'สาม', 'แยก', 'เลี้ยง', 'ลำบาก', 'รบ', 'กวน', 'ลด', 'จอด', 'จุด', 'มอ', 'ทำ', 'งาน', 'สะดวก', 'เหนือ', 'บ่ากว่าแรง', 'คลัง', 'เติม', 'ร้าน', 'ร้าน', 'ทำ', 'เวลา', 'ศึกษา', 'อย่า', 'ตัว', 'แรงงาน', 'คน']",2
2044,"['หา', 'dictionary', 'มือ', 'สอง', '2', 'เล่ม', 'ขาย', 'ยืม', 'เช่า']",2
2045,"['รบกวน', 'สอบถาม', 'พี่', 'คอนโด', 'Aspire', 'ตึกA', 'ตึก', 'B', 'แตกต่าง', 'แนะนำ', 'สำหรับ', 'คน', 'ขอบคุณ']",2
2046,"['สอบถาม', 'คะแนน', 'กลาง', 'math1', '13', 'คะแนน', 'สู้']",2
2047,"['แนะนำ', 'พี่', 'วิทย์', 'ประยุกต์', 'แมท', '2', 'ปี', '1', 'เทอม', 'สอง', 'ถอน', 'ดี', 'ถอน', 'ปี', 'ถัด']",2
2048,"['Thermofluidmath3mechanic', 'จบ', 'กี่', 'ปี', 'ตอน', 'ปี', '2', 'เทอม', '2', 'ME']",2
2049,"['ถาม', 'เรื่อง', 'จอด', 'รถ', 'รถ', 'บ่าย', '3', 'จอด', 'มอ', 'ใส่', 'ชุด', 'นศมา', 'จอด', 'แถว', 'รายวัน']",2
2050,"['หาหอ', '30003500', 'เดือน', 'มีค', 'หอรวม']",2
2052,"['ถอน', 'วิชา', 'เรียน', 'หรอ', 'ขอบคุณ']",2
2053,"['หวาน', 'เย็น', 'หวาน', 'ใจดี', 'ค้า', 'สุดท้าย', 'น้า', 'แวะ', 'อุดหนุน', 'ร้าน', '1630', 'น', 'งาน', 'ดนตรี', 'Music', 'Award', '24', 'ลาน', 'สวน', 'ปาล์ม', 'ตึก', '40']",2
2055,"['หอเครปหลัง', 'มจพ', 'เดิน', 'ประตู', '50', 'เมตร', 'หอ', 'ห้อง', 'ว่าง', 'เดือน', 'เมษา', '1', 'ห้อง', 'นอน', 'ตู้', 'เย็น', 'สนใจ', 'ติดต่อ', '0812985887', 'ชอบ']",2
2057,"['หาสัญญาหอศรีสันติธรรม', 'ห้อง', 'ราคา', '3800', 'เดือน', 'เมษา']",2
2058,"['ดิกชันนารี่', 'ยืม', 'เช่า', 'สอบ', 'พน', '8', 'โมง', 'เช้า', 'ไหม', '2', 'เล่ม', 'นัด', 'เจอib']",2
2060,"['หา', 'หนังสือ', 'Language', 'Cafe', '2', 'Code']",2
2061,"['เจอ', 'บัตร', 'ศึกษา', '65803', 'ผม', 'สอบ', 'วาน', 'ลืม', 'หา', 'เจอ']",0
2062,"['ซุ่ม', 'สมัคร', 'น้อง', 'สนใจ', 'หา', 'งานพาร์ทไทม์', 'สนใจ', 'แอดไลน์', 'แจ้ง']",2
2063,"['เรียน', 'แมททีเรียล', 'เซค', '13', 'ศุกร์', '18002100', 'ไหม']",2
2064,"['แนะนำ', 'ร้าน', 'ทำ', 'เล็บ', 'มอ', 'สวย', 'ราคา', 'แรง']",2
2065,"['ลืม', 'คีย์กร์าด', 'ร้าน', 'ถ่าย', 'เอกสาร', 'มอ', 'หน้า', 'ร้าน', 'ขาย', 'กาแฟ', 'สด']",0
2066,"['ขาย', 'เสื้อ', 'พละไซส์', 'M', '120', 'ใส่', 'กี่', 'นัด', 'ม']",1
2069,"['ผม', 'ปี', '2', 'สาขา', 'LE', 'ผม', 'หา', 'คน', 'ติว', 'ปลาย', 'วิชา', 'คอมเม้นท์', 'ทัก', 'เวลา', 'LOGI', 'STICS', 'AND', 'SUPPLY', 'M', 'STATISTICS', 'FOR', 'DATA', 'CONVERYING', 'ENGINEERING']",2
2071,"['สอบถาม', 'แถวมเรา', 'ร้าน', 'ซ่อม', 'เครื่อง', 'ดนตรี', 'ร้าน', 'ขาย', 'อุปกรณ์', 'เกี่ยว', 'เครื่อง', 'ดนตรี', 'พอดีคีย์', 'บอร์ด', 'เสียง', 'หาย', 'รู้', 'ซ่อม', 'รบกวน', 'แนะนำ']",2
2072,"['แจ้ง', 'ทราบ', 'sign', 'ต้น', 'เดือน', 'มีนาคม', '2023', 'ห้อง', 'ว่าง', '1', 'ห้อง', 'ชั้น', '3', 'ห้อง', 'หัวมุม', 'วีดีโอ', 'ห้อง', 'น้อง', 'ฝึก', 'งาน', 'แจ้ง', 'ย้าย', 'ห้อง', '5500', 'บาท', 'เดือน', 'รายละเอียด', 'รูป', '0813321721', 'add', 'line', 'เบอร์', 'first', 'come', 'first', 'serve']",1
2074,"['จบ', 'หนู', 'หนู', 'จบ', 'หา', 'ศึกษา', 'คณะครุศาสตร์', 'อุตสาหกรรม', 'ทำ', 'วัด', 'จิตวิญญาณ', 'ครู', 'ช่าง', 'อุตสาหกรรม', 'โปรเจคจบ', 'น้อง', 'ยยยย', 'โปรเจค', 'สร้าง', 'วัด', 'ทดลอง', 'ข้อมูล', 'วิเคราะห์', 'ตรวจสอบ', 'คุณภาพ', 'วัด', 'ตอน', 'IOC', 'แน้ว', 'ข้อมูล', 'นศ', '500', 'คน', 'วิเคราะห์', 'หา', 'อำนาจ', 'จำแนก', 'หา', 'Confirm', 'factor', 'analysis', 'สเกลมาตรวัดลิเคิร์ต', '6', 'ระดับ', 'เลือก', '6', 'เลือก', '1', '654321', 'นางสาวพลอย', 'ชมพู', 'หันชะนะ', 'ชัย', 'ศึกษา', 'ชั้น', 'ปี', '2', 'เทียบโอน', 'คณะครุศาสตร์', 'อุตสาหกรรม', 'สาขา', 'วิศวกรรม', 'ผลิต', 'อุตสาหการ', 'อนุเคราะห์', 'ศึกษา', 'คณะครุศาสตร์', 'อุตสาหกรรม', 'ท่าน', 'ทำ', 'สอบถาม', 'วิเคราะห์', 'ข้อมูล', 'ข้อมูล', 'ตรวจสอบ', 'คุณภาพ', 'วัด', 'จิตวิญญาณ', 'ครู', 'ช่าง', 'อุตสาหกรรม', 'เนื่อง', 'ส่วนน', 'ปริญญา', 'นิพนธ์', 'อนุเคราะห์มา']",2
2075,"['โครงการ', 'ฝึก', 'ทักษะ', 'ฝีมือ', 'ช่าง', 'ผม', 'อ่อคับ', '2000', 'ผม', 'เวลา', 'เรียน', '1', 'เดือน', 'เทอม', 'พัก', 'อะคับ', 'ปะคับ']",2
2076,['เมคเฟรนกันค่า'],2
2077,"['ประชาสัมพันธ์', 'คณะศิลปศาสตร์', 'ประยุกต์', 'มหาวิทยาลัยเทคโนโลยีพระจอมเกล้าพระนครเหนือ', 'เชิญ', 'ศึกษา', 'มจพ', 'โครงการ', 'อบรมการ', 'กิจกรรม', 'นันทนาการ', 'ฝึกอบรม', '4', 'มีนาคม', '2566', 'เวลา', '08001600', 'น', '5', 'มีนาคม', '2566', 'เวลา', '0830', '1300', 'น', 'เวลา', '0830', '1300', 'น', 'ระบบ', 'online', 'ZOOM', 'สมัคร', 'ทะเบียน', 'SDG', '4', 'Quality', 'Education', '8', 'Decent', 'Work', 'Economic', 'Growth', 'อบรม', 'กิจกรรม', 'นันทนาการ', 'มจพ', 'มหาวิทยาลัยเทคโนโลยีพระจอมเกล้าพระนครเหนือ']",2
2078,"['หา', 'หอ', 'งบ', '40005000', 'ต้น', 'เดือน', 'มิถุนายน']",2
2081,"['อนุญาต', 'สอบถาม', 'พี่', 'คน', 'ชี้แนะแนว', 'ข้อ', 'สอบ', 'แนวทาง', 'อ่าน', 'หนังสือ', '55555', 'ขอบคุณ']",2
2084,"['ถาม', 'รุ่น', 'พี่วิศวะ', 'ไฟฟ้า', 'โครงการ', 'ปกติ', 'สหกิจ', 'หรอ', 'เลือก', 'ปี', 'ไหนน']",2
2085,"['กระเป๋า', 'ตัง', 'ตก', 'สี', 'ดำ', 'ภาพ', 'บัตร', 'ศึกษา', 'บัตร', 'ประชาชน', 'ชื่อ', 'รบกวน', 'แจ้ง', 'เอกสาร', 'เงิน', 'เจอ', 'กระเป๋า', 'ตก', 'แถว', 'หน้า', 'วัดน้อย', 'จอด', 'รถ', 'วัด', 'หน้า', 'ปาก', 'ซอย', 'สินน้ำใจ', 'สำหรับ', 'เจอ']",0
2086,"['ร้าน', 'ขาย', 'เครื่องแบบ', 'มอเปิด', 'เสาร์', 'ไหม']",2
2087,"['สัญญา', 'Atom', 's9', 'st', 'ขาย', 'สัญญา', 'ตอน', 'ขา', 'ยก่อน', 'พฤษภา', 'ทัก', 'งับ']",1
2088,"['แถว', 'มอ', 'ร้าน', 'ขาย', 'แก้ว', 'พลาสติก', 'แพคนึง', '50', '100', 'แก้ว', 'อ่ะ']",2
2089,"['ประกาศ', 'สมัคร', 'กรรมการ', 'ฟุตซอล', 'งาน', 'ฟุตบอล', 'ประเพณี', 'โยธา', '26', 'กุมภาพันธ์', 'เวลา', '9001600', 'น', 'ต้องการ', 'คน', 'รู้', '“', 'กติกา', 'ฟุตซอล', '”', 'ตอบแทน', 'ค้าบ', 'ปลสนใจ', 'สมัคร', 'ทักแชท', 'ตัว']",2
2090,"['หา', 'หอพัก', '3500', 'มอ']",2
2091,"['หา', 'รถ', 'กระบะ', 'สปอนเซอร์', 'เขตป้อมปราบศัตรู', 'พ่าย', 'แถว', 'นา', 'บริษัทแลคตาซอย', 'พรุ่ง', 'ตอน', 'เช้า', '10', 'โมง', 'ราคา', 'รัก', 'ชมรมอาสาพัฒนา']",2
2095,"['5', 'สมาชิก', 'หอ', 'ย้าย', 'ห้อง', 'ชั้น', '3', 'วิวเมือง', 'ติดต่อ', 'ดู', 'ห้อง', 'พัก', 'สอบถาม', 'เจ้าของ', 'เบอร์', '0816142567', 'ม', 'เริ่ด', 'เรื่อง', 'ปลอด', 'ภัย', 'เริ่ด', 'เรื่อง', 'เจ้าของ', 'หอใจ', 'ดี', 'รัก', 'เริ่ด', 'เรื่อง', 'สวัสดิการ', 'เช่า', 'ปล', 'มากย้าย', 'เรียน', 'จบ', 'ย้าย', 'ทำ', 'งาน', 'บ้าน', 'ทัก', 'สวน', 'ตัว', 'อนุญาติ', 'ตอบ']",2
2096,"['แนะนำ', 'ร้าน', 'ตัด', 'ผม', 'หญิง', 'แถว', 'มอ', 'แถว', 'พระราม7พระราม5', 'ราคา', 'แพง', 'ดี']",2
2098,"['1330', 'น', '15', 'กพ', 'สะพาน', 'มอ', 'ร้าน', 'ข้าว', 'ไก่', 'ผม', 'ขับ', 'รถ', 'กะ', 'บะ', 'กระจก', 'รถ', 'เฉี่ยว', 'รุ่น', 'พี่', 'ผชเสื้อ', 'น้ำตาล', 'ขอโทษ', 'จังหวะ', 'เร่ง', 'สะพาน', 'รถ', 'สวน', 'ขับเบียด', 'ขอโทษ', 'พี่', 'เปล่า', 'ทักหา', 'ผม', 'ผม', 'ชดใช้', 'รักษา']",2
2099,"['สภา', 'ศึกษา', 'มจพ', 'องค์การนักศึกษา', 'มหาวิทยาลัยเทคโนโลยีพระจอมเกล้าพระนคร', 'เหนือ', 'หน้าที่', 'เหมือน', 'แตกต่าง', 'หรอ']",2
2100,"['องค์การ', 'ศึกษา', 'สภา', 'ศึกษา', 'ทำ']",2
2577,"['อนุญาต', 'หา', 'หอหลัง', 'มอ', 'ลูก', 'ชาย', 'เดิน', 'เรี', 'ยน', 'งบ', '40006000', 'แนะนำ']",2
2579,"['ขาย', 'Casio', 'fx', '991', 'ES', 'PLUS', 'ราคา', '499', 'บาท', 'นัด', 'มอ', 'แถว', 'มอ']",1
2580,"['สอบถาม', 'รายละเอียด', 'ราคา', 'คน', 'จ้าง', 'ทำ', 'online', 'practice', 'ENG', 'II', 'หา', 'พิเศษ', 'รู้', 'เรทราคา', 'ตลาด', 'Dm', 'กาซิบ', 'ขอบคุณ', 'ล่วงหน้า']",2
2582,"['วทอ', 'เทคโนโลยีวิศวกรรม', 'แมคคาทรอนิกส์', 'lab', 'เนื้อหา', 'เรียน', 'ดี', 'ไหม']",2
2583,"['สอบถาม', 'เด็ก', '66', 'สิทธิ์', 'จ่าย', 'เทอม', 'ระบบ', 'สถานะ', 'สำเร็จ', 'ทำ', 'เค้า', 'ทะเบียน', 'นศ', 'สถานะ', 'สำเร็จ', 'กรอก', 'เลข', 'ปชช', 'เว็บ', 'ทะเบียน', 'เจอ', 'ข้อมูล', 'คับบ', 'เค้า', 'คับ']",2
2584,"['ทำ', 'บัตร', 'ศึกษา', 'หาย', 'คาด', 'ลืม', 'ตอน', 'กด', 'เงิน', 'ตู้', 'ATM', 'เซเว่น', 'มอ', 'แจ้ง']",0
2585,"['ทำ', 'เงิน', 'หล่น', 'ซอย', 'ข้าวมัน', 'ไก่', 'เวลา', '1500', 'ติดต่อ']",0
2586,"['ขาย', 'สัญญา', 'หอ', 'พัก', 'Ulife', 'Prime', 'ตึก', '4', 'ชั้น', '2', 'สัญญา', '9000', 'บาท', 'หอ', 'เดือน', '5900', 'บาท', 'สัญญา', 'มิถุนายน', '2566', 'ไฟ', '8', 'น้ำ', '19', 'คีการ์ด', '2', 'ใบ', 'ตู้', 'เย็น', 'เครื่อง', 'ทำ', 'น้ำ', 'อุ่น', 'สนใจ', 'Ib']",1
2587,"['ชมรม', 'มอ', 'สมัคร', 'ไหม', 'สมัคร', 'หรอ', 'สมัคร', 'กี่', 'ชมรม', 'หรอ', 'ผม', 'ชมรมอาสา', 'เล่น', 'แบดด้วย']",2
2588,"['สอบถาม', 'ปี', '1', 'เทอม', '1', 'ทะเบียน', 'เรียน', 'หรอ']",2
2589,"['ปล่อย', 'เช่า', 'คอนโดรีเจ้น', 'ชั้น', '2', 'หน้า', 'กระทรวงสาธรณสุข', '6500', 'บาท', 'เดือน', 'กลาง', '1', 'ห้อง', 'นอน', '1', 'ห้องน้ำ', '1', 'ห้อง', 'ครัว', 'แอร์1', 'ตัว', 'เตียง', '2', 'ตู้', 'เย็น', '1', 'ตู้', 'ฟิสเนต', 'สระ', 'ว่าย', 'น้ำ', 'คอนโด', '25', 'ติวานนท์', '48', 'นนทบุรี', '11000', 'ตรงข้าม', 'บิ๊กซีติวานนท์', 'สนใจ', 'ติดต่อ', '0891161390']",1
2590,"['Demo', 'แมลงทอด', 'ธุรกิจ', 'บิน', 'ราคา', 'พิเศษ', 'ตัก', '10', 'ปกติ', '15', 'ซอยวงศ์', 'สว่าง', '11', 'สินค้า', 'จำนวน', 'จำกัด', 'ดักแด้', 'จิ้งหรีด', 'คาง', 'กุ้ง', 'เจอ', '2324', 'Art', 'Fair', 'ตึก', '8182', 'คณะวิศวกรรมศาสตร์']",2
2591,"['ขอบคุณ', 'คน', 'อุดหนุน', 'ไก่', 'ทอด', 'ชมรมวิทยุ', 'บบ', 'น้า']",2
2592,"['สนใจ', 'เรียน', 'eng', 'con', 'ซัมเมอร์บ้า', 'ง', 'ศึก', 'ษา', 'ปี', '4', 'ศึก', 'ษา', 'ตกค้าง', 'รวบรวม', 'รายชื', 'อาจาร', 'สอน', 'ซัมเมอร์']",2
2593,"['หา', 'หอ', 'พัก', 'มอ', 'เรท', '4000', 'เดือน', 'มีค']",2
2594,"['มอ', 'ไหม', 'ไหม']",2
2595,"['หา', 'หอแถวพิบูล', 'สงคราม', 'ราคา', '5000', 'แนะนำ']",2
2596,"['หา', 'ร้าน', 'เค้ก', 'หา', 'ซื้อ']",2
2598,"['หอ', 'เลี้ยง', 'แมว', 'มั้ง']",2
2599,"['สรุป', 'Match', '1', 'วิศวกรรรม', 'ตัด', 'F', 'ไหร่', 'แน่']",2
2601,"['หา', 'หอ', 'เมท', 'สอง', 'เตียง', 'มอ', 'ร้าน', 'ค้า', 'แนะนำ']",2
2602,"['Besthree', 'Rapid', 'Detection', 'ชุด', 'ตรวจ', 'หา', 'โควิด', 'Home', 'use', 'รู้', '20', 'นาที', '2', '1', 'แหย่', 'จมูก', 'น้ำลาย', 'เลข', 'ใบ', 'ประเมิน', 'เทคโนโลยี', 'อย', 'T', '6400463', 'กล่อง', '60', '฿', '1', 'กล่อง', 'ตลับ', 'ทดสอบ', 'หลอด', 'ตัวอย่าง', 'ฝาปิด', 'บัฟเฟอร์ส', 'กัด', 'แอนติเจน', 'ตัว', 'น้ำลาย', 'ท่อ', 'ตัวอย่าง', 'แนะนำ', 'สำหรับ', 'งาน', 'วิธี', 'งาน', 'copy', 'รูป', 'น้า', 'ถ่าย', 'มือ', 'เดี๋ยว', 'ตี', '2', 'กล่อง', 'ฟรีซวงศ์', 'สว่าง', '7', '11', '13', '1517', '19', 'พิบูลย์สงคราม', '22', 'วัดกำแพง', 'หมู่', 'บ้านพิบูลย์', 'พื้นที่', 'จังหวัด', '15', 'ชุด', '50', '฿', 'อพาร์ทเมนต์ศรีสันติธรรม', '2', 'ซ', '7', 'Grab']",1
2605,"['กุญแจ', 'ห้อง', 'จอด', 'วิน', 'มอเตอร์ไซค์', 'มอ', 'ทำ', 'หาย', 'ทัก', 'แชท']",0
2606,"['บัตร', 'atm', 'ลืม', 'ตู้', 'atm', 'เซเว่น', 'มอค่า']",0
2607,"['พี่', 'cpre', 'คน', 'รอบรับ', 'สอบ', 'ข้อ', 'ไหม', 'รู้', 'แนว', 'ข้อ', 'สอบ', 'อะ']",2
2608,"['คน', 'ทำ', 'กุญแจ', 'ตก', 'เวที', 'สวน', 'ปาล์ม', 'ชมรม', 'ถ่ายภาพ', 'ตึก', '40', 'ชั้น', '6', 'ทัก', 'เฟส']",0
2609,"['หาroom', 'mate', 'สาขา', 'คณิตศาสตร์', 'เชิง', 'วิทยา', 'คอมพิวเตอร์']",2
2611,"['หา', 'บ้านเช่า', 'มอ']",2
2612,"['หา', 'บ้าน', 'เช่า', 'ระแวก', 'มอ']",2
2613,"['หา', 'ทีม', 'valo', 'freshy', 'วทอ', '2', 'คน', 'rank', 'im']",2
2614,"['พี่', 'คน', 'หออรอนงค์การ์เด้น', 'รบกวน', 'รี', 'วิว', 'ฟัง', 'ขอบคุณ']",2
2615,"['รบกวน', 'จบ', 'ปวสธุรกิจ', 'ดิจิทัล', 'เทียบ', 'โอน', 'คณะ', 'สาขา']",2
2617,"['มอ', 'หนือ', 'บริเวณ', 'มอมี', 'บ้าน', 'เช่า', 'แนะนำ', 'คน']",2
2620,"['อนุญาต', 'สอบถาม', 'หา', 'ห้อง', 'เช่า', 'วิว', 'ฝาก', 'คอมเม้', 'ขอบคุณ']",2
2621,"['หา', 'งบ', '50007000', 'บาท']",2
2622,"['ขาย', 'สภาพ', 'ดี', '200', 'บาท']",1
2627,"['เจอ', 'กุญแจ', 'พวง', 'สี', 'ส้ม', 'WIERD', 'หาย', 'แถว', 'สวน', 'ปาล์ม', 'ห้อง', 'พยาบาล', 'เจอ', 'รบกวน', 'ติดต่อ']",0
2629,"['หา', 'หอ', '2', 'ห้อง', '2500', '4000', 'กลาง', 'เดือน', 'พฤษภาคม', 'มิถุนายน']",2
2630,"['อนุญาต', 'สอบถาม', 'มอมี', 'ชมรมเต้น', 'cover', 'ไหม', 'สนใจ', 'ขอบคุณ']",2
2631,"['หา', 'คน', 'ทีม', 'Rov', 'ตำแหน่ง', 'โรม', 'ป่า', 'คุณสมบัติ', 'ปี', '1', 'คอน', 'สนิท', 'สนใจ', 'กด', 'หัวใจ', 'โพส', 'เดี๋ยว', 'ทัก']",2
2632,"['เรื่อง', 'สอบถาม', 'เรียน', 'วทอ', 'เทียบโอน', 'โอกาศ', 'ฝึก', 'งาน', 'ประเทศ', 'มอบ้าง', 'ปล', 'ขอบคุณ', 'สำหรับ', 'ข้อมูล', 'ล่วงหน้า']",2
2633,"['สัญญา', 'หอ', 'โกลฟ', 'ประกัน', 'ห้อง', '15000', 'ล่วงหน้า', '1', 'เดือน', 'ห้อง', 'เดือน', '7500', 'สนใจ', 'ทัก', 'ถาม', 'รายละเอียด', 'งับ', 'ลอง', 'งับ', 'สัญญา', 'มิถุนา', 'พอใจ', 'สัญญา', 'พอใจ', 'สัญญา', 'เงิน', 'ประกัน', 'คืน', '15000', 'งับ', 'บ']",1
2634,"['ห้อง', 'แอร์ราคา', 'เริ่มต้น', '3000', '3500', '3800', '4000', '4200', 'บาท', 'ราคา', 'ขนาด', 'ห้อง', 'ห้อง', 'พัดลม', 'ราคา', '2000', '2700', '3400', 'บาท', 'ราคา', 'ขนาด', 'ห้อง', 'สถานที่', 'หอ', 'พัก', 'สะพาน', 'ข้าม', 'คลอง', 'วัดน้อย', 'สนใจ', 'ชม', 'ห้อง', 'ติดต่อ', '0641753954']",1
2636,"['หอ', 'พัก', 'สุภาพแมนชั่น', '7', 'เดิน', 'ทะลุ', 'ซอยวงศ์สว่าง', '11', 'มจพ', 'มหาวิทยาลัยพระจอมเกล้าพระนครเหนือ', '500', '600', 'เมตร']",1
3175,"['หาติวเตอร์', 'สอน', 'ฟิสิกส์', 'เตรียม', 'วิศวะ', 'ปวช', 'ปี', '2', 'EP']",2
3176,"['กระเป๋า', 'ตัง', 'แท่นงาม', 'ทดสอบ', 'อังกฤษ', 'เสาร์', 'กระเป๋า', 'ตัง', 'ชั้น', '10', 'ศูนย์', 'นานา', 'ชาติ', 'ตึก', 'อเนกประสงค์', 'พี่', 'คุม', 'สอบ', 'แจ้ง']",0
3177,"['ถาม', 'ผม', 'ปี', '1', 'มจพ', 'กู้', 'กู้', 'เทอม', '1', 'สำรอง', 'จ่าย', 'จ่าย', 'สมัคร', 'เงิน', 'สำรอง', 'คืน', 'รึป่าว']",2
3179,"['อนุญาต', 'เซ็นเซอร์', 'แผล', 'แผล', 'เจอ', 'น้อง', 'ซอยอะมีโก้', 'รู้', 'รู้', 'แมว', 'น้อง', 'แผล', 'ตัว', 'ใจดี', 'เจอ', 'น้องอยาก', 'รักษา', 'ดูแล', 'น้อง', 'แอบ', 'ซอก', 'รถ', 'มอไซ', 'ตะกร้า', 'ใส่', 'แมว', 'เงิน', 'รักษา', 'คน', 'ใจดี', 'น้องไป', 'รักษา', 'ขอบคุณ', 'ล่วงหน้า']",2
3180,"['หา', 'หอพัก', 'แถว', 'มอ', 'เลี้ยง', 'แมว', 'ห้อง']",2
3182,"['หาหอ', '6000', 'คน', 'เฟอร์ครบ']",2
3183,"['หา', 'หอใกล้ม', 'คน', 'ราคา', '30004500']",2
3184,"['หนังสั้น', 'MUSIC', 'AWARD', 'รัก', 'งาน', 'วัด', 'หนัง', 'เรื่อง', 'ถ่าย', 'ทำ', 'โปรโมท', 'งาน', 'MUSIC', 'AWARD', 'ชมรมดนตรี', 'สากล', 'X', 'ประดู่แดง', 'แบนด์', 'X', 'KMUTNB', 'เชิญ', 'พี่', 'น้อง', 'มจพ', 'คน', 'วัย', 'กิจกรรม', 'งาน', 'MUSIC', 'AWARD', '24', '89', '16', 'กุมภาพันธ์', 'งาน', 'ตลาด', 'กิน', 'เสียง', 'ดนตรี', 'สวนปาล์ม', 'หน้าตึก', '40', 'มหาวิทยาลัยเทคโนโลยีพระจอมเกล้าพระนครเหนือ', 'อย่า', 'พลาด', 'วัย', 'รุ่น', 'นนนน']",2
3185,"['แนะนำ', 'ร้าน', 'ทำ', 'ฟัน']",2
3186,"['เสาร์', 'อาทิตย์', 'ทำ', 'บัตร', 'ศึกษา', 'ไหม', 'เช็ค', 'บัตร', 'ตี', '2', 'เสาร์', 'สอบ', '30', 'หา', 'บัตร', 'เจอ']",2
3187,"['ฟิตเนต', 'มอตอน', 'เสาร์', 'อาทิตย์', 'กี่', 'โมง', 'ดี่โมง', 'หรอ']",2
3188,"['ขาย', 'สัญญา', 'เจ้าของ', 'ห้อง', 'ขาย', 'หอ', 'พักปิ่นสุข', 'หอ', 'มจพวงศ์วว่าง', '11', 'ซอยหลัง', 'วิน', 'มอเตอร์ไซค์', 'มอ', 'ซอย', 'ร้านเครปป้าสุ', 'นัด', 'ดู', 'ห้อง', 'อำนวย', 'สะดวก', 'เตียง', '5', 'ฟุตฟูก', 'ตู้', 'เสื้อผ้า', 'โต๊ะ', 'ทำ', 'งาน', 'เก้าอี้', '2', 'ตัว', 'แอร์', 'ฟรี', 'ไวฟาย', 'ประตู', 'มอ', 'เดิน', '1', 'นาที', 'ใกล้เซเว่น', 'กิน', 'กิน', 'ร้าน', 'สะดวก', 'ซัก', 'เงียบ', 'สงบ', '2000', 'คน', 'ห้อง', 'ริม', 'ระเบียง', 'ร้อน', 'ขาย', 'สัญญา', '11000', 'โอน', '10000', 'ถ้วน', 'สัญญา', '1', 'กค', '66', 'ห้อง', 'เดือน', '4000', 'ไฟ', '8', 'น้ำ', '18', 'I', 'Dtungpsk', 'โทร', '0928104082']",1
3189,"['ปล่อย', 'บัตร', 'คณะขวัญใจ', '3', 'ใบ', '400']",1
3190,"['หาติวเตอร์', 'สอบ', 'ปี', '1', 'คณิต', 'อังกฤษ']",2
3191,"['ขาย', 'ขาย', 'fx', '350', 'EX', 'ราคา', '500', 'บาท']",1
3192,"['มย้อม', 'ผม', 'ไหม', 'จี๊ด', 'ทำ', 'ชุด', 'นศ', 'ล่าง', 'ดำ', 'ขาว', 'กระโปรง', 'เสื้อ', 'ไหม']",2
3194,"['ใบ', 'Transcript', 'ภาษา', 'อังกฤษ', 'เว็ป', 'ไหม']",2
3195,"['ทำ', 'บัตร', 'ศึกษา', 'หล่น', 'เจอ', 'แถว', 'ตึกวทอ', 'ใบ', 'ขับขี่', 'บัตร', 'กด', 'เงิน', 'ทัก', 'ติดต่อ', 'รับคืน']",0
3196,"['หา', 'ติวเตอร์', 'ติว', 'สอบ', 'ปี', '1', 'ฟิสิก', 'เคมี']",2
3197,"['มอ', 'ร้าน', 'ขาย', 'เครื่อง', 'ขาย', 'กระดาษ', 'แกรม', 'กระดาษ', '100', 'ปอนด์']",2
3198,"['เพื่อน', 'ฝาก', 'หา', 'รูมเมทค่า', 'เพื่อน', 'หญิง', 'โฮม', 'บางซ่อน', 'เฟส', '27', 'ติด', 'mrt', 'ซ่อน', 'รถ', 'เมล์', 'สาย', '97', 'ม', 'ฟิตเนส', 'สระ', 'ว่าย', 'น้ำ', 'ห้อง', 'หาร', 'เดือน', '3250', 'คน', 'น้ำ', 'ไฟ', 'เน็ต', 'ย้าย', 'กุม', 'ภา', 'ติดต่อ', 'เพื่อน', '40540', 'Tel', '0932435577']",2
3199,"['ขาย', 'ขาย', 'เราเตอร์', 'WiFi', 'redmi', 'ac', '2100', 'สาย', 'แลน', '490', '฿', 'นัด', 'มอ']",1
3200,"['เรียน', 'ครุศาสตร์', 'วิศวกรรม', 'ไฟฟ้า', 'เทียบ', 'โอน', '3', 'ปี', 'แนะนำ', 'สาขา', 'หลักสูตร', 'โฟลว์', 'เรียน', 'ดู', 'ขอบคุณ']",2
3201,"['แถว', 'ร้าน', 'ล้าง', 'รถ', 'มอเตอร์ไซ']",2
3202,"['ขอโทษ', 'หอสุนทรีย์', 'วาน', 'หยิบพัสดุ', 'ไหม']",2
3203,"['สอบถาม', 'พี่', 'PNTR', 'Pnet', 'PE2', 'R', 'เรียน', 'แตกต่าง', 'สังคม', 'จบ', 'งาน', 'รองรับ', 'รี', 'วิว']",2
3204,"['กีฬา', 'บาสมหาลัย', 'ไหม', 'ศึกษา', 'โควต้า', 'กีฬา']",2
3205,"['พวงกุญแจ', 'KMUTNB', 'สวย', 'ดี', 'ทน', 'คน', 'ร้อง', 'ว้าววว', 'โปรพิเศษ', 'แจก', 'พี่', 'แจกน้อง', 'ถูกใจ', 'แน่นอน', '3', 'Set', 'เลือก', 'Set', '30', 'บาท', 'นัด', 'ซอยวงศ์', 'สว่าง', '11', 'จรัญ', '962']",1
3206,"['หา', 'สัญญา', 'Condo', 'Regent', 'Aspire', 'The', 'Tree']",2
3207,"['ทำ', 'เงิน', 'หล่น', 'จอด', 'รถ', 'แถว', 'ตึก', 'วิศวะ', 'ทัก', 'จำนวน', 'เงิน', 'เวลา', '7', 'บริจาค']",0
3209,"['โต๊ะดราฟ', '4700', 'ไฟ', '2', 'ดวง', 'Tslide']",2
3210,"['ปล่อย', 'ดัมเบล', 'ปล่อย', 'รองเท้า', 'บาส', 'Peak', 'สี', 'แดง', 'EU40', 'ปล่อย', '1000', 'แถม', 'น้องสนู้', 'ปปี้', 'x', 'van', 'สี', 'ดำ', 'เหลือง', '1', 'คู่', 'น้องไซซ์', '255', '245', 'เซน', 'รอง', 'ราคา', 'หนู', 'ย้าย', 'หอ', 'เต็ม', '1', 'คัน', 'รถ', 'สงสาร', 'รูม', 'เมทงับ']",1
3211,"['หา', 'คน', 'ติว', 'fluid', 'staticmechanics', 'machinerymechanics', 'materials', 'วทอ', 'บ']",2
3212,"['ขาย', 'โต๊ะดราฟ', 'A0', 'ไฟ', 'ติด', 'ดวง', 'Tslide', '4000', 'แถม', 'ฟรี', 'อุปกรณ์']",1
3213,"['สาขา', 'เรียน', 'สังคม', 'รี', 'วิว']",2
3214,"['ขาย', 'โต๊ะดราฟ', '0', '4500', 'ไฟ', '3', 'ดวง', 'เก้าอี้', '1', 'ตัว']",1
3215,"['สอบถาม', 'ผม', 'ทะเบียน', 'สอบ', 'ภาษา', 'อังกฤษ', 'ม', 'เช็ค', 'รอบ', 'เจอ', 'ผม']",2
3216,"['ปล่อย', 'เครื่อง', 'คิดเลข', 'ไหม']",2
3217,"['หนังสือ', 'eng', 'work', 'เล่ม']",2
3218,"['หนู', 'สอบถาม', 'เกี่ยว', 'สมัคร', 'รอบ', '2', 'โควต้า', 'เรื่อง', 'เอกสาร', 'เตรียม', 'สัมภาษณ์', 'เพื่อน', 'คน', 'สมัคร', 'อนุญาต', 'สอบถาม']",2
3219,"['แอพ', 'Macmillan', 'กรณี', 'จำรหัส', 'อีเมล', 'ทำ']",2
3220,"['เจอ', 'กระเป๋า', 'ตัง', 'ลืม', 'ห้องน้ำ', 'ชาย', 'โรง', 'อาหาร', 'ตอน', 'ฝาก', 'กระเป๋า', 'ตัง', 'กอง', 'กลาง']",0
3221,"['เรียน', 'ตะไบ', 'เทอม', 'ใช้จ่าย', 'ไหร่', 'หรอ']",2
3223,"['ดิชินนารี่', 'ยืม', 'สอบบเค่', '1', 'ซื้อ', 'TT']",2
3224,"['หา', 'หอราคา', '3000', 'คน', 'เดิน', 'ม']",2
3225,"['ลืม', 'บัตร', 'ศึกษา', 'โรง', 'อาหาร', 'ตึก', '96', 'พี่ร้าน', 'น้ำ', 'ปั่น']",0
3226,"['พี่', 'สถาปัตย์', 'รีวิว', 'เรียน', 'สอน', 'คณะ', 'ไหม']",2
3227,"['หา', 'หอ', 'ซิงค์', 'ล้าง', 'จาน', 'แนะนำ']",2
3228,"['รีวิว', 'คณะวิศวกรรมศาสตร์', 'โลจิสติกส์', 'LE', 'พี่', 'ผม', 'น้อง', '66', 'เข้ามจพ']",2
3230,"['ทำ', 'เรื่อง', 'มี่', '26', 'ทำไง']",2
3231,"['หา', 'คน', 'ขาย', 'ปากกา', 'apple', 'pencil', '1', 'มือ', 'สอง', 'ค้าบ']",2
3233,"['ลืม', 'ห้อง', 'พยาบาล', 'ตึก', '40']",0
3234,"['ทำ', 'บัตร', 'หาย', 'ติดต่อ', 'หา', 'ผม', 'ตก', 'หน้า', 'หอ', 'ตาหมอ', 'ยายยุ้ย']",0
3235,"['ขาย', 'สัญญา', 'หอพักบ้านวงศ์', 'สว่าง', 'มัดจำ', '4500', '5800', 'เช่า', '2800', 'บ', 'เดือน', 'ห้อง', 'แอร์', 'ตู้', 'เสื้อผ้า', 'โต๊ะ', 'กระจก', 'ชั้น', '6', 'น้ำ', '17', 'ไฟ', '7', 'วงศ์สว่าง', 'ซอย', '7', 'ห่าง', 'มอ', '500', 'เมตร', 'สัญญา', 'เดือน', 'มิถุนายน', '2566']",1
3236,"['หา', 'เครื่อง', 'คิดเลข', 'วิทยาศาสตร์', 'มอ', 'ขาย', 'ไหม']",1
3237,"['แปลก', 'ดี', 'หมาซอย', '11', 'กลัว', 'รถ', 'คน', 'กลัว', 'รถ', 'คน', 'เหล็ก']",2
3238,"['เชิญชาว', 'มจพ', 'สร้าง', 'ตลาด', 'นัด', 'ศึกษา', 'งาน', 'ดนตรี', 'สร้าง', 'บรรยากาศ', 'กิน', 'ช็อป', 'ฟัง', 'ดนตรี', 'สด', 'งาน', 'KMUTNB', 'MUSIC', 'AWARD', '24', 'กิน', 'เสื้อผ้า', 'สนใจ', 'วาง', 'จำหน่าย', 'ติดต่อ', 'รายละเอียด', 'ประกาศ', 'งาน', 'ศึกษา', 'มจพ', 'ฝาก', 'ร้าน', '—', '—', '—', '—', '—', '—', '—', '—', '—', '—', '—', '—', '—', '—', '—', '—', '—', '—', '—', '—', '—', '—', '—', '—', '—', '—', 'ติดต่อ', 'ทะเบียน', 'ขอบคุณ']",2
3239,"['ไม้', 'แบตมือ', '1', '1300', 'บาท', 'ซอง', 'ใส่', 'สนใจ', 'inbox', 'นัด', 'มหาลัย', 'ปล', 'ตา', 'ราง', 'เรียน', 'เหนื่อยใจ', 'ตา', 'ราง', 'สอบ', 'เหนื่อย', 'กาย', 'กำลังใจ', 'คน', 'สอบ']",1
3240,"['ผม', 'สมัคร', 'ข้อ', 'วิศวะ', 'คอม', 'เตรียม', 'ตัว', 'เนื้อหา', 'หลัก', 'สอบ', 'วิชา', 'เรื่อง']",2
3241,"['ติว', 'แมท', '1']",2
3242,"['รบกวน', 'พี่', 'หล่อ', 'สวย', 'รี', 'วิว', 'สาม', 'สาขา', 'ผม', 'ขอบคุณ']",2
3243,"['ปล่อยเครื่', 'อง', 'คิดเลข', 'คับ']",2
3245,"['สอน', 'ติว', 'Thermo', '2', 'ไหม']",2
3246,"['ทราบ', 'เรื่อง', 'ลากิจ', 'มหาลัย', 'ลา', 'ธุระ', 'บ้าน', 'สอบ', 'สัปดาห์', 'สอบถาม', 'ขอบคุณ']",2
3247,"['สอบ', 'ป้องกัน', 'วิทยานิพนธ์', '120', 'ไหม', 'ปฏิทิน', 'ศึกษา', 'ร่น', 'เวลา', 'ทำ', 'จบ', 'เทอม', 'สุดท้าย', 'รีไทร์', 'โทร', 'ถาม', 'สำนักงาน', 'คน', 'สาย']",2
3249,"['สอบถาม', 'รุ่น', 'พี่', 'สอง', 'สาขา', 'แตกต่าง', 'หรอ', '03322', 'MDET', 'D', '2', 'R', '03422', 'MDET', 'D', '2', 'R']",2
3250,"['ถาม', 'ผม', 'สมัคร', 'เวลา', 'ทำ', 'เกรด', 'รูป', 'เล่ม', 'โปรเจค']",2
3251,"['ตอน', 'หอ', 'ห้อง', 'ว่าง', '“', 'บ้านสราญสุข', '”', 'ตอน', 'หอ', 'เช่า', 'ห้อง', 'สนใจ', 'ติดต่อ', 'เดินทาง', 'สะดวก', 'ประตู', 'มอม', 'จพ', 'เดิน', 'หอ', 'พัก', 'ระบบ', 'ปลอด', 'ภัย', 'หอ', 'KEY', 'CARD', 'ตอน', 'เช้า', 'แม่บ้าน', 'รักษา', 'ปลอด', 'ภัย', 'ตอน', 'กลาง', 'คืน', 'ยาม', 'รักษา', 'ปลอด', 'ภัย', 'หน้า', 'หอ', 'กล้อง', 'วงจรปิด', 'ชั้น', 'เครื่อง', 'ซัก', 'ผ้า', 'ชั้น', 'ตู้', 'อบ', 'ผ้า', 'ชั้น', '1', 'หอ', 'พัก', 'ร้าน', 'อาหาร', 'ร้าน', 'ทำ', 'ผม', 'คาเฟ่', 'สะดวกสบาย', '711', 'รายละเอียด', 'ห้อง', 'พัก', 'ห้อง', 'พัก', 'ขนาด', '24', 'ตรม', 'เฟอร์นิเจอร์', 'โต๊ะ', 'เก้าอี้', 'ทำ', 'งาน', 'ตู้', 'เสื้อผ้า', 'แอร์', 'น้ำ', 'อุ่น', 'ทีวี', 'ตู้', 'เย็น', 'ราว', 'ตาก', 'ผ้า', 'ซิงค์', 'ล้าจาน', 'เร้าเตอร์', 'wifi', 'ตัว', 'ห้อง', 'ห้อง', 'พัก', 'ห้อง', 'ราคา', '5500', 'บาท', 'สนใจ', 'ติดต่อ', 'โทร', '0875478997', 'ป้าพร']",1
3252,"['สำหรับ', 'คน', 'หา', 'ห้อง', 'ราคา', 'ประหยัด', 'แอร์', 'อินเตอร์เน็ต', 'แรง', 'ฟรี', 'เช่า', '3500', 'บาท', 'น้ำ', 'จ่าย', 'ไฟ', '8', 'บาท', 'หน่วย', 'บ้านสะอาด', 'ปลอด', 'ภัย', 'คน', 'บ้าน', 'วุ่นวาย', 'สนใจ', 'ติดต่อ', '0925849171', 'facebook', 'เดิน', 'หมู่', 'บ้าน']",1
3253,"['แถว', 'มอ', 'ร้าน', 'รับเปลี่ยน', 'ถ่ายน', 'ตอร์ไซต์']",2
3254,"['สอบถาม', 'วิชา', 'แบดมินตัน', 'เกรด', 'อาจารย์', 'เกรด', 'ดี', 'ไหม']",2
3255,"['สอบถาม', 'แจ้ง', 'จำนง', 'จบ', 'เอกสาร', 'เล่ม', 'วิทยานิพนธ์', 'ไหม', 'ปฏิทิน', 'ศึกษา', 'ย่น', 'เวลา', '2', 'วีค', 'ทำ', 'แพลน', 'สอบ', 'เล่ม', 'สุดท้าย', 'แจ้ง', 'จำนง']",2
3256,"['แนะนำ', 'คลินิก', 'ฟัน', 'เลี้ยง', 'ไข้']",2
3257,"['เล่ม', '60', 'บาท']",1
3258,"['คน', 'ลืม', 'Airpod', 'หน้า', 'ห้อง', 'สมุด', 'ผม', 'ฝาก', 'พี่', 'ประชาสัมพันธ์']",0
3259,"['เรียน', 'ไหม', 'ติดต่อ', 'อาจารย์', 'email', 'line', 'เบอร์', 'อาจารย์', 'ไหม']",2
3260,"['รบกวน', 'สอบถาม', 'เรียน', 'ตอน', 'เรียน', 'ติดต่อ', 'ช่องทาง', 'ติดต่อ', 'email', 'line', 'เบอร์', 'อาจารย์']",2
3261,"['ปล่อย', 'หนังสือ', 'Eng', 'conver', '150', '฿', 'งับบ', 'ปากกา', 'บท', '8']",1
3262,"['รบกวน', 'พี่', 'เรียน', 'ASB', 'รี', 'วิว', 'วิชา', 'เรียน', 'คั้บ', 'บบ', 'แอบ', 'สรุป', 'น้องม', '6', 'คน', 'อ่าน']",2
3263,"['แนะนำ', 'หอ', 'พัก', 'มจพระ', 'ยองที']",2
3264,"['หา', 'เสื้อ', 'พละไซส์', 'M', 'มือ', 'สอง', 'เม้น', 'เดี๋ยว', 'ทัก']",2
3265,"['บัตร', 'ปชช', 'ชื่อ', 'บัตร', 'ทักเฟส']",2
3266,"['ทำ', 'บัตร', 'atm', 'ตก', 'สนาม', 'ฟุตบอล', 'หญ้าเทียม', 'มอป่าว']",0
3267,"['ขาย', 'สัญญา', 'S9', 'Residence', 'ชั้น', '9', 'ห้อง', '6900', 'ต้น', 'เดือน', 'กุมภาพันธ์', 'สนใจสอบถาม']",1
3268,"['แนว', 'ข้อ', 'สอบ', 'รอบ', 'สอบตรง', 'สำหรับ', 'ปวส', 'รู้', 'ข้อ', 'สอบ', 'แนว', 'เรื่อง', 'วิชา', 'สามัญ']",2
3269,"['คน', 'ลืม', 'ศาลยีราฟ', 'ฝาก', 'ร้าน', 'ถ่าย', 'เอกสาร', 'ริม', 'น้ำ']",0
3270,"['พี่', 'คน', 'รอบ', '2', 'สอบ', 'ข้อ', 'แนะนำ', 'สอบ', 'คณิต', 'อังกฤษ', 'Bms', 'คับ']",2
3271,"['รบกวน', 'แนวทาง', 'สอบ', 'ข้อ', 'รอบ', '2', 'พี่', 'คณะพัฒนา', 'ธุรกิจ', 'อุตสาหกรรม', 'Bms', 'พี่', 'คน', 'แนว', 'ข้อ', 'สอบ', 'รบกวน', 'เม้น', 'ปรึกษา', 'สอบถาม', 'แนวทาง', 'สอบ', 'วิชา', 'คณิต', 'อังกฤษ']",2
